cod_pedido;cod_cliente;cod_produto;qtd;preco_unit;valor_total;data_pedido;forma_pagamento;cidade_entrega;uf_entrega;situacao;origem
1b27a96e-27ea-beff-ec4e-182a8446c93b;CUST_43585;PROD_1016;15;2718.59;40778.85;2023-06-20;debit_card;Freitas;SP;delivered;parceiro_b
f077beaa-c6a4-15ed-c188-965514a02ff1;CUST_33751;PROD_1614;15;1496.43;22446.45;2023-06-10;credit_card;Sales;CE;cancelled;parceiro_b
7bcd3501-1618-4b5c-4226-21e767ee5fd2;CUST_17021;PROD_3018;17;1149.18;19536.06;2023-06-18;boleto;da Conceição;RJ;shipped;parceiro_b
0c4b1032-b3f4-80d2-d14b-3bfc3908000e;CUST_35367;PROD_1725;8;781.09;6248.72;2023-06-13;pix;Dias da Praia;MS;delivered;parceiro_a
0161306f-a60a-0b0f-79d9-a1618e657b25;CUST_20952;PROD_4400;7;4081.06;28567.42;2023-06-27;boleto;Câmara de Sampaio;RJ;delivered;parceiro_a
30c7cc28-c722-f3d2-816c-b8eacac9ead3;CUST_31381;PROD_3354;15;674.9;10123.5;2023-06-01;boleto;Camargo;MG;shipped;parceiro_a
bd93f9c8-c22a-9b21-e4bd-2ae9803b2381;CUST_49914;PROD_3087;14;1444.04;20216.56;2023-06-18;debit_card;Sampaio do Galho;RJ;delivered;parceiro_b
4e0f384b-834f-8805-44b0-15b861f914cd;CUST_45936;PROD_1998;2;17.49;34.98;2023-06-27;pix;Pimenta;DF;delivered;parceiro_a
f48ffbd6-da50-eac1-ad7c-efac6ebd9464;CUST_19153;PROD_0779;19;2172.46;41276.74;2023-06-11;pix;Souza da Serra;RS;delivered;parceiro_c
bae6756b-6ff8-7723-611f-02e0095184eb;CUST_21921;PROD_4880;20;3742.48;74849.6;2023-06-24;pix;Casa Grande Alegre;SP;delivered;parceiro_c
cec54bb1-7646-99b4-acb7-61e9563dce4d;CUST_25698;PROD_3432;9;2043.53;18391.77;2023-06-17;credit_card;Cavalcante;PE;delivered;parceiro_c
53f4698a-2b37-52a0-5339-252ae35f083a;CUST_26700;PROD_3448;5;1528.94;7644.7;2023-06-10;credit_card;Martins do Oeste;DF;delivered;parceiro_a
38e74cec-ce89-7302-49db-9d4bb9c4d838;CUST_23162;PROD_4298;12;3423.07;41076.84;2023-06-09;pix;Pires;SP;delivered;parceiro_a
491e718d-865c-15ab-d7a3-de4a28e17e15;CUST_40839;PROD_4093;9;2239.29;20153.61;2023-06-14;debit_card;Martins Paulista;MG;delivered;parceiro_c
b8a711f1-ef1a-b233-5423-832a3c25bddf;CUST_38941;PROD_4683;3;1241.64;3724.92;2023-06-27;credit_card;Costela Verde;RJ;delivered;parceiro_c
435366b3-399c-779d-85fd-e7a914353ff1;CUST_31545;PROD_0342;12;4831.48;57977.76;2023-06-18;credit_card;da Costa Alegre;AM;delivered;parceiro_a
6e8be19d-7fc8-774c-433b-5ce985afd8cd;CUST_18682;PROD_2618;14;2868.4;40157.6;2023-06-17;debit_card;da Conceição;RS;delivered;parceiro_b
cdeecd18-cb45-ea16-b322-c18164a01611;CUST_18001;PROD_3291;2;2265.84;4531.68;2023-06-21;pix;Mendonça;RJ;delivered;parceiro_a
4c51d7e0-8357-d084-137d-d66b4a870d56;CUST_32090;PROD_3209;8;883.52;7068.16;2023-06-20;pix;da Paz;MT;delivered;parceiro_b
6df599c9-af9c-7366-9e71-f380fa2e568b;CUST_05155;PROD_4850;9;3926.72;35340.48;2023-06-16;credit_card;da Rocha de Minas;SP;delivered;parceiro_b
db7f1a9f-3a6b-6bfe-b16b-cfbe45f61956;CUST_45636;PROD_1951;13;3161.52;41099.76;2023-06-06;credit_card;Sales de Camargo;CE;delivered;parceiro_a
7450a90d-856e-78cd-56ef-bda6e2f18995;CUST_36965;PROD_3014;7;559.27;3914.89;2023-06-29;boleto;Borges do Sul;RO;delivered;parceiro_a
36a2987a-ee11-d429-20eb-25430c4031f4;CUST_27575;PROD_1496;10;2369.17;23691.7;2023-06-09;credit_card;Farias Alegre;RJ;delivered;parceiro_a
b35b4453-0ef4-c5aa-047f-8a93aa9b92f8;CUST_37534;PROD_3427;7;862.35;6036.45;2023-06-11;boleto;Gonçalves das Pedras;MT;delivered;parceiro_a
256df8dd-10fc-051f-ca4d-048a9d2c5682;CUST_35660;PROD_0349;16;4336.26;69380.16;2023-06-11;pix;Aparecida do Galho;ES;delivered;parceiro_a
5d708e6e-3159-5ccf-59fa-545ac0a3e6b9;CUST_24374;PROD_2320;19;3308.49;62861.31;2023-06-03;pix;Jesus do Sul;RJ;delivered;parceiro_b
b396881f-9890-3ac1-78ca-0707f276e9b7;CUST_28398;PROD_2002;8;753.26;6026.08;2023-06-27;debit_card;Castro;PA;delivered;parceiro_b
81245ade-7fca-1cdb-4afa-8db0bb9dce37;CUST_30916;PROD_2125;4;3174.3;12697.2;2023-06-13;credit_card;Oliveira;RS;delivered;parceiro_b
00b42d0d-f53d-d4b1-ca4c-e00b6f587754;CUST_42843;PROD_0834;8;1210.16;9681.28;2023-06-25;credit_card;Albuquerque;MG;pending;parceiro_c
255cf835-477f-ae57-f90a-ede8ab6e5b81;CUST_21148;PROD_4082;10;1645.55;16455.5;2023-06-22;pix;Aparecida;PB;pending;parceiro_c
ecbf8faf-670e-1ea3-2c39-b5d37007b535;CUST_18404;PROD_4579;16;972.35;15557.6;2023-06-14;debit_card;Guerra;CE;delivered;parceiro_c
200979f3-3f5f-ad63-8a5a-e928d94d7faf;CUST_44862;PROD_1042;19;1907.3;36238.7;2023-06-03;debit_card;Cardoso;AM;delivered;parceiro_a
d57161b9-a660-7416-8e67-d6bc7ca3f985;CUST_07565;PROD_0776;2;4858.27;9716.54;2023-06-16;pix;Novais de Rezende;RJ;delivered;parceiro_c
ff173100-66ba-f5ee-8d99-f3db2704d412;CUST_07858;PROD_2419;11;1868.1;20549.1;2023-06-26;pix;Novaes;MG;delivered;parceiro_b
012fadbe-099d-8906-239e-89ddab587c8f;CUST_09276;PROD_2376;16;2871.49;45943.84;2023-06-23;credit_card;Rios Grande;BA;shipped;parceiro_c
6d14e0ff-694e-5d27-c22b-31cf41570813;CUST_35195;PROD_3656;7;3119.61;21837.27;2023-06-30;pix;Almeida do Campo;PR;delivered;parceiro_c
e459a0a6-ebc0-ea45-c038-1bfec8b8325b;CUST_25282;PROD_3123;14;2444.8;34227.2;2023-06-18;boleto;Novaes Grande;RJ;delivered;parceiro_c
de0c59d8-ce78-ca67-681a-56571d661aea;CUST_31795;PROD_2132;14;3181.14;44535.96;2023-06-14;pix;Pastor;SC;delivered;parceiro_b
043600e5-66dd-274a-3b87-d4afcc06c9a0;CUST_44055;PROD_0530;7;4300.61;30104.27;2023-06-28;pix;Sá;BA;delivered;parceiro_b
e94412e0-c9b7-a4d9-a036-81dc2f4af6ca;CUST_15095;PROD_3572;11;2139.07;23529.77;2023-06-06;debit_card;Cunha;MG;cancelled;parceiro_a
c6a82653-d739-1b1d-e51b-cec7776dfb23;CUST_30364;PROD_0687;18;4755.78;85604.04;2023-06-03;debit_card;Novaes da Mata;SP;delivered;parceiro_b
c2cf70e7-7d60-99a7-9f3b-a977f1a60480;CUST_04237;PROD_3833;19;771.64;14661.16;2023-06-11;credit_card;Farias de Souza;RJ;delivered;parceiro_c
f6579d17-2b72-4581-cc14-7f9ff2045f85;CUST_03005;PROD_1828;14;3184.39;44581.46;2023-06-30;credit_card;da Conceição;SP;delivered;parceiro_b
2296a8ff-7878-4a19-5ec4-6763283dd604;CUST_34489;PROD_0713;12;694.87;8338.44;2023-06-15;credit_card;Freitas;DF;delivered;parceiro_a
f7882210-6611-3419-45bb-cbef6150cefb;CUST_17855;PROD_1559;6;3041.72;18250.32;2023-06-23;pix;Campos da Mata;MG;pending;parceiro_a
59fd87c3-103e-59ce-d4d4-557533bed206;CUST_42347;PROD_2131;18;2330.23;41944.14;2023-06-04;credit_card;Moraes da Mata;GO;delivered;parceiro_c
aa3156c1-3434-ca72-4c46-0f831e54aea0;CUST_05590;PROD_1581;6;4370.53;26223.18;2023-06-16;credit_card;Aragão de da Rosa;MA;delivered;parceiro_c
aa40fed5-7703-4628-b1af-9688fb8c5ed6;CUST_11448;PROD_2767;16;3303.15;52850.4;2023-06-19;pix;Pinto;MG;delivered;parceiro_c
f0ecc136-eb54-558b-9f26-8b1dff27eb79;CUST_14759;PROD_4341;10;1995.07;19950.7;2023-06-12;credit_card;Borges das Flores;RS;cancelled;parceiro_a
49469d16-1fe0-6255-3a48-e9b9dbe7b5ae;CUST_18100;PROD_1190;16;1333.86;21341.76;2023-06-26;boleto;da Conceição;PB;pending;parceiro_b
47314099-91d5-bce5-9ae8-59db048c8b1e;CUST_14664;PROD_0215;18;1583.67;28506.06;2023-06-07;debit_card;Casa Grande;RJ;delivered;parceiro_c
a285bb3c-6e9f-e77a-68d7-554abe461898;CUST_02397;PROD_0887;7;4610.87;32276.09;2023-06-16;credit_card;Camargo;PR;delivered;parceiro_c
56d563f2-ffc4-af0e-dd95-3f6e5adc286f;CUST_36311;PROD_1330;8;1349.96;10799.68;2023-06-19;credit_card;Almeida da Serra;SC;delivered;parceiro_a
b6e7ee4f-d76e-6141-a320-32e3241288fb;CUST_10329;PROD_4486;14;4110.57;57547.98;2023-06-17;credit_card;Siqueira;RJ;cancelled;parceiro_b
09c0216b-29de-f768-d485-4a1f79db6556;CUST_26992;PROD_2445;12;2384.96;28619.52;2023-06-11;credit_card;Almeida;CE;cancelled;parceiro_b
f21ed2ad-5794-839f-ea27-c692bdefe953;CUST_14121;PROD_2310;3;4562.83;13688.49;2023-06-12;pix;Mendes Alegre;SC;delivered;parceiro_a
948713a7-bdf3-570a-f9b1-e248118dbc41;CUST_39734;PROD_2537;9;2771.98;24947.82;2023-06-06;credit_card;Sá;RJ;pending;parceiro_c
db738749-713b-fd77-60c5-135ef28f9e5f;CUST_16530;PROD_0045;7;3830.29;26812.03;2023-06-27;debit_card;das Neves;SP;pending;parceiro_a
d955c862-e7cf-5dd0-89b1-cb233317de1c;CUST_29658;PROD_2401;18;3141.63;56549.34;2023-06-10;debit_card;Aragão;PR;shipped;parceiro_c
0dc2208f-4870-a500-c507-1b7901fdd19d;CUST_25183;PROD_1731;19;2836.86;53900.34;2023-06-09;pix;Caldeira de Alves;PE;delivered;parceiro_a
0c7f7dba-2275-9f34-981b-4b59a10d6a9a;CUST_40041;PROD_3264;17;2725.87;46339.79;2023-06-12;credit_card;Aragão;ES;delivered;parceiro_a
1eecc933-3593-2576-26bb-a6354c12c846;CUST_11046;PROD_0020;4;741.92;2967.68;2023-06-01;debit_card;Caldeira;RS;pending;parceiro_c
c1c04f3e-6d2b-aef0-ff9a-bd580dbbc7ff;CUST_14471;PROD_1578;8;509.54;4076.32;2023-06-16;credit_card;Oliveira dos Dourados;PR;delivered;parceiro_a
3636ef1f-d651-a0aa-5de1-90cc45af5289;CUST_30716;PROD_0254;16;4940.06;79040.96;2023-06-30;pix;Pinto do Sul;SP;delivered;parceiro_c
e8dd834d-7c7c-4551-2434-df0d44df0cb7;CUST_03974;PROD_0346;20;4561.22;91224.4;2023-06-29;credit_card;Camargo do Campo;SP;pending;parceiro_a
da174aaa-a52f-8b05-6a86-3e4c571667b5;CUST_10812;PROD_3629;12;2666.49;31997.88;2023-06-15;pix;Porto Verde;RS;cancelled;parceiro_a
46a4713b-aed3-23a0-1e7d-4dbeadf3f4de;CUST_39997;PROD_0060;4;1234.52;4938.08;2023-06-24;credit_card;Borges;RJ;cancelled;parceiro_c
3f14370d-f4a3-d877-e6e4-066180bc6ba0;CUST_43530;PROD_0942;10;4942.06;49420.6;2023-06-03;pix;das Neves;MG;pending;parceiro_a
6a29235b-0fd7-6a8f-68ba-2d36d68db274;CUST_03181;PROD_4438;7;466.9;3268.3;2023-06-14;credit_card;Rios Alegre;MA;delivered;parceiro_a
ae047095-05d9-5e0c-d5a0-a61c013c2377;CUST_28534;PROD_3006;12;3020.71;36248.52;2023-06-07;pix;da Mata;RJ;delivered;parceiro_a
8365d0f8-d2a3-931d-ff14-87151b8124b1;CUST_23739;PROD_1792;2;3981.33;7962.66;2023-06-25;boleto;Porto;BA;delivered;parceiro_a
342fb5b4-2d5f-b9b4-13fd-d533a7fdbca9;CUST_39291;PROD_4244;9;543.27;4889.43;2023-06-25;boleto;Leão;PR;shipped;parceiro_a
640cb3e7-86f8-9ea2-7896-92ce6a3e51d3;CUST_05552;PROD_2063;3;891.45;2674.35;2023-06-09;debit_card;Ramos de Aparecida;RJ;delivered;parceiro_b
696aec3e-f11d-b03c-8fb3-e7aef7b4b943;CUST_13931;PROD_0827;8;2467.71;19741.68;2023-06-16;pix;Duarte do Galho;PR;shipped;parceiro_c
6f71a0e1-56bd-7f85-0e89-404bf974d523;CUST_47617;PROD_4186;15;2997.34;44960.1;2023-06-02;pix;Nogueira;RJ;delivered;parceiro_a
d6168550-56b0-89b9-b7f9-4fbedb533db4;CUST_01480;PROD_1373;12;3623.29;43479.48;2023-06-15;pix;Nunes;TO;delivered;parceiro_a
0ce07fd4-fa64-cebe-c582-8c7851735182;CUST_00682;PROD_4897;14;1818.28;25455.92;2023-06-23;credit_card;Barbosa;SP;shipped;parceiro_b
226ad645-1deb-6343-034c-6bb0696bc74a;CUST_23487;PROD_0685;2;4180.39;8360.78;2023-06-11;credit_card;Abreu;PE;delivered;parceiro_c
3e6d9d32-48a9-771a-90e8-4e8919547168;CUST_21998;PROD_4422;12;208.19;2498.28;2023-06-28;credit_card;Sales;MG;delivered;parceiro_a
9438c815-35a6-eb46-873c-fc62b5b3e2b2;CUST_14669;PROD_1511;16;4066.9;65070.4;2023-06-05;debit_card;Jesus;MG;pending;parceiro_c
e72b0d40-8f2b-bf66-5204-cae30680656f;CUST_05746;PROD_2788;12;3634.5;43614.0;2023-06-11;pix;Farias Alegre;ES;cancelled;parceiro_a
b6962806-b015-1fad-4669-2f9b948ac4a1;CUST_26746;PROD_4986;5;2826.86;14134.3;2023-06-20;debit_card;Camargo;SP;cancelled;parceiro_c
f19c1e2a-eb55-6105-a6ef-e9fd548a582c;CUST_10810;PROD_4895;3;485.56;1456.68;2023-06-22;debit_card;Moura de Minas;SP;shipped;parceiro_c
47615d2d-e0d7-8e73-f845-aa8b9bec5e9e;CUST_19778;PROD_3008;19;1946.07;36975.33;2023-06-09;pix;Leão das Pedras;RS;pending;parceiro_b
154181d9-c1fb-2dd8-75c1-c066ba1b87d4;CUST_18772;PROD_4445;9;1491.19;13420.71;2023-06-02;boleto;Gonçalves da Mata;TO;shipped;parceiro_b
1fc67b75-437a-c031-4aa5-6da765a953b7;CUST_24394;PROD_2667;15;3292.26;49383.9;2023-06-10;debit_card;Cirino;PI;delivered;parceiro_a
7751e4ee-4686-3fb0-9386-78bbb1b743a4;CUST_16516;PROD_2715;8;3231.36;25850.88;2023-06-19;pix;Cunha de Goiás;PR;cancelled;parceiro_c
814796d0-8f6c-7d79-4001-50befaccfd20;CUST_28861;PROD_2697;14;2843.7;39811.8;2023-06-20;pix;Rios;RJ;shipped;parceiro_c
6609a026-2d88-a238-ae5b-ad298170ac6c;CUST_37600;PROD_0810;9;2550.92;22958.28;2023-06-01;credit_card;Martins Alegre;AL;shipped;parceiro_a
f8b6a203-774a-9f6e-6946-f7460a37cad2;CUST_26954;PROD_2232;12;547.08;6564.96;2023-06-28;boleto;da Luz;MT;delivered;parceiro_b
6593a356-9aab-31d2-3f35-1026195004d8;CUST_38392;PROD_0324;15;4045.42;60681.3;2023-06-03;credit_card;Abreu;SP;delivered;parceiro_b
3f71d028-cd3d-cc3d-e740-6b95aa9314fb;CUST_46945;PROD_3122;1;94.45;94.45;2023-06-01;credit_card;Borges do Norte;SP;pending;parceiro_a
d50da264-b1fc-f710-3962-d77b74cec797;CUST_22952;PROD_1092;9;1507.42;13566.78;2023-06-02;credit_card;Pastor;AM;delivered;parceiro_b
8e82a230-7659-ae5e-3f01-00ae7f9af9c1;CUST_42388;PROD_0922;8;450.51;3604.08;2023-06-27;pix;Jesus;RJ;delivered;parceiro_a
669a5025-3fb3-3194-2b76-e5d197b4175d;CUST_40099;PROD_1267;14;2312.43;32374.02;2023-06-15;pix;Casa Grande;SP;shipped;parceiro_c
9c63c158-fe12-7abe-bce1-1a54d1538644;CUST_05698;PROD_3555;15;481.99;7229.85;2023-06-08;pix;Cardoso;MG;delivered;parceiro_b
d868645b-6e3e-2e57-d0e5-a47cec32a124;CUST_16104;PROD_3071;20;1617.78;32355.6;2023-06-26;credit_card;Nascimento Alegre;MT;delivered;parceiro_a
a596697a-f7c4-6ae8-2dbb-6bdfbc452499;CUST_02597;PROD_3643;7;1251.49;8760.43;2023-06-05;debit_card;Mendonça;RS;delivered;parceiro_a
64a722f6-9861-61be-816d-3e05b5e748e3;CUST_37819;PROD_1858;8;3654.51;29236.08;2023-06-29;credit_card;Pastor das Pedras;ES;delivered;parceiro_b
a48d31e5-5faf-856a-f4e1-2174dfcdb753;CUST_15129;PROD_3335;2;1699.29;3398.58;2023-06-24;boleto;Farias;GO;delivered;parceiro_a
337800b8-8ec9-2b95-d4b1-8a29837757a6;CUST_05603;PROD_3966;11;3326.89;36595.79;2023-06-03;debit_card;Aragão de Goiás;RS;delivered;parceiro_b
1b0b7df8-9e8d-0b69-8ebd-926d029f19b1;CUST_05962;PROD_1834;17;1731.36;29433.12;2023-06-08;credit_card;Farias da Prata;SP;delivered;parceiro_a
a15ebb9a-ea55-9c40-3cf8-2dc5b55629ba;CUST_28200;PROD_1801;2;3422.53;6845.06;2023-06-24;pix;Camargo;MG;cancelled;parceiro_a
c775fa84-46a9-0d2d-7732-cd7a5184d496;CUST_24082;PROD_4603;18;4485.05;80730.9;2023-06-27;pix;Macedo;DF;delivered;parceiro_a
1adef98f-90f9-aca7-0cec-4176349dabc4;CUST_39333;PROD_1048;18;1339.14;24104.52;2023-06-12;credit_card;da Costa;SC;delivered;parceiro_a
487af3c3-5808-4795-39c5-63641cf1fb2b;CUST_33705;PROD_4755;2;255.96;511.92;2023-06-15;debit_card;Moura;AL;delivered;parceiro_a
1bde69b1-e487-8497-ce11-0dd8bcfdde0a;CUST_21566;PROD_4356;7;4337.59;30363.13;2023-06-23;credit_card;Marques de Goiás;RJ;shipped;parceiro_c
7009a931-41f7-eae6-a4a8-040aa963a2a9;CUST_27318;PROD_0571;10;4311.56;43115.6;2023-06-20;boleto;Cassiano da Praia;RS;delivered;parceiro_c
9a804e0b-3808-a0e3-b717-aea800b4305f;CUST_30762;PROD_4546;9;1098.61;9887.49;2023-06-19;credit_card;Almeida;PR;pending;parceiro_b
d5768129-9920-31c5-438d-72bfaa6f7c94;CUST_47815;PROD_2164;15;4776.35;71645.25;2023-06-09;pix;Leão de Duarte;SC;shipped;parceiro_c
595b1017-5ec7-b66f-8551-1b52173d0668;CUST_34161;PROD_3841;6;1811.75;10870.5;2023-06-19;pix;Rocha do Galho;SP;delivered;parceiro_a
64de9ba2-b0bb-3e7a-7b3f-44aab09465f8;CUST_12394;PROD_0073;10;2013.37;20133.7;2023-06-06;credit_card;Pinto;PR;delivered;parceiro_c
d48f7168-c022-74d2-9453-7e519f494ed5;CUST_11815;PROD_0530;6;3891.87;23351.22;2023-06-08;credit_card;Martins;BA;delivered;parceiro_c
8ba778e1-5e0b-d694-8f4f-a22834229f5e;CUST_14331;PROD_1347;13;172.48;2242.24;2023-06-26;pix;Monteiro;SC;delivered;parceiro_a
f42779ad-d439-5e79-82d6-9385acfa2196;CUST_19201;PROD_4968;8;2791.62;22332.96;2023-06-16;pix;Barros;SP;pending;parceiro_b
53555bc9-bd38-fa40-d98c-b3fa629755b8;CUST_20406;PROD_2233;1;3517.62;3517.62;2023-06-28;pix;Peixoto Verde;MT;pending;parceiro_a
f48b75f3-14de-cf59-3fe8-c26b23ac3cd5;CUST_25524;PROD_1394;5;166.92;834.6;2023-06-22;debit_card;Silva da Praia;RS;pending;parceiro_b
f33a5c16-6570-78a0-cd14-0d33587b81af;CUST_40357;PROD_0015;11;3014.03;33154.33;2023-06-26;credit_card;Azevedo;DF;shipped;parceiro_b
70024a65-f791-1032-c39b-8bf43b4feaea;CUST_25910;PROD_1721;14;4503.06;63042.84;2023-06-21;pix;Macedo Alegre;RN;delivered;parceiro_b
18d2fdbf-050a-63ac-7345-5baac4c64501;CUST_41844;PROD_4877;12;3385.59;40627.08;2023-06-03;boleto;Nogueira;PB;delivered;parceiro_a
11485574-236f-30ac-89e2-0b541b5977f7;CUST_33819;PROD_4962;3;2521.29;7563.87;2023-06-01;credit_card;Vasconcelos de Minas;PB;pending;parceiro_a
d8c74b17-e372-be93-3dad-d408cc7f0374;CUST_20213;PROD_1423;11;500.01;5500.11;2023-06-26;credit_card;Martins;PE;delivered;parceiro_b
bfd5f855-0f73-b7ab-5361-4a09a2c0be5e;CUST_05617;PROD_3758;1;758.91;758.91;2023-06-26;credit_card;da Rocha da Mata;MG;delivered;parceiro_a
a2c17710-2efb-ffcf-2fa7-9bf77b40df21;CUST_04131;PROD_2453;9;2767.39;24906.51;2023-06-22;credit_card;da Conceição;MG;shipped;parceiro_b
bbe7c00f-59fa-46b4-38de-64fa7a83dc38;CUST_34223;PROD_4625;5;177.27;886.35;2023-06-29;pix;Albuquerque de Goiás;SP;pending;parceiro_b
33ce447c-92d7-af22-6adb-9104844245aa;CUST_44649;PROD_4789;17;4310.76;73282.92;2023-06-08;pix;Fernandes;CE;pending;parceiro_c
adf03bab-bcd7-4ce4-6aeb-a6073c3e51a3;CUST_21663;PROD_2645;19;2945.92;55972.48;2023-06-30;pix;Casa Grande;PI;delivered;parceiro_c
6f2843a6-23f9-5e4e-a428-8f61fb2d1ee0;CUST_09159;PROD_4924;15;574.87;8623.05;2023-06-05;boleto;Teixeira;RS;pending;parceiro_a
56fdc992-9a7c-a8df-e357-a479b9003f59;CUST_37375;PROD_1821;20;4873.44;97468.8;2023-06-25;debit_card;Lopes dos Dourados;PE;delivered;parceiro_a
3ef6838b-26d8-c1c7-78d9-62523abf5da7;CUST_18978;PROD_1190;5;4054.66;20273.3;2023-06-29;pix;Peixoto do Campo;DF;delivered;parceiro_b
04aecbd1-3e45-e771-e5ea-a928da6a87c7;CUST_40197;PROD_4492;3;3295.34;9886.02;2023-06-07;credit_card;Alves;MG;delivered;parceiro_b
85ed4b4a-751f-81e8-baeb-523f037b8ff7;CUST_18570;PROD_4374;18;118.78;2138.04;2023-06-14;boleto;Pereira de Azevedo;SP;delivered;parceiro_b
d41184e4-aba2-cbcb-0e0f-f2e5f7d74c3b;CUST_30024;PROD_4116;11;1588.04;17468.44;2023-06-25;debit_card;Ramos de Goiás;MS;delivered;parceiro_a
c5a102ab-4b1a-3530-6c3a-8f9cb1122271;CUST_03467;PROD_4639;5;1586.52;7932.6;2023-06-07;boleto;Monteiro;SP;delivered;parceiro_c
c5e85a86-eb62-ccee-2ee3-363111b5ffa0;CUST_38636;PROD_4731;16;4633.63;74138.08;2023-06-11;debit_card;Souza Paulista;SP;delivered;parceiro_a
2108b0db-5337-2438-925c-01d4691b4ae8;CUST_08209;PROD_2993;18;3310.23;59584.14;2023-06-14;pix;Cardoso das Pedras;MG;delivered;parceiro_a
1aa30c20-e353-40db-f9a7-9bb32313fecc;CUST_27532;PROD_2738;16;876.72;14027.52;2023-06-10;credit_card;Barros;RJ;shipped;parceiro_a
2f06073e-2c75-a55c-ad97-dd829f4f0b6f;CUST_17945;PROD_0461;11;425.39;4679.29;2023-06-05;debit_card;Guerra;BA;delivered;parceiro_b
9979be99-c0ea-149f-6cc0-03c577282edc;CUST_47785;PROD_4187;7;136.7;956.9;2023-06-05;credit_card;Cassiano do Amparo;SP;cancelled;parceiro_b
9ba15e6a-bd05-b66c-c93e-f984ca160bf6;CUST_05100;PROD_4809;10;688.91;6889.1;2023-06-28;credit_card;Vargas;SP;delivered;parceiro_b
a2f7a122-6956-40d0-2068-b8c050e9fb96;CUST_23173;PROD_2115;13;3393.54;44116.02;2023-06-26;pix;Rocha;SP;delivered;parceiro_b
e7b59874-bdb5-46c3-1334-165ab454ed38;CUST_22736;PROD_2823;15;4582.44;68736.6;2023-06-25;pix;Carvalho das Pedras;PB;pending;parceiro_c
0e9fca70-a4c6-38ad-5432-b383508141dc;CUST_11648;PROD_0790;8;1735.52;13884.16;2023-06-11;debit_card;Cunha;RS;shipped;parceiro_c
beca5bbb-c53f-e9a8-0714-1c89f0490de6;CUST_24741;PROD_1031;11;4009.46;44104.06;2023-06-20;credit_card;Ribeiro;PR;delivered;parceiro_b
1acfe8ca-83f2-98a2-1a62-dc947c1d20eb;CUST_07886;PROD_3623;13;2821.62;36681.06;2023-06-27;credit_card;Araújo;SP;delivered;parceiro_a
b916f7e3-bd6c-b428-7707-c95551a6d475;CUST_23222;PROD_3386;20;3656.57;73131.4;2023-06-23;pix;Nunes;SP;delivered;parceiro_a
b2902b3d-92f3-bc4f-5ae2-1043a1d2737e;CUST_45506;PROD_3679;15;2075.73;31135.95;2023-06-23;pix;Sampaio do Sul;SP;delivered;parceiro_c
392e0863-5ae6-d6a1-1d59-88e34f37ed02;CUST_43924;PROD_3069;4;1401.36;5605.44;2023-06-27;pix;Macedo da Serra;MG;delivered;parceiro_b
1d1e49a7-9ad5-7c5c-ef69-1b56095e299c;CUST_02297;PROD_0875;14;186.51;2611.14;2023-06-20;credit_card;Macedo;MG;delivered;parceiro_c
6ef164cb-3073-90c3-779b-54242ad4d176;CUST_03374;PROD_2969;12;2628.2;31538.4;2023-06-12;debit_card;Lima do Oeste;SP;cancelled;parceiro_b
934b2867-6c64-5095-5391-c83a2115140e;CUST_49453;PROD_3443;3;1995.65;5986.95;2023-06-27;pix;Santos;MG;delivered;parceiro_b
28d6779f-70db-e93c-6830-f8407a14f019;CUST_12026;PROD_0767;12;4144.84;49738.08;2023-06-19;debit_card;Peixoto;DF;delivered;parceiro_a
08ff8632-7a3c-7ecd-c7ee-9bac11898d1a;CUST_10573;PROD_0115;7;112.45;787.15;2023-06-30;boleto;Ramos da Serra;GO;delivered;parceiro_a
db105d18-edb7-8fc0-ae40-a344704a7c31;CUST_21030;PROD_2582;1;944.87;944.87;2023-06-14;boleto;Pimenta;MG;delivered;parceiro_a
54bc8eaf-1b9b-03d1-cbe9-363b47c74f75;CUST_33250;PROD_4670;14;121.52;1701.28;2023-06-08;credit_card;Aparecida;SP;delivered;parceiro_b
a95983f8-6fd8-b4f3-5abf-4fe591865350;CUST_45021;PROD_4519;17;105.42;1792.14;2023-06-30;boleto;Fogaça;MG;pending;parceiro_a
c794e346-2590-be10-f600-85d327288fa2;CUST_05606;PROD_1580;9;3529.53;31765.77;2023-06-02;pix;Casa Grande;CE;delivered;parceiro_b
929a66d7-ec72-2951-8998-fca190a53643;CUST_36471;PROD_0009;7;802.97;5620.79;2023-06-25;boleto;Freitas de Silva;SP;shipped;parceiro_c
4bb985fe-a3ae-0567-d3b2-0a771cd6a0a5;CUST_14604;PROD_4321;20;4873.97;97479.4;2023-06-10;pix;Fernandes;RJ;delivered;parceiro_c
24e6c1af-36f8-4c91-ca33-9b171c967bee;CUST_36265;PROD_0947;3;940.77;2822.31;2023-06-23;pix;Pimenta das Pedras;SC;shipped;parceiro_b
5a8ad138-33e8-332a-c6b2-984a1accf1b9;CUST_39367;PROD_2285;11;291.68;3208.48;2023-06-03;pix;Viana;MG;delivered;parceiro_b
38532d2e-950a-df0b-fe01-63b8de25f674;CUST_02777;PROD_3318;17;4095.45;69622.65;2023-06-18;credit_card;Vasconcelos;RS;delivered;parceiro_b
42f33ed5-ee82-f80b-7c53-d3b06d78aacc;CUST_25423;PROD_4983;16;4010.08;64161.28;2023-06-23;pix;Cassiano;RS;shipped;parceiro_b
c90088d7-2ebc-5a91-b64d-e5d7bd2d1868;CUST_42351;PROD_3268;10;1089.84;10898.4;2023-06-18;pix;Almeida da Prata;RS;pending;parceiro_b
573a8824-823d-3b1b-438d-436360b02160;CUST_30016;PROD_3848;9;424.35;3819.15;2023-06-04;boleto;Pastor de Goiás;CE;pending;parceiro_a
c601adfe-128c-7bbe-8bc1-55a6bd971bf9;CUST_21782;PROD_2465;8;2977.64;23821.12;2023-06-12;credit_card;Macedo de da Mata;RJ;delivered;parceiro_c
647b3d3b-f8ee-6dda-e3b0-eda7268fe85e;CUST_04540;PROD_2183;16;2449.65;39194.4;2023-06-09;pix;Moreira;RO;shipped;parceiro_c
e0ab3148-e639-b3d7-1503-15a5a8834983;CUST_03565;PROD_2898;16;4911.09;78577.44;2023-06-02;debit_card;da Conceição Verde;DF;cancelled;parceiro_b
114b737d-642e-124d-6119-70fb051c3813;CUST_49762;PROD_0224;4;2547.96;10191.84;2023-06-12;credit_card;Castro do Norte;RJ;delivered;parceiro_b
497a3e13-ba1a-7ad4-eb21-3832f0fe5295;CUST_38522;PROD_4486;6;1051.23;6307.38;2023-06-19;boleto;Pires Verde;BA;delivered;parceiro_c
b528ceb8-0a8f-e04d-284c-e6ee527b3a16;CUST_39603;PROD_0095;6;4482.95;26897.7;2023-06-11;boleto;Castro;SC;delivered;parceiro_a
041d5900-5a35-17f6-7529-f79fb0a5a0a0;CUST_39232;PROD_2789;20;3794.34;75886.8;2023-06-02;boleto;da Mota da Prata;SC;delivered;parceiro_b
8d86b21b-c4c2-726d-b784-20106e7def73;CUST_33896;PROD_0247;20;1611.96;32239.2;2023-06-15;pix;Pinto de Pacheco;SP;shipped;parceiro_a
adda541f-96e8-4569-0824-cc32aa9e5123;CUST_10808;PROD_3361;11;1078.07;11858.77;2023-06-19;pix;Pimenta;SP;delivered;parceiro_c
5ca8124c-6003-902a-03c1-3e6fcde83e0b;CUST_04400;PROD_0890;18;4132.29;74381.22;2023-06-14;credit_card;Sousa;RS;delivered;parceiro_c
c2e62bd6-2ca5-970d-2c70-9356d7049d5a;CUST_28368;PROD_2483;6;1203.48;7220.88;2023-06-26;boleto;Ramos;RN;shipped;parceiro_b
ad3abad8-0138-90eb-f275-1c0be500b9ca;CUST_38870;PROD_4991;14;1287.7;18027.8;2023-06-27;pix;Fonseca das Flores;PR;pending;parceiro_a
966b05e8-875b-d63f-bcc8-65442a6d76d1;CUST_43167;PROD_0726;19;1073.02;20387.38;2023-06-18;credit_card;Cavalcante;MG;cancelled;parceiro_a
d568e93a-2322-22e0-bd9a-c8c207a3c335;CUST_15786;PROD_4835;19;355.85;6761.15;2023-06-25;pix;Borges Paulista;RS;delivered;parceiro_b
3685d486-d954-9b84-02de-561965f9ec07;CUST_08276;PROD_4099;17;3802.98;64650.66;2023-06-18;boleto;Guerra;PA;delivered;parceiro_c
b0c518a5-0709-9f23-62c7-6bd2e2442a94;CUST_46752;PROD_2916;13;3706.0;48178.0;2023-06-14;pix;Nogueira;SP;shipped;parceiro_c
d59fae16-a4ad-a851-0d35-b844808ae601;CUST_41350;PROD_3625;2;3533.42;7066.84;2023-06-21;credit_card;das Neves Verde;PR;delivered;parceiro_b
ff69d930-9d8d-85cf-e058-e5a17932e1b7;CUST_02211;PROD_1220;16;540.04;8640.64;2023-06-28;credit_card;Leão de Novais;SC;cancelled;parceiro_a
e28ad4ce-c61a-778d-b9da-e64c7c04a1a7;CUST_29451;PROD_4407;20;2558.4;51168.0;2023-06-16;credit_card;Melo;SP;delivered;parceiro_b
bdee5eff-6b49-d61c-f762-388c26bbab9b;CUST_42215;PROD_2207;13;2509.63;32625.19;2023-06-07;credit_card;Alves do Sul;GO;shipped;parceiro_a
4ac25602-b6e1-2202-7013-a6cd3e8dd5ad;CUST_05008;PROD_1726;5;959.48;4797.4;2023-06-07;pix;Campos de Melo;RS;delivered;parceiro_a
fbaa634e-dfb7-cd87-a4a3-35626d936b55;CUST_34926;PROD_3098;11;1909.28;21002.08;2023-06-30;boleto;Leão;PR;delivered;parceiro_a
83fc694b-d95e-38f5-f6ab-4c7bc9867400;CUST_06866;PROD_4615;8;4342.75;34742.0;2023-06-16;credit_card;das Neves do Campo;BA;shipped;parceiro_c
57026394-9ee5-b2a1-8e7f-e42fd9c06fb1;CUST_40693;PROD_4313;2;1117.56;2235.12;2023-06-26;boleto;Costa Paulista;SE;shipped;parceiro_a
bb2b4dbc-bcc0-32bf-5266-e46e363d5a03;CUST_23563;PROD_2803;20;2180.02;43600.4;2023-06-14;pix;das Neves;ES;shipped;parceiro_c
1eab2b4f-d5a4-d6e0-c16a-eb7f7aaa8d0a;CUST_01584;PROD_4204;14;4772.19;66810.66;2023-06-24;debit_card;Souza;MG;delivered;parceiro_c
bff27f36-7442-9a52-348d-c1eccdfc980f;CUST_09287;PROD_3593;17;1554.81;26431.77;2023-06-15;pix;Martins;SP;delivered;parceiro_a
6fe43886-ab4e-fc58-8725-011d8f008b6a;CUST_02820;PROD_3355;5;3017.87;15089.35;2023-06-17;debit_card;Cavalcante;TO;delivered;parceiro_b
b4b8bb49-10d0-e45d-752f-70008ed056f2;CUST_41804;PROD_0127;1;948.99;948.99;2023-06-12;credit_card;Farias de Albuquerque;SP;delivered;parceiro_a
06393e54-003c-35a0-8206-e2e244c46956;CUST_08868;PROD_0221;18;3202.5;57645.0;2023-06-11;pix;Pires da Mata;RS;delivered;parceiro_b
9f98dc60-1b6a-9884-e8df-46134fd59c20;CUST_46981;PROD_1281;19;3528.22;67036.18;2023-06-22;debit_card;Barros;MG;shipped;parceiro_b
42fd63b8-df38-aa25-33bb-e546da6eb91f;CUST_38579;PROD_0299;5;631.05;3155.25;2023-06-26;debit_card;Pacheco de Minas;GO;delivered;parceiro_c
bf8aaa47-5d44-0f49-8fd1-91f05e2c274e;CUST_02471;PROD_3013;18;4457.49;80234.82;2023-06-18;debit_card;Sousa;MG;delivered;parceiro_b
2657e0a2-3453-73c7-5f99-79009817de4d;CUST_42257;PROD_4587;9;3404.11;30636.99;2023-06-23;pix;Farias;MT;delivered;parceiro_b
558b193c-f26d-ea25-ef72-b922ae0c7d3d;CUST_44991;PROD_0193;6;4875.74;29254.44;2023-06-04;boleto;Moura do Galho;BA;pending;parceiro_b
7ae683e4-de66-a15b-4fd2-ec9459e882a7;CUST_06984;PROD_3946;7;290.73;2035.11;2023-06-07;credit_card;da Cunha;DF;pending;parceiro_c
0e45150a-2a2b-4839-3428-08d8748a3d63;CUST_08712;PROD_4364;7;546.09;3822.63;2023-06-18;credit_card;da Paz da Serra;CE;delivered;parceiro_b
0d0c7587-24dd-13f6-c3e2-a0edee935212;CUST_49780;PROD_1585;11;813.47;8948.17;2023-06-13;boleto;Moraes;BA;delivered;parceiro_b
af67e9cb-acd2-7eb2-f856-f4d5d17c4880;CUST_39690;PROD_3508;3;474.15;1422.45;2023-06-19;credit_card;da Cunha;SP;delivered;parceiro_b
525d1b13-c8e9-983b-91a1-38c7300aee93;CUST_02211;PROD_2145;11;2991.09;32901.99;2023-06-24;debit_card;das Neves Grande;MG;pending;parceiro_c
cb486eda-d0a6-d1d3-0e4c-438aaae62bd2;CUST_03362;PROD_3012;17;4612.43;78411.31;2023-06-07;pix;Albuquerque;SP;delivered;parceiro_a
bd80d8c4-beae-1481-b9a5-0ff713f5f69f;CUST_16372;PROD_4495;8;3861.92;30895.36;2023-06-22;credit_card;Casa Grande;RS;delivered;parceiro_c
0767e076-2cb9-62a7-40fc-f5581ea7be65;CUST_27531;PROD_3832;8;1745.05;13960.4;2023-06-16;pix;Fernandes do Norte;ES;pending;parceiro_a
22dc9fd0-4fac-7db3-4fd5-db31e0fa7306;CUST_22819;PROD_4483;9;457.5;4117.5;2023-06-07;credit_card;Rezende Paulista;SC;delivered;parceiro_a
91782af0-e618-aaaa-49b4-360a5c9429a5;CUST_18932;PROD_2899;16;1492.01;23872.16;2023-06-17;credit_card;Abreu;CE;shipped;parceiro_b
cb822f3a-fec4-0efd-7a14-f71a96880dac;CUST_16707;PROD_1346;20;4369.41;87388.2;2023-06-11;pix;Borges;CE;delivered;parceiro_a
11267721-6b0d-c2aa-66e8-f3afb91a78de;CUST_04492;PROD_1696;15;1725.39;25880.85;2023-06-15;credit_card;Dias da Prata;SP;delivered;parceiro_b
fe4cae85-21e3-ca64-a3c4-2373388527df;CUST_49222;PROD_4653;11;4068.12;44749.32;2023-06-11;boleto;Caldeira;RO;delivered;parceiro_b
605b9a95-bfb8-129a-2c6c-f1fc51d5ce81;CUST_46007;PROD_1590;10;4578.12;45781.2;2023-06-09;credit_card;Caldeira do Norte;SP;delivered;parceiro_b
8beb2106-4e9e-b022-cb85-1b20c1846f89;CUST_12397;PROD_3237;20;4411.28;88225.6;2023-06-03;debit_card;Cirino dos Dourados;SP;cancelled;parceiro_a
e8596e87-d692-5856-8d45-5b2d5e42d350;CUST_44161;PROD_3965;9;848.96;7640.64;2023-06-14;credit_card;Azevedo das Flores;SP;shipped;parceiro_c
1eafc678-af5a-b6e6-2b36-17616e461946;CUST_09466;PROD_2016;10;458.26;4582.6;2023-06-03;credit_card;da Costa dos Dourados;MG;delivered;parceiro_b
988675dd-9364-a59e-6c90-0fb09e5c67e4;CUST_21687;PROD_4647;8;1038.36;8306.88;2023-06-05;credit_card;Fogaça;MG;delivered;parceiro_c
9392efa4-8dbe-f63b-3a54-deb1aebf5450;CUST_16901;PROD_2574;20;4187.57;83751.4;2023-06-07;credit_card;Pinto do Galho;PI;delivered;parceiro_c
0ef2e86c-1a19-24db-408e-4724c40ce7d6;CUST_37998;PROD_0880;20;3392.93;67858.6;2023-06-24;pix;da Paz Grande;CE;shipped;parceiro_a
6098a8c8-c8ab-b62d-89f1-f99d5c8d65f8;CUST_18352;PROD_2709;8;4343.26;34746.08;2023-06-12;debit_card;Santos;BA;delivered;parceiro_a
b157982d-8f23-353e-2cf0-f5dca267c4e0;CUST_49007;PROD_1584;2;1507.12;3014.24;2023-06-12;credit_card;Vieira;AC;delivered;parceiro_c
aa0b1bdc-7306-7930-4704-ab98fc7c1466;CUST_36693;PROD_2154;8;334.31;2674.48;2023-06-13;credit_card;Pires;DF;delivered;parceiro_c
298e927a-cc04-74b0-f15c-83388353a76b;CUST_40462;PROD_0020;18;3088.82;55598.76;2023-06-18;pix;Porto;SC;delivered;parceiro_a
d270240a-6cec-9dc2-2931-19017c0c194c;CUST_23474;PROD_3590;16;4876.87;78029.92;2023-06-13;credit_card;Araújo da Serra;RJ;delivered;parceiro_a
e5c8b7d1-134e-8547-9172-44b179d37ba2;CUST_13360;PROD_2274;8;4028.24;32225.92;2023-06-15;credit_card;Viana das Flores;RJ;delivered;parceiro_c
d32ab780-a0aa-1a59-3a8a-0d5a5ce38afd;CUST_24297;PROD_3955;5;4331.43;21657.15;2023-06-03;debit_card;Martins;PR;delivered;parceiro_c
5aa75736-160d-5c55-8d1b-77939e99c889;CUST_39140;PROD_3390;9;3052.75;27474.75;2023-06-07;boleto;Barbosa do Galho;SC;cancelled;parceiro_a
a05d5874-b403-8f97-b328-08688d820056;CUST_35059;PROD_4851;3;625.64;1876.92;2023-06-11;pix;das Neves;SP;delivered;parceiro_c
befebb21-6fe2-1e2f-8805-8844a98641a4;CUST_37728;PROD_1498;7;1933.84;13536.88;2023-06-10;credit_card;Almeida;PR;delivered;parceiro_a
42d090b3-c4f5-77db-9332-e3cffac14b16;CUST_31982;PROD_3345;4;3909.27;15637.08;2023-06-20;credit_card;Gomes do Sul;MT;delivered;parceiro_c
bd2372cb-c07c-24e4-af34-01ed69c59e49;CUST_26677;PROD_4864;17;4824.97;82024.49;2023-06-09;credit_card;Castro da Prata;MS;delivered;parceiro_c
bbe0948d-6696-339e-a07e-34d6d9e57222;CUST_45789;PROD_1426;1;867.19;867.19;2023-06-05;credit_card;Santos;SC;delivered;parceiro_b
d942d3c6-d47b-0903-bca9-176622e7f31d;CUST_02446;PROD_0759;3;4439.92;13319.76;2023-06-09;pix;Montenegro;RJ;delivered;parceiro_c
21828e5f-e247-cdc5-6344-107388b8c7eb;CUST_39983;PROD_3935;12;133.14;1597.68;2023-06-20;credit_card;Cirino;RJ;delivered;parceiro_a
162bac14-4f5f-9731-2975-7e9c9a75c33f;CUST_05176;PROD_4505;14;1768.49;24758.86;2023-06-28;credit_card;Caldeira das Flores;SP;delivered;parceiro_b
2a5c9c9d-ac2c-5241-30dd-3718db4ce7d0;CUST_34302;PROD_3698;1;1860.35;1860.35;2023-06-11;pix;Pereira;SP;shipped;parceiro_a
c9887e84-ba27-94f8-8f69-f15a7aa9620f;CUST_05476;PROD_3329;20;1160.67;23213.4;2023-06-23;credit_card;Garcia da Praia;PR;delivered;parceiro_a
0d563e0e-d01a-6c6f-788c-7a969321228f;CUST_47105;PROD_0264;19;3454.88;65642.72;2023-06-26;credit_card;Carvalho;MG;shipped;parceiro_a
9f5cc134-7c7a-033b-8450-354b0580be3e;CUST_33214;PROD_1475;17;2459.56;41812.52;2023-06-22;pix;Almeida;PR;delivered;parceiro_a
0b5e0dd9-7fe2-a2a7-51f8-73f4a84c6739;CUST_00029;PROD_1578;8;4442.94;35543.52;2023-06-16;debit_card;Sá das Pedras;RJ;delivered;parceiro_c
6f37962b-a388-786c-f8b3-8a8ae747c791;CUST_46116;PROD_2704;5;523.26;2616.3;2023-06-10;debit_card;Machado;DF;shipped;parceiro_c
6e9bd336-af65-0d28-c0d7-f31bf0a9b80f;CUST_14356;PROD_3287;19;4671.0;88749.0;2023-06-11;credit_card;Cassiano;SP;delivered;parceiro_a
e1954492-d54d-8327-e544-511ae9f59c8d;CUST_06864;PROD_1663;16;1759.87;28157.92;2023-06-11;debit_card;Nascimento;ES;shipped;parceiro_a
1f37ae9c-37fb-1986-354b-a2952ed84a63;CUST_14842;PROD_4146;10;2389.92;23899.2;2023-06-02;boleto;Nogueira Paulista;SP;delivered;parceiro_c
52270201-b9bf-b694-9ea7-17e4ba4c2493;CUST_08989;PROD_4857;18;4225.88;76065.84;2023-06-19;credit_card;Costela;RJ;delivered;parceiro_a
fec021f0-3d18-822a-79e7-58406eb5335f;CUST_33751;PROD_1343;8;1824.98;14599.84;2023-06-30;credit_card;Santos;RJ;delivered;parceiro_c
35e5d8fe-7fea-96b9-534a-08de79971400;CUST_32422;PROD_4272;2;147.13;294.26;2023-06-25;credit_card;Porto;MA;shipped;parceiro_b
f7ef3f37-fa35-e6d6-0937-2fa599e6f528;CUST_19210;PROD_1299;8;3991.56;31932.48;2023-06-28;pix;da Rosa de Pimenta;ES;delivered;parceiro_a
82fae138-60e8-67cb-e624-cf0c3f2333fd;CUST_22015;PROD_0934;16;2582.55;41320.8;2023-06-03;debit_card;da Costa Paulista;RS;cancelled;parceiro_b
fcda1aa1-be4d-0ee2-725b-9c5d86c8c495;CUST_23988;PROD_3265;7;591.61;4141.27;2023-06-19;pix;Araújo;SP;shipped;parceiro_b
7e91ec35-19b8-fa83-9dd5-e0d8ef77b266;CUST_11359;PROD_3671;2;1298.81;2597.62;2023-06-18;debit_card;das Neves Paulista;SP;delivered;parceiro_b
27c936aa-2c6c-dd3c-8bc6-feee77655c07;CUST_01678;PROD_2883;6;345.05;2070.3;2023-06-23;credit_card;Machado de Goiás;TO;delivered;parceiro_a
ba6a77e8-9130-5544-d3a2-e1b6d739561c;CUST_49397;PROD_2519;12;686.11;8233.32;2023-06-03;boleto;Camargo de Fonseca;MT;delivered;parceiro_c
bc4ef2a4-bd46-ecdb-41ee-b0324f47399e;CUST_11292;PROD_0188;5;2416.61;12083.05;2023-06-28;credit_card;Ferreira;GO;delivered;parceiro_c
e8ff22e1-8e48-5c3a-26a1-494d32a69b58;CUST_41683;PROD_3696;20;1632.49;32649.8;2023-06-21;credit_card;Peixoto de Vargas;SE;shipped;parceiro_c
2b9cd2c6-aeaf-09c3-b58d-d0a528cd98fb;CUST_13008;PROD_4826;10;139.5;1395.0;2023-06-06;credit_card;da Costa das Flores;MG;cancelled;parceiro_c
5b7a1932-b861-e630-55f4-08856b383021;CUST_26845;PROD_3043;13;3507.98;45603.74;2023-06-05;boleto;Ferreira;MG;pending;parceiro_a
90924279-ee02-dc32-b32f-8a92ed39e957;CUST_18972;PROD_3938;11;3608.46;39693.06;2023-06-06;credit_card;Borges;SP;delivered;parceiro_a
3d20d206-4241-265f-a5ca-3c9236604485;CUST_23545;PROD_0218;19;4520.44;85888.36;2023-06-15;pix;Guerra de Martins;CE;delivered;parceiro_a
117d278a-2624-e584-88a4-47771841e635;CUST_28952;PROD_3513;15;4878.77;73181.55;2023-06-29;debit_card;Siqueira;SP;delivered;parceiro_b
6b2c7154-b7ad-fb6d-9322-e24fb2024ad5;CUST_44162;PROD_2615;14;759.49;10632.86;2023-06-14;debit_card;Câmara;SP;delivered;parceiro_a
dc56096f-8177-9247-06fc-92c4dfaba956;CUST_48743;PROD_0123;17;54.39;924.63;2023-06-22;boleto;da Conceição;SP;delivered;parceiro_a
ba2b608b-4b04-85ed-4ad3-6b132e69a753;CUST_31175;PROD_1846;4;4283.2;17132.8;2023-06-05;boleto;Ferreira;MG;delivered;parceiro_a
2861f738-175a-1092-f39d-455853fc8301;CUST_42957;PROD_1985;6;2431.22;14587.32;2023-06-02;boleto;Moreira dos Dourados;PR;delivered;parceiro_b
7fa2787a-4c46-63c7-0925-20c2f1c51148;CUST_35965;PROD_0318;11;4375.12;48126.32;2023-06-28;pix;Melo;RJ;delivered;parceiro_a
427d20c9-371a-67f0-c2eb-03491f58cad7;CUST_18195;PROD_4845;1;378.85;378.85;2023-06-15;debit_card;Cavalcante do Campo;PR;delivered;parceiro_b
d0a79562-a04f-b95f-72ae-ef90c7805902;CUST_48302;PROD_3900;15;3106.14;46592.1;2023-06-18;credit_card;Correia;SP;delivered;parceiro_c
dc9cd036-2b6b-a85a-496c-7a03d115d36f;CUST_06115;PROD_1747;12;3733.39;44800.68;2023-06-15;pix;Nascimento;MG;delivered;parceiro_b
9a2759c4-cea4-144b-a649-29ae3c7f3c7a;CUST_30785;PROD_1134;17;1226.81;20855.77;2023-06-10;pix;da Rosa;ES;delivered;parceiro_b
38cc2f47-335f-fd25-66e4-cdb3e4a26313;CUST_15510;PROD_4617;4;1054.18;4216.72;2023-06-20;pix;Leão de Correia;SP;delivered;parceiro_b
5c8d326d-54eb-a9f2-9f8b-3a6fbd629297;CUST_45220;PROD_2493;10;1428.79;14287.9;2023-06-04;boleto;Aparecida;SP;pending;parceiro_a
17cc07e1-f8a6-e778-131f-1beba2de34b3;CUST_23313;PROD_4564;9;3211.19;28900.71;2023-06-19;credit_card;Cirino;AM;pending;parceiro_b
e09f3dbd-53fe-5ade-e1c1-f4dfe4f4909f;CUST_36029;PROD_4328;3;1186.48;3559.44;2023-06-04;boleto;Aparecida de Minas;PE;delivered;parceiro_a
6aa7ac79-7131-f597-e54a-628bc70d1462;CUST_25688;PROD_1200;4;523.5;2094.0;2023-06-02;pix;Fernandes;ES;pending;parceiro_a
2b375fed-5739-3b39-51f2-f3fd0dfcb3bc;CUST_19070;PROD_2185;11;1891.51;20806.61;2023-06-30;boleto;das Neves de Novaes;BA;delivered;parceiro_c
59c120db-6b0d-d665-1532-d77b377efa5c;CUST_38144;PROD_3387;18;505.98;9107.64;2023-06-20;debit_card;Lima;RS;delivered;parceiro_a
b6c53d7d-4fe9-b670-ee07-ebf49e6c09ee;CUST_28157;PROD_4549;13;2527.57;32858.41;2023-06-25;credit_card;Rios;SP;shipped;parceiro_a
27dc02a5-55d6-f928-1173-2dd80a86240f;CUST_11646;PROD_0671;11;3084.5;33929.5;2023-06-04;pix;Rodrigues;AM;delivered;parceiro_a
2f808e3e-112e-df0a-a02e-d2efeea37a72;CUST_23931;PROD_2586;2;3200.32;6400.64;2023-06-27;pix;Vargas da Prata;SP;delivered;parceiro_b
9ad6653a-6a43-1c4e-44a2-5a1c614db3f8;CUST_15276;PROD_1479;9;2521.06;22689.54;2023-06-03;pix;Albuquerque das Pedras;PA;shipped;parceiro_b
1efac09a-9d71-2cf3-b4fa-a71fd4e76fbd;CUST_10468;PROD_0567;6;4380.55;26283.3;2023-06-02;debit_card;Sá;MG;delivered;parceiro_a
12791f0e-96a0-437f-f4f0-91afc963603c;CUST_11683;PROD_2980;3;449.91;1349.73;2023-06-01;pix;Alves;MT;delivered;parceiro_c
d1fc6293-6aeb-a0c0-b572-a06c4219d0c3;CUST_24644;PROD_2950;13;4907.6;63798.8;2023-06-11;credit_card;Leão do Sul;BA;delivered;parceiro_a
8df04c16-ae33-a96d-311d-f44d2f492d49;CUST_32898;PROD_2467;6;4104.94;24629.64;2023-06-23;pix;Cardoso de Almeida;BA;shipped;parceiro_b
c4fd4820-4b3c-0897-bade-12544a9dc403;CUST_30498;PROD_2869;14;721.94;10107.16;2023-06-29;pix;Carvalho;MS;shipped;parceiro_b
58522af2-76c1-3888-f78f-7aa98b61db4e;CUST_42481;PROD_0253;3;338.39;1015.17;2023-06-03;debit_card;Moraes;MG;delivered;parceiro_c
b7a7ce3f-4455-19ab-539c-ecb75d324830;CUST_07947;PROD_0963;14;3282.92;45960.88;2023-06-15;boleto;Fogaça de Pires;MG;delivered;parceiro_a
5005b00f-8ba3-31c2-6ac1-bfad87f0fc3c;CUST_22416;PROD_0755;14;1512.72;21178.08;2023-06-08;boleto;Melo;PR;shipped;parceiro_b
8950baa3-0ff1-6a98-7e01-1c90c3ea8dd5;CUST_29670;PROD_1651;15;385.94;5789.1;2023-06-07;credit_card;Costa de Silveira;CE;delivered;parceiro_a
7e63c5a0-8299-4d3d-bf9f-c9524dd7585a;CUST_16558;PROD_4466;3;4622.6;13867.8;2023-06-29;boleto;Brito do Amparo;PE;pending;parceiro_c
e23fc14a-9fcf-d100-1305-5ebf99b6386c;CUST_25745;PROD_0404;9;4545.72;40911.48;2023-06-29;credit_card;Cunha;SE;delivered;parceiro_b
374f6ec0-00e7-d80a-baaa-22db7fd18ebf;CUST_25820;PROD_3611;15;3592.97;53894.55;2023-06-06;pix;Duarte;SE;delivered;parceiro_a
b730e080-5878-64a8-2268-09deea9e3056;CUST_41661;PROD_3123;9;3367.14;30304.26;2023-06-09;boleto;da Costa de da Costa;SP;delivered;parceiro_a
f82c6603-c610-b432-75b9-7630c9ecda2e;CUST_40111;PROD_0298;12;534.72;6416.64;2023-06-12;pix;Jesus do Norte;BA;delivered;parceiro_b
371a8ab0-4d62-d7d8-287d-36253d2c51de;CUST_17630;PROD_4852;16;4093.32;65493.12;2023-06-27;pix;Fogaça;MG;delivered;parceiro_a
5275f57c-01da-9040-a345-acd0bfe958fa;CUST_42776;PROD_4295;14;1810.95;25353.3;2023-06-03;credit_card;Nunes da Serra;MG;delivered;parceiro_a
d4aa5704-b856-678b-2d69-728327ffecb6;CUST_01188;PROD_2276;4;2388.13;9552.52;2023-06-20;pix;Abreu;PE;shipped;parceiro_a
937c9ea5-f749-dbdb-0efe-5c4a85e6d6fc;CUST_35608;PROD_1324;17;1209.28;20557.76;2023-06-19;debit_card;Câmara;MS;delivered;parceiro_c
304c194d-0352-fa67-9415-dadf8edc14db;CUST_45643;PROD_0833;3;1679.86;5039.58;2023-06-05;debit_card;Nunes;SC;shipped;parceiro_a
8bb922a3-3015-1b19-d87a-15023cf18d02;CUST_38096;PROD_0341;4;1718.86;6875.44;2023-06-20;debit_card;Caldeira;RJ;delivered;parceiro_a
1fb3eec2-893c-2afb-342a-fa04c7da5dbc;CUST_12892;PROD_1917;18;4625.9;83266.2;2023-06-03;pix;Vasconcelos das Flores;BA;pending;parceiro_a
3334c678-0f7b-4ade-1c26-e097cc97ccf5;CUST_18806;PROD_4389;4;2379.49;9517.96;2023-06-28;pix;da Costa;SP;delivered;parceiro_a
6bdcaf3f-da0b-bb02-1b24-1652fc833790;CUST_34918;PROD_0467;19;432.17;8211.23;2023-06-11;boleto;Silveira;CE;shipped;parceiro_b
f082d3c3-c398-2961-02c3-c37531920684;CUST_14582;PROD_1082;12;4077.22;48926.64;2023-06-10;pix;Albuquerque do Galho;SE;delivered;parceiro_a
9b58d921-17dc-d086-da99-5f47ad835e52;CUST_41691;PROD_4284;18;983.15;17696.7;2023-06-15;debit_card;Ribeiro;SC;cancelled;parceiro_c
df5f408e-57db-4ff8-c675-e6d86e17657d;CUST_26751;PROD_1186;9;3425.0;30825.0;2023-06-04;pix;Farias da Serra;MG;pending;parceiro_a
5d361bcb-3d1f-0752-2f33-10983153495d;CUST_40815;PROD_3840;1;1358.51;1358.51;2023-06-01;debit_card;Barbosa de Fernandes;MG;delivered;parceiro_b
db89d639-84f1-fadb-7998-7ddd10c94e5a;CUST_41302;PROD_0542;4;2909.57;11638.28;2023-06-23;debit_card;Mendes Paulista;SP;delivered;parceiro_a
f68b54b0-8af3-5f3d-b039-5c85ae4d72e0;CUST_37343;PROD_2012;16;378.59;6057.44;2023-06-16;boleto;Melo;MG;shipped;parceiro_a
17f956be-b4a3-f722-f6b4-fca6caa3e485;CUST_38098;PROD_0878;14;825.17;11552.38;2023-06-19;pix;Gomes do Oeste;RJ;delivered;parceiro_a
e6c9ab7b-8292-6c21-a517-ca83760d9a6d;CUST_37184;PROD_2065;20;3507.93;70158.6;2023-06-21;credit_card;Camargo;SP;pending;parceiro_c
5f1638e1-87ad-b1b7-d9d9-241e745be006;CUST_20331;PROD_1918;5;2726.87;13634.35;2023-06-10;credit_card;Duarte;SP;cancelled;parceiro_b
c7b4da14-34af-5b24-5607-19dabda3ab30;CUST_41693;PROD_4922;8;1153.1;9224.8;2023-06-04;credit_card;Fernandes;MG;shipped;parceiro_b
fa9f66fa-932b-357f-8e1c-8f5cdeed7e44;CUST_25991;PROD_0826;17;1572.06;26725.02;2023-06-29;debit_card;Vargas de Minas;PE;delivered;parceiro_b
6b216782-52f6-67d6-0076-021628855926;CUST_41499;PROD_0462;18;3256.1;58609.8;2023-06-09;pix;Ramos de Teixeira;RS;delivered;parceiro_a
8d6be553-4a54-61c2-e9d2-1d85bd0164c9;CUST_46950;PROD_0748;2;2812.77;5625.54;2023-06-13;pix;Montenegro de Albuquerque;RN;pending;parceiro_b
9c26275c-9899-04a1-98bc-51eb3a3a9127;CUST_18712;PROD_3887;7;4199.49;29396.43;2023-06-23;pix;Vieira das Pedras;RS;pending;parceiro_c
b78f4f32-62df-4c95-5332-9b45c239fa7b;CUST_12519;PROD_4823;14;1438.81;20143.34;2023-06-02;pix;Fonseca do Campo;RN;delivered;parceiro_b
f91e3bac-127d-74d6-e68a-b43862899035;CUST_25254;PROD_3860;6;4682.6;28095.6;2023-06-29;debit_card;Garcia de Gonçalves;ES;delivered;parceiro_b
b1cb34f5-d2bd-ef8e-83da-7312c784ee9a;CUST_47361;PROD_4421;19;1414.48;26875.12;2023-06-10;debit_card;Novais;SP;shipped;parceiro_c
23ff95d6-84e2-d839-c8ab-f45cea6bf6ba;CUST_03482;PROD_2040;4;2376.33;9505.32;2023-06-27;pix;Camargo;RJ;delivered;parceiro_a
f5ab8942-a682-e48d-dab3-b984c5a9ea62;CUST_42811;PROD_3053;15;3943.14;59147.1;2023-06-11;debit_card;Duarte;SP;pending;parceiro_c
37302ed1-a391-13dc-22dd-35909536f828;CUST_02564;PROD_4901;1;1297.12;1297.12;2023-06-21;credit_card;da Conceição da Mata;BA;delivered;parceiro_a
cb1ef30f-11a9-5ecb-e98f-8560453eff17;CUST_43495;PROD_2897;2;4126.98;8253.96;2023-06-29;debit_card;Araújo de Moreira;PA;pending;parceiro_a
a94b33dc-dc4c-eede-4ad3-7e579d474dd8;CUST_39503;PROD_0087;11;4612.64;50739.04;2023-06-13;boleto;Nunes;BA;shipped;parceiro_a
63709d0b-c938-329c-d532-3cfa96671731;CUST_00979;PROD_0708;20;955.76;19115.2;2023-06-04;credit_card;Moura de Goiás;RJ;delivered;parceiro_a
489c4168-7f29-2f02-bb6d-65bad2d8dcf1;CUST_29130;PROD_2783;12;1921.57;23058.84;2023-06-25;boleto;Abreu;SP;delivered;parceiro_b
4336b280-d79a-50f7-3ece-9b01c3c230cf;CUST_04339;PROD_0377;9;3642.03;32778.27;2023-06-07;pix;Vasconcelos;AM;pending;parceiro_c
321695c8-40bf-0a8f-ba51-96f7a842a7b6;CUST_43769;PROD_4880;6;4283.97;25703.82;2023-06-20;debit_card;Vargas de Mendonça;RN;pending;parceiro_c
1c59382a-5220-6de6-a3d4-8f71e5d813ea;CUST_36902;PROD_0219;6;360.74;2164.44;2023-06-18;pix;Aparecida;MG;delivered;parceiro_a
3716181a-c079-3678-256e-4f2eb53f2f01;CUST_17369;PROD_3993;9;1748.91;15740.19;2023-06-25;credit_card;Ribeiro;SP;delivered;parceiro_b
7c8e31cb-c40d-f8f6-778f-6c570f924227;CUST_43380;PROD_0896;16;692.56;11080.96;2023-06-20;credit_card;Oliveira das Flores;MT;delivered;parceiro_a
d808b532-9014-264c-c653-1b45323967c1;CUST_10181;PROD_0123;20;4121.04;82420.8;2023-06-07;debit_card;Cassiano;SP;delivered;parceiro_a
b08767f7-5ade-7b94-f71b-37685eb716bc;CUST_10652;PROD_3744;5;1116.9;5584.5;2023-06-08;credit_card;Castro do Amparo;SP;pending;parceiro_b
654d50d8-c62b-1652-f1d6-cdf4d3a6d4d0;CUST_19191;PROD_3345;16;953.45;15255.2;2023-06-14;pix;Mendonça de Minas;ES;cancelled;parceiro_b
e001cd8e-4f4a-9b48-c4be-9e594e7affc1;CUST_10498;PROD_1404;16;3557.13;56914.08;2023-06-15;pix;Ribeiro dos Dourados;PA;cancelled;parceiro_c
1af8f129-57d4-af45-a80c-408039ca5ff7;CUST_29242;PROD_2826;3;2253.02;6759.06;2023-06-05;credit_card;Moreira de Minas;SP;delivered;parceiro_b
0885bf34-df91-78e2-cb75-f900bd255666;CUST_16844;PROD_4250;3;4165.0;12495.0;2023-06-16;credit_card;Sá;SP;shipped;parceiro_c
f6d0db3e-f676-ad60-ef27-b30d291faa3d;CUST_13381;PROD_3510;3;373.19;1119.57;2023-06-29;pix;Peixoto;SP;delivered;parceiro_b
c32cbd02-6ed4-8e28-9d27-5ae1a0f9b89c;CUST_29512;PROD_0651;9;2583.85;23254.65;2023-06-11;credit_card;Oliveira do Campo;RS;delivered;parceiro_a
82434856-78b3-9643-ba33-ea8b4a6d9b29;CUST_08883;PROD_0536;4;1894.42;7577.68;2023-06-18;credit_card;Vasconcelos;SP;pending;parceiro_b
2ebd6e04-476b-5429-9c93-a90175b21b44;CUST_40539;PROD_2762;8;2177.43;17419.44;2023-06-23;boleto;Duarte de Abreu;RN;delivered;parceiro_b
f6ae27a5-e14a-4996-ec10-9fca9fd1ad08;CUST_17754;PROD_0059;10;3408.98;34089.8;2023-06-21;boleto;Gonçalves;RS;delivered;parceiro_a
03490b12-3810-f4f5-9ccf-7f0906191e61;CUST_37355;PROD_4667;10;4786.53;47865.3;2023-06-18;pix;Gonçalves de Santos;SC;shipped;parceiro_a
0ddaa078-7498-f7ef-0ee8-db30e5430696;CUST_25774;PROD_2536;8;3313.43;26507.44;2023-06-24;credit_card;Albuquerque do Galho;CE;delivered;parceiro_a
6baf44e7-3649-61d3-31c7-c75283d95ba8;CUST_38290;PROD_4804;5;2654.79;13273.95;2023-06-11;debit_card;Caldeira de Goiás;RS;delivered;parceiro_b
a21c861b-35f4-bbbd-3e60-37f524a5305f;CUST_06744;PROD_3347;17;4262.8;72467.6;2023-06-23;pix;Melo;MG;cancelled;parceiro_a
ec11854f-9ec9-f028-d577-d324ef23e71d;CUST_01591;PROD_3658;6;2819.22;16915.32;2023-06-23;credit_card;Ramos;MG;delivered;parceiro_a
8dfbb825-112a-a4ed-77e0-c7d5562311d1;CUST_45742;PROD_3194;13;3540.2;46022.6;2023-06-26;pix;Borges de Goiás;PR;shipped;parceiro_b
34355311-3a8b-0729-e9c7-0c7d1605688d;CUST_39329;PROD_2396;12;4946.52;59358.24;2023-06-27;credit_card;Nunes Verde;AC;cancelled;parceiro_c
f46c47ec-93ec-4619-6fcc-0ebd625b7952;CUST_27644;PROD_4400;5;1204.01;6020.05;2023-06-12;pix;Almeida Grande;BA;shipped;parceiro_b
a277281b-97f3-5ad5-ee50-99769ff7e5be;CUST_07700;PROD_2059;14;770.92;10792.88;2023-06-25;pix;Silva do Norte;SC;delivered;parceiro_b
9dc70907-72ad-8eed-73aa-30021f9cc31c;CUST_45688;PROD_3814;12;2972.99;35675.88;2023-06-13;credit_card;Vasconcelos de Araújo;SP;pending;parceiro_b
32c1e62d-edf7-61da-a716-b201cfeda48f;CUST_17398;PROD_2339;3;697.49;2092.47;2023-06-24;credit_card;Gomes;SP;cancelled;parceiro_b
1565cdc2-7baa-5f24-f725-375db3276fb3;CUST_00921;PROD_2710;1;885.55;885.55;2023-06-30;boleto;Porto Alegre;ES;delivered;parceiro_a
eaf85cde-7c6c-767a-959f-5809b879470f;CUST_37951;PROD_3642;12;1287.15;15445.8;2023-06-30;boleto;da Conceição Grande;RO;delivered;parceiro_b
8fc87008-aeb4-9785-00dc-ecf136e2363b;CUST_26675;PROD_0284;5;2333.37;11666.85;2023-06-30;pix;Leão;GO;delivered;parceiro_b
e7fb0cda-2cd7-5b57-d7e0-2722d924cf44;CUST_46642;PROD_4462;6;2426.41;14558.46;2023-06-25;credit_card;Cunha;MG;delivered;parceiro_b
37d537db-ed4c-74b5-b784-6758cbbb0b4a;CUST_11481;PROD_4047;7;4983.7;34885.9;2023-06-12;debit_card;Gonçalves;MG;delivered;parceiro_c
2188977f-3d2e-9b8c-7a4f-0317632d29c8;CUST_37487;PROD_3922;16;3477.17;55634.72;2023-06-21;boleto;Duarte da Prata;PE;pending;parceiro_a
8de42864-77ca-fe83-223f-78c7d0e80bad;CUST_33171;PROD_0187;11;2629.69;28926.59;2023-06-29;pix;Montenegro Verde;ES;cancelled;parceiro_a
e98c15f5-4108-916f-fdad-25050deb9a07;CUST_02951;PROD_4439;2;538.24;1076.48;2023-06-21;debit_card;Araújo;SP;cancelled;parceiro_c
76ca4a3a-9527-8fee-d321-52229adc4dfa;CUST_30507;PROD_3555;2;1029.85;2059.7;2023-06-30;debit_card;Vargas;RJ;delivered;parceiro_b
6a34f8a2-6057-5d9c-0fa9-45d137f85eca;CUST_23127;PROD_1304;20;2570.09;51401.8;2023-06-13;boleto;Jesus;PR;delivered;parceiro_a
808171b6-48ee-2e3f-8cc1-1d20e2bc7da4;CUST_12452;PROD_2641;20;1661.81;33236.2;2023-06-14;debit_card;Peixoto da Serra;PR;delivered;parceiro_b
db91ca49-ad0e-7629-6843-6ebaa209e299;CUST_09196;PROD_0240;5;4971.11;24855.55;2023-06-06;pix;Correia;RS;cancelled;parceiro_c
18eec0a6-6873-88ef-ec3e-3d65ed501797;CUST_20712;PROD_0741;4;3347.3;13389.2;2023-06-26;credit_card;Silveira da Praia;RJ;delivered;parceiro_b
83c94d40-cc19-96e5-2292-5c6475d648f5;CUST_27373;PROD_4951;5;3654.41;18272.05;2023-06-26;boleto;Mendonça de Barbosa;SC;cancelled;parceiro_a
1bc34b0b-1ce0-c3ca-7d54-ebaf35443000;CUST_10198;PROD_1742;16;4475.75;71612.0;2023-06-30;credit_card;Carvalho de Melo;DF;delivered;parceiro_a
4e29f432-bda8-24c1-465d-2ec807c43c61;CUST_05942;PROD_4430;3;2146.56;6439.68;2023-06-16;credit_card;Teixeira do Sul;BA;cancelled;parceiro_a
9bd10cd6-a26b-e342-11b3-84f576cb5d9a;CUST_26839;PROD_0350;14;2917.91;40850.74;2023-06-26;credit_card;Lopes;SP;cancelled;parceiro_b
f6d85814-7af4-89ac-115c-699c817c28b1;CUST_22450;PROD_4277;20;3387.29;67745.8;2023-06-10;debit_card;Lopes da Praia;SP;pending;parceiro_b
0d6b2607-c3a8-28f4-1a14-c9f26151dc54;CUST_00897;PROD_1678;16;4134.34;66149.44;2023-06-23;pix;Oliveira de Minas;SP;shipped;parceiro_a
1d18b33d-b21b-f25d-8368-453991bdad95;CUST_17427;PROD_2437;3;22.39;67.17;2023-06-24;pix;Novaes de Pires;MG;delivered;parceiro_b
e7dc2064-49a3-e61d-df62-da8d38100757;CUST_11832;PROD_2748;18;2275.08;40951.44;2023-06-19;pix;Vasconcelos;SP;delivered;parceiro_a
c653e38c-8626-ddf1-67a8-c9a4cb6deafa;CUST_06528;PROD_3360;20;4977.69;99553.8;2023-06-21;boleto;Abreu da Prata;TO;delivered;parceiro_b
46d246a9-124f-c46e-b10e-68f4cdd5d56e;CUST_03894;PROD_4875;19;3119.12;59263.28;2023-06-13;pix;da Cruz;SP;delivered;parceiro_a
abdfaa1b-0844-7087-3355-dbb4b7883e2a;CUST_23806;PROD_4309;16;3602.11;57633.76;2023-06-10;debit_card;Fonseca;ES;delivered;parceiro_c
ec5d92e5-2e06-77a3-faf3-a681bbd54ea5;CUST_31246;PROD_3600;10;3279.62;32796.2;2023-06-01;credit_card;Barros;GO;delivered;parceiro_b
0749f480-c68c-d852-f480-4ad3c3cfd0e3;CUST_13611;PROD_2366;4;376.64;1506.56;2023-06-24;boleto;Cunha do Amparo;SP;pending;parceiro_c
efd94dc5-761d-5f2a-f5ad-064449823102;CUST_41340;PROD_3747;6;2229.95;13379.7;2023-06-11;boleto;Almeida;ES;shipped;parceiro_a
06b4397c-1725-1dab-8655-c9c5d83214a5;CUST_27180;PROD_2353;18;3724.96;67049.28;2023-06-16;debit_card;Cirino;RS;shipped;parceiro_b
c03a47a3-74a4-15c7-0ed2-f938abd09955;CUST_34808;PROD_3255;19;3788.73;71985.87;2023-06-17;pix;Moura;SP;delivered;parceiro_c
1a29454a-1a1b-f50b-6a4c-16024c033040;CUST_48415;PROD_4205;18;2041.22;36741.96;2023-06-28;credit_card;Ramos;PR;delivered;parceiro_b
9e355985-2db0-86a1-3408-7f5d4ebadcce;CUST_02380;PROD_3791;15;1010.5;15157.5;2023-06-25;boleto;Ribeiro;RJ;delivered;parceiro_a
283f053d-d506-2dba-f704-51225bbbb655;CUST_03963;PROD_4089;18;3782.02;68076.36;2023-06-11;boleto;Pastor do Amparo;RR;delivered;parceiro_a
04c30d9d-a97b-087a-0497-53fb8eaca161;CUST_01398;PROD_4906;10;349.24;3492.4;2023-06-14;debit_card;Cassiano da Mata;MG;delivered;parceiro_a
28534667-8930-f8e8-2a1b-de1ad852947f;CUST_01609;PROD_2670;10;4646.58;46465.8;2023-06-02;boleto;Novais de Goiás;MG;cancelled;parceiro_b
a0763c85-0aac-b419-6863-f5607b64ba4d;CUST_34826;PROD_0459;7;3797.56;26582.92;2023-06-23;debit_card;Siqueira;MA;cancelled;parceiro_a
54c20cd6-01c9-8be1-d52c-4a0cf6aaafcf;CUST_44661;PROD_1398;19;1732.76;32922.44;2023-06-07;pix;Marques do Sul;AP;delivered;parceiro_a
59ac2672-b66b-2b7d-3d67-096d30c20d34;CUST_08703;PROD_2607;1;3049.67;3049.67;2023-06-19;pix;Costela;RS;cancelled;parceiro_a
d22ab22b-e929-f436-391a-21a3c722cd57;CUST_44587;PROD_4929;18;4181.59;75268.62;2023-06-25;credit_card;Nascimento das Pedras;SP;pending;parceiro_a
e58fcc53-abca-413d-37b4-d78bc470a3d2;CUST_38833;PROD_0520;1;201.67;201.67;2023-06-04;credit_card;Almeida das Pedras;MG;delivered;parceiro_b
0a9b7379-0305-26e1-9bf0-98c7b29ef909;CUST_08030;PROD_3766;16;64.38;1030.08;2023-06-03;credit_card;Fernandes;ES;shipped;parceiro_a
03a7146f-bb1e-cdc7-62a3-61f52a302b16;CUST_01158;PROD_0546;8;1987.05;15896.4;2023-06-10;debit_card;Leão;RJ;shipped;parceiro_b
334abf6c-8794-e37a-28c5-5e08a4118b01;CUST_06964;PROD_0481;19;1128.35;21438.65;2023-06-11;credit_card;da Rosa da Prata;PE;delivered;parceiro_a
63d9e434-6483-cb59-9037-bdf013277763;CUST_25729;PROD_1301;12;1475.66;17707.92;2023-06-04;pix;Andrade;SP;pending;parceiro_c
c763e4c3-601a-b9f8-2370-bb323e9a5f26;CUST_04902;PROD_2657;17;1431.86;24341.62;2023-06-08;credit_card;Cunha do Campo;SP;delivered;parceiro_a
1d9e22ae-614c-0edc-db65-3305b88cf546;CUST_12626;PROD_0110;3;3465.28;10395.84;2023-06-24;debit_card;Barbosa;PR;shipped;parceiro_a
88dacb9d-aa58-9d18-a23b-620782188958;CUST_46968;PROD_4066;20;3004.0;60080.0;2023-06-12;boleto;Duarte;PA;delivered;parceiro_c
7d335129-9390-0a1e-4359-8fcc364113df;CUST_41680;PROD_2408;6;1620.07;9720.42;2023-06-28;boleto;Viana;ES;delivered;parceiro_a
7cced93f-8607-0d3b-70b6-7613895d63c5;CUST_10898;PROD_0237;5;1437.24;7186.2;2023-06-16;pix;Farias;SP;delivered;parceiro_b
facf7b4f-cc4f-1add-f6c5-99604a8c9e60;CUST_14326;PROD_4813;10;4798.37;47983.7;2023-06-13;boleto;Gomes de Moreira;BA;pending;parceiro_b
9cdd5621-d72c-8a97-126c-a01f0ccc8431;CUST_20118;PROD_0057;18;4569.99;82259.82;2023-06-13;boleto;Jesus;RJ;delivered;parceiro_b
34b7d3b9-dc11-1c83-6198-0bd3e6e5541e;CUST_07371;PROD_4584;9;3787.6;34088.4;2023-06-26;debit_card;Vasconcelos de Cassiano;SP;shipped;parceiro_b
5b134c29-300e-1ff3-47e5-d0c2acc20db3;CUST_45420;PROD_1921;15;2137.19;32057.85;2023-06-19;debit_card;Azevedo do Oeste;MS;shipped;parceiro_a
4531a6c3-8a0b-ccf5-e527-545dde22527f;CUST_46091;PROD_0240;14;3344.55;46823.7;2023-06-12;boleto;Pacheco de Araújo;SC;shipped;parceiro_b
0ef5d601-2098-f6fa-224e-c69ea0d0ec5a;CUST_32012;PROD_0296;18;3824.84;68847.12;2023-06-22;credit_card;Sousa da Praia;ES;pending;parceiro_a
d4e2d17c-127e-efe0-4cee-625c50cd9aa6;CUST_30021;PROD_1126;16;689.33;11029.28;2023-06-17;boleto;Câmara do Amparo;SC;delivered;parceiro_c
e184cc0c-fafc-e1df-bfeb-edddbc304999;CUST_25856;PROD_4087;6;2290.94;13745.64;2023-06-25;credit_card;Correia;SP;delivered;parceiro_a
3593b597-53d6-b895-3fdf-7d9c579abbe1;CUST_45606;PROD_2899;13;2939.86;38218.18;2023-06-25;credit_card;Rezende Verde;MA;delivered;parceiro_c
31ee483a-69e5-62f4-b4d2-a42b6899cd6b;CUST_09303;PROD_4894;11;141.97;1561.67;2023-06-05;debit_card;Cassiano de Cavalcanti;SP;shipped;parceiro_b
ece8c7e9-b140-9432-0e01-c7fe747c055b;CUST_03128;PROD_0851;7;2711.18;18978.26;2023-06-24;pix;Teixeira;CE;delivered;parceiro_b
ad608f62-5bb7-f7ea-4483-d39dab6bd5cd;CUST_32038;PROD_0985;7;2732.7;19128.9;2023-06-23;debit_card;da Luz;RS;delivered;parceiro_a
6c021452-742b-05be-34f2-b0fcba745d95;CUST_06596;PROD_1569;10;321.51;3215.1;2023-06-14;pix;Cassiano;SP;delivered;parceiro_a
088e00df-e942-2fad-247b-80bbd1494982;CUST_12827;PROD_4691;12;3111.41;37336.92;2023-06-22;credit_card;Oliveira;MS;cancelled;parceiro_a
05918a37-ecac-4a6c-2dbb-dfb926d5a2f7;CUST_03174;PROD_2333;15;3423.42;51351.3;2023-06-10;debit_card;Barros de Minas;RJ;delivered;parceiro_b
c4d3657a-99d7-5a24-9b9d-48c8f66d0733;CUST_00832;PROD_4801;3;842.77;2528.31;2023-06-01;debit_card;Rodrigues de da Conceição;SP;delivered;parceiro_c
13591cbc-ba36-9a31-c2b2-e3f63d9a6891;CUST_28341;PROD_2865;18;2095.73;37723.14;2023-06-19;debit_card;Pimenta;AC;delivered;parceiro_a
111ddfa5-9723-3e97-a134-8454a9d1ad28;CUST_04738;PROD_4979;3;1950.13;5850.39;2023-06-27;credit_card;Rocha do Galho;RS;delivered;parceiro_b
b8ca7884-967b-4a97-a2a5-4d125daa11cd;CUST_20089;PROD_0388;17;3765.3;64010.1;2023-06-30;pix;Ribeiro;MG;delivered;parceiro_c
27cebbbe-b1e5-79b5-ac88-b898948a8a94;CUST_01709;PROD_4636;3;1657.27;4971.81;2023-06-13;debit_card;Freitas de Rezende;MG;delivered;parceiro_a
6c82201d-d73a-460e-56d6-088be3061c82;CUST_02037;PROD_3953;10;3455.4;34554.0;2023-06-29;credit_card;Fernandes da Serra;SP;shipped;parceiro_b
76d09060-797c-704e-c1cb-99cefa149186;CUST_01217;PROD_2945;6;1999.27;11995.62;2023-06-11;pix;Fonseca;RJ;pending;parceiro_c
16d39b99-96a8-d2f2-ea5e-5784db653850;CUST_19157;PROD_4117;10;3138.73;31387.3;2023-06-18;debit_card;Macedo de Nunes;RJ;shipped;parceiro_a
b0456594-ada4-f84a-4991-22a3d0efab94;CUST_08943;PROD_4119;10;4607.02;46070.2;2023-06-20;pix;Câmara da Praia;SP;pending;parceiro_b
a6f6a6f6-e84f-d66a-6ea7-c50fa9037458;CUST_02832;PROD_1560;6;2620.63;15723.78;2023-06-13;pix;Rezende de Goiás;SP;delivered;parceiro_c
c364c171-3adf-c469-cd1a-382fa92df824;CUST_05808;PROD_0984;2;2192.88;4385.76;2023-06-30;debit_card;Freitas;SP;delivered;parceiro_a
c0afa997-0d1f-47dc-7ab3-91c8d30261d2;CUST_43415;PROD_0855;8;1957.5;15660.0;2023-06-20;pix;Correia da Mata;ES;delivered;parceiro_b
fdcd17a2-c823-c774-d6d1-b51847a8e14b;CUST_41795;PROD_1906;16;2101.34;33621.44;2023-06-05;debit_card;Pastor da Prata;RS;delivered;parceiro_a
a357cdc5-29ac-2937-f394-38b27ef3b3ca;CUST_08453;PROD_4608;6;3958.45;23750.7;2023-06-12;credit_card;Viana;BA;delivered;parceiro_b
7ddbdd7e-581f-5d04-154f-08edabf15f10;CUST_14895;PROD_1544;10;1067.4;10674.0;2023-06-12;credit_card;Vargas de da Mata;RJ;shipped;parceiro_b
220384bd-641d-cc0e-43c2-f19e6d25effb;CUST_01649;PROD_2624;8;1623.24;12985.92;2023-06-05;debit_card;Machado;RJ;pending;parceiro_a
5e98bc94-090e-a273-7cca-c1a2b9ab8c46;CUST_05040;PROD_1939;7;374.78;2623.46;2023-06-28;pix;Pires do Amparo;MG;delivered;parceiro_a
7749e229-e803-9c93-92f7-98ebf6841d73;CUST_39741;PROD_3997;3;985.06;2955.18;2023-06-06;credit_card;Souza;PR;delivered;parceiro_a
8b907808-5813-539a-e90f-9e4823eef3e8;CUST_01778;PROD_3616;12;375.4;4504.8;2023-06-17;pix;Dias de Minas;MG;pending;parceiro_c
e4d9ba09-ed4b-4ac6-47a2-f952a278ad22;CUST_19222;PROD_2800;18;3596.06;64729.08;2023-06-17;credit_card;Aparecida;GO;shipped;parceiro_c
536d997c-744d-d74d-11ae-60e9bf298f17;CUST_01884;PROD_4303;15;2466.5;36997.5;2023-06-05;pix;Monteiro;SP;shipped;parceiro_b
88cc7974-8d8a-5d1a-b940-08c7d2f72c09;CUST_18357;PROD_1352;8;226.87;1814.96;2023-06-30;credit_card;das Neves;RN;shipped;parceiro_a
a7c6b15a-5aec-49d4-969d-c73bcf2ddfc5;CUST_42718;PROD_4590;15;2330.32;34954.8;2023-06-24;pix;Araújo da Prata;RJ;shipped;parceiro_c
1ab3d123-4bbc-3eb0-9c0c-43a9c1d8c9b2;CUST_25828;PROD_4173;13;2438.3;31697.9;2023-06-07;credit_card;da Rocha;SP;delivered;parceiro_b
393d2980-745a-a562-3fa8-3d5385d4883e;CUST_09882;PROD_4637;17;2774.06;47159.02;2023-06-06;pix;Camargo;CE;delivered;parceiro_b
fb8c7e6d-3552-27a4-e004-41c8b32e65ff;CUST_49869;PROD_1105;15;1521.39;22820.85;2023-06-17;credit_card;da Luz;SP;delivered;parceiro_a
6c7f7dee-de8c-9841-60bd-c3d81748221f;CUST_09650;PROD_4061;10;4473.22;44732.2;2023-06-20;credit_card;Ferreira;BA;delivered;parceiro_c
757c4f30-f54c-40a4-9dc8-18898c25f41b;CUST_40400;PROD_0938;12;4693.01;56316.12;2023-06-30;pix;Ribeiro;RJ;delivered;parceiro_a
79f46340-f6c2-a1a4-3cc1-35bc8348dd2c;CUST_44407;PROD_1587;16;156.48;2503.68;2023-06-28;pix;Cavalcante;RJ;pending;parceiro_b
a4d876e0-c13a-3694-c6b7-ef9a2782a7e5;CUST_33705;PROD_4963;14;2454.19;34358.66;2023-06-28;pix;Porto;MG;pending;parceiro_b
bd699fe5-68fd-6d60-77d7-af3193599a2a;CUST_37535;PROD_4161;16;2566.19;41059.04;2023-06-23;boleto;Lopes do Galho;SP;delivered;parceiro_c
1891eb56-9815-f150-4384-74a011c61271;CUST_03732;PROD_1430;14;83.74;1172.36;2023-06-03;debit_card;Rezende;SP;delivered;parceiro_b
907a9577-f8d5-3d5b-ab93-7074c9a4d67a;CUST_21932;PROD_4982;4;3573.41;14293.64;2023-06-02;credit_card;Vargas;SP;delivered;parceiro_b
efd2e3f6-2f3e-4275-7f14-b7d7fc71005c;CUST_10370;PROD_3796;9;2354.69;21192.21;2023-06-23;boleto;Monteiro de Minas;PA;delivered;parceiro_a
85e57164-86a3-0266-3299-845cf944c1eb;CUST_06743;PROD_4218;4;4909.33;19637.32;2023-06-06;credit_card;Brito;RS;delivered;parceiro_a
0daa9590-8ede-5f08-0570-54591e9638bf;CUST_14107;PROD_1514;8;4277.92;34223.36;2023-06-07;pix;Rios de Peixoto;RJ;delivered;parceiro_b
c31239ea-b7de-68f8-a978-f6c053e983fe;CUST_04911;PROD_4533;16;2408.56;38536.96;2023-06-17;credit_card;Jesus Verde;SP;shipped;parceiro_b
41ce1ec8-4938-375a-2fb9-2fde226d8d48;CUST_19211;PROD_2504;15;4441.24;66618.6;2023-06-27;pix;Rocha;SP;delivered;parceiro_b
411b8296-49e5-aef8-2b87-2c520909ae96;CUST_06014;PROD_4806;8;3659.1;29272.8;2023-06-27;credit_card;Fernandes da Mata;SP;pending;parceiro_c
519d2ccd-73c7-ac5f-124a-25be47944063;CUST_28456;PROD_2708;7;2273.14;15911.98;2023-06-18;debit_card;Teixeira;SC;delivered;parceiro_b
c08455be-166c-dae8-10aa-5544c0a72ce5;CUST_23000;PROD_0187;3;656.48;1969.44;2023-06-29;pix;Duarte do Sul;MT;cancelled;parceiro_a
43e4fc09-540e-134a-0e6a-571ec6073c1c;CUST_35018;PROD_0891;10;2224.74;22247.4;2023-06-03;credit_card;Cavalcanti;MG;cancelled;parceiro_a
231f9c7b-ca48-1796-2aae-6119720ce57d;CUST_24761;PROD_4231;13;2968.49;38590.37;2023-06-19;credit_card;Rodrigues;SP;delivered;parceiro_b
4b8bc591-dddb-1a01-0d92-bf3aa74b0b44;CUST_20118;PROD_4399;14;699.17;9788.38;2023-06-05;debit_card;Ribeiro;RS;delivered;parceiro_c
46665393-4c25-5410-f282-416b37231cdc;CUST_41159;PROD_4869;10;1655.19;16551.9;2023-06-06;credit_card;Abreu da Prata;BA;cancelled;parceiro_c
c3d2e409-dc18-7784-ccb6-a519d5543aed;CUST_23286;PROD_1119;6;1116.23;6697.38;2023-06-21;boleto;Moreira;CE;delivered;parceiro_a
57f42402-4f65-a1fd-ea6e-3fd0b968f4b2;CUST_00126;PROD_4508;5;3811.59;19057.95;2023-06-09;credit_card;Cavalcanti da Prata;SP;delivered;parceiro_c
aefcb078-c028-05cc-9184-a424426d251e;CUST_04990;PROD_0854;2;4512.5;9025.0;2023-06-07;debit_card;da Rosa da Serra;SP;delivered;parceiro_c
6e92e89f-77a0-b50e-4b9d-1fe5b8b5ad31;CUST_21444;PROD_1484;20;2124.05;42481.0;2023-06-29;credit_card;Pereira Verde;ES;delivered;parceiro_b
0b0203e4-1a8c-f142-46d9-8518f18b436c;CUST_37653;PROD_1196;7;4531.94;31723.58;2023-06-16;credit_card;Ferreira de Sousa;PR;delivered;parceiro_a
874c1a92-f4b0-a077-3d74-c4f5a4d99950;CUST_31570;PROD_1421;1;23.13;23.13;2023-06-06;pix;Siqueira da Mata;MG;delivered;parceiro_a
a9885609-0a3e-547e-4306-9776bc8f4ce3;CUST_05626;PROD_0594;17;3660.65;62231.05;2023-06-20;credit_card;Caldeira Paulista;SP;delivered;parceiro_b
0637d2b6-a94e-5c33-e0a3-9908105519cb;CUST_19925;PROD_3364;10;1182.59;11825.9;2023-06-14;debit_card;Pastor da Prata;RS;delivered;parceiro_b
64b338de-be67-ee21-a9a1-cbe958135e0d;CUST_49233;PROD_1191;16;565.75;9052.0;2023-06-26;debit_card;Silva Grande;MG;delivered;parceiro_a
80dcd99e-4565-f0f3-dd03-a7a71b77f035;CUST_22381;PROD_4717;9;616.81;5551.29;2023-06-17;credit_card;Cassiano;ES;delivered;parceiro_b
1fe186a5-d957-3c59-3b06-7d127d245e8f;CUST_07229;PROD_3207;15;4361.2;65418.0;2023-06-17;credit_card;Novaes;RJ;delivered;parceiro_c
0acf0511-d50a-eea1-e9ea-40096868acf2;CUST_25451;PROD_3063;12;212.16;2545.92;2023-06-08;debit_card;Marques de Minas;RJ;delivered;parceiro_b
52fdcc9e-1a60-0389-9876-a7da613c5f88;CUST_43080;PROD_1748;1;4839.12;4839.12;2023-06-04;credit_card;da Mota de Costela;MG;delivered;parceiro_a
e5ec7729-49f0-9fb8-e82f-46e6aa26a9d2;CUST_24647;PROD_2090;1;2268.99;2268.99;2023-06-08;pix;Aragão de Montenegro;ES;cancelled;parceiro_b
d9be1e4b-19e8-ebb3-0c1c-9867221c5aaa;CUST_32095;PROD_0134;16;4613.98;73823.68;2023-06-22;credit_card;da Rocha da Prata;PR;cancelled;parceiro_a
db214090-de6d-b671-ec8e-91f375c118df;CUST_18053;PROD_3855;3;3096.78;9290.34;2023-06-24;boleto;da Mata;SP;delivered;parceiro_a
e401d5b6-bbe9-cb70-ef97-6465a66f1d57;CUST_35965;PROD_4779;12;4131.48;49577.76;2023-06-08;debit_card;Aragão;MG;shipped;parceiro_a
4a25eca2-9933-0d59-4235-999eb7a033a5;CUST_12158;PROD_0516;12;4003.95;48047.4;2023-06-11;boleto;Ramos de Teixeira;DF;shipped;parceiro_a
7706c5e9-1996-533c-833a-0ae7d8f4dd00;CUST_05357;PROD_0587;16;4514.44;72231.04;2023-06-05;debit_card;Brito;PR;pending;parceiro_b
868d5a8a-9aff-a811-1ac6-0398fba7abad;CUST_23347;PROD_1527;1;2113.36;2113.36;2023-06-15;pix;Câmara de Ribeiro;RJ;delivered;parceiro_b
61bdb978-bdbe-6a51-dfef-effcd30ebcd1;CUST_25132;PROD_0589;17;4667.64;79349.88;2023-06-26;boleto;da Luz de da Cunha;RJ;delivered;parceiro_b
2f12f530-0fd1-0ebd-cdac-9f9f3e719b57;CUST_03409;PROD_1072;4;3241.34;12965.36;2023-06-09;credit_card;Camargo das Flores;SP;pending;parceiro_c
7133d2c6-3e56-d0de-5f73-e221a85b0b53;CUST_00375;PROD_1389;7;310.54;2173.78;2023-06-28;debit_card;Camargo da Praia;RO;delivered;parceiro_b
fb305c84-b554-0f67-0be0-1f0c67f4ab67;CUST_09648;PROD_4291;4;268.61;1074.44;2023-06-28;credit_card;Barros de da Mota;SP;delivered;parceiro_b
349021aa-ae2c-10bb-1360-c8296e72bfcb;CUST_04441;PROD_0944;10;4777.12;47771.2;2023-06-28;debit_card;Leão;DF;delivered;parceiro_a
a4c5b17c-a912-b7f9-54c8-666ab82c1344;CUST_01348;PROD_3864;3;4688.09;14064.27;2023-06-08;credit_card;Nogueira das Pedras;RJ;shipped;parceiro_a
0772decd-c7f2-ab83-ef1b-c3bd59f4e6b0;CUST_06322;PROD_2866;18;1583.25;28498.5;2023-06-06;pix;Lima;SP;delivered;parceiro_a
75b4b1e6-b06e-a2b1-0e50-8b24ea3ead7d;CUST_24037;PROD_4952;1;3844.93;3844.93;2023-06-20;credit_card;Sá;RS;delivered;parceiro_b
592b9b16-1dbe-e680-671d-019c142f6944;CUST_28107;PROD_0020;11;1622.1;17843.1;2023-06-27;pix;Alves;CE;delivered;parceiro_a
a134ff00-c9e5-5654-536b-c5a1ef5da1df;CUST_21432;PROD_4409;20;4526.98;90539.6;2023-06-08;pix;Barbosa;RS;delivered;parceiro_c
f9bc3296-ee00-16f3-d4f5-c7385dcf65f4;CUST_19033;PROD_4314;14;2677.85;37489.9;2023-06-06;debit_card;Carvalho;RO;pending;parceiro_a
7310d5ae-9a06-0caa-6afc-8371917a578e;CUST_03493;PROD_2463;1;4057.77;4057.77;2023-06-21;credit_card;da Rosa Paulista;SP;delivered;parceiro_c
adf4d33f-41e7-35ac-3d82-35a4c180b2f1;CUST_31195;PROD_0853;14;2761.11;38655.54;2023-06-29;credit_card;Borges Grande;SP;shipped;parceiro_c
4716151d-1831-ce4e-f115-e18bb56530e9;CUST_25625;PROD_1172;11;2312.49;25437.39;2023-06-24;credit_card;Montenegro do Campo;PE;delivered;parceiro_a
edb0a4c4-777a-370d-32d5-0c09532a0624;CUST_35670;PROD_2348;9;1422.15;12799.35;2023-06-23;credit_card;Fogaça de Costela;RS;pending;parceiro_b
7556eca0-cfb7-18ea-d70c-ddd2eaaab36c;CUST_45582;PROD_0810;4;458.13;1832.52;2023-06-17;pix;Peixoto do Campo;MG;delivered;parceiro_c
876a0d1d-627a-8c65-5111-ef6dd14c7020;CUST_45770;PROD_2177;17;324.3;5513.1;2023-06-29;boleto;Costela;RS;delivered;parceiro_b
dd60b673-7455-2ab0-26da-3ab7b4829b33;CUST_35618;PROD_1695;14;1700.15;23802.1;2023-06-18;pix;da Cunha;SP;shipped;parceiro_b
f6802fa6-a965-ea06-37e0-8ff8d78a6144;CUST_40580;PROD_0305;13;142.3;1849.9;2023-06-13;boleto;Costela;SP;delivered;parceiro_b
80a27682-92c0-79ca-c788-a3394b4eeea7;CUST_07006;PROD_2258;6;1349.02;8094.12;2023-06-14;credit_card;Fogaça;RS;shipped;parceiro_c
991efca0-af85-165d-def9-90dd21eeff1b;CUST_17602;PROD_2846;15;2186.57;32798.55;2023-06-29;debit_card;Nascimento;PR;delivered;parceiro_b
d3a4f3c6-34cb-4467-a15e-85be1b9d6a89;CUST_28186;PROD_2188;14;4717.98;66051.72;2023-06-27;debit_card;Mendes;PE;delivered;parceiro_c
b6dbf736-25c6-6452-51e0-3f495c4cbcb3;CUST_12881;PROD_4193;4;600.1;2400.4;2023-06-06;credit_card;Barbosa;CE;pending;parceiro_c
c726ca68-f5ed-35f1-1052-672c9d385aaf;CUST_31153;PROD_4614;11;4182.44;46006.84;2023-06-26;debit_card;Duarte;SP;delivered;parceiro_a
e1398899-5ae3-3969-efa4-bad7e276d949;CUST_05752;PROD_3351;17;3312.64;56314.88;2023-06-28;pix;Cavalcanti de das Neves;RS;delivered;parceiro_a
adbad3e6-6e5e-9d9c-a767-ca09495848d2;CUST_33737;PROD_4985;15;3079.67;46195.05;2023-06-16;debit_card;Fernandes;MS;delivered;parceiro_c
a8ecc7f3-04a1-0c92-3aee-9ad40afc8fc0;CUST_04466;PROD_1826;1;4407.09;4407.09;2023-06-07;credit_card;Martins;RS;delivered;parceiro_b
ead24b4d-dff8-8947-a278-3f9deb3d5f8f;CUST_46665;PROD_0720;8;1087.09;8696.72;2023-06-21;pix;Ramos de Moraes;SP;delivered;parceiro_a
0c4cc0d9-3e38-3b94-08a0-970bf754d99a;CUST_47093;PROD_3884;6;2449.56;14697.36;2023-06-03;boleto;Rezende;SP;pending;parceiro_c
d6878e65-ea82-69d1-5770-334fdaf8193d;CUST_23982;PROD_4206;14;4484.29;62780.06;2023-06-04;boleto;da Luz;RS;shipped;parceiro_c
205b600a-b1e7-eed0-99b6-6fd3108878a1;CUST_19371;PROD_2989;6;4517.8;27106.8;2023-06-21;debit_card;Nunes do Amparo;SE;shipped;parceiro_a
73927679-b4fd-0c36-b279-fdb005dfe98f;CUST_28904;PROD_1670;6;1879.62;11277.72;2023-06-27;debit_card;Casa Grande de Fonseca;BA;cancelled;parceiro_b
839e2226-a41c-091c-deee-bf55f84c6e58;CUST_41744;PROD_1652;17;4294.34;73003.78;2023-06-22;pix;da Rosa Paulista;AL;delivered;parceiro_a
6687364e-174d-994e-434e-4708a66433e9;CUST_12829;PROD_0559;18;4536.09;81649.62;2023-06-20;credit_card;da Rocha;GO;delivered;parceiro_b
9cfab5bc-6fff-9311-25b6-824018844879;CUST_24718;PROD_0403;17;2016.43;34279.31;2023-06-21;debit_card;Rodrigues Grande;RS;delivered;parceiro_a
11b336e0-2f7c-f838-5170-a6acf31a4c06;CUST_30708;PROD_3930;8;3811.04;30488.32;2023-06-15;credit_card;Sales da Praia;SC;delivered;parceiro_c
dd776850-efc0-7b98-3421-2b4e25212963;CUST_40370;PROD_2230;16;238.51;3816.16;2023-06-16;pix;Costela;SC;delivered;parceiro_c
1cfe791b-fa58-6cb4-bb04-0881df3af7b5;CUST_25219;PROD_3193;9;970.94;8738.46;2023-06-09;pix;Moura;RJ;pending;parceiro_b
363b8610-b9f5-bfd1-f301-cc21394d3572;CUST_28543;PROD_1021;5;2315.37;11576.85;2023-06-20;debit_card;Novais;RS;pending;parceiro_b
0b54eeff-7361-a927-2eda-33c731056915;CUST_05271;PROD_4308;19;4556.58;86575.02;2023-06-04;credit_card;Leão;RJ;delivered;parceiro_b
575fe32a-e84d-5dd0-26fd-3c108e10f1bc;CUST_35942;PROD_4917;1;3151.03;3151.03;2023-06-28;debit_card;da Rocha;RJ;delivered;parceiro_b
15a13acc-cf7c-29b4-6b86-d0a2cb75bf96;CUST_42886;PROD_3363;9;4713.78;42424.02;2023-06-20;pix;Siqueira Grande;RJ;shipped;parceiro_a
0d8b720b-8f5a-338f-23b3-85bcd88495a7;CUST_13389;PROD_0214;1;4799.57;4799.57;2023-06-15;pix;Nascimento;RJ;delivered;parceiro_c
7e2f91aa-5b75-fc18-1468-4192c4f654de;CUST_21714;PROD_2343;9;1230.08;11070.72;2023-06-25;debit_card;Pinto Grande;RJ;delivered;parceiro_a
2dc7c810-3469-5a50-d720-33c51b0ba4bc;CUST_03136;PROD_3396;19;1212.66;23040.54;2023-06-21;credit_card;da Conceição;SP;delivered;parceiro_c
7f0aaa9f-13e6-59dd-479d-984507e670d7;CUST_03792;PROD_3189;4;3265.25;13061.0;2023-06-02;pix;Barros do Oeste;SP;shipped;parceiro_b
a6bdac36-0a87-da6a-bdf7-47db5b64a761;CUST_20601;PROD_3496;15;750.1;11251.5;2023-06-15;boleto;Moreira;RJ;delivered;parceiro_c
b7712102-e381-0284-15af-7e8c88a5a5e6;CUST_10162;PROD_2197;4;3706.42;14825.68;2023-06-07;credit_card;Abreu de Goiás;RJ;shipped;parceiro_c
1e1bde58-0fb6-36f9-f95d-124cd62062b8;CUST_21349;PROD_0691;19;2590.89;49226.91;2023-06-26;pix;Martins;SP;delivered;parceiro_b
f3870e5c-04ba-39f0-a452-7eb3515ca235;CUST_49056;PROD_0030;5;1202.27;6011.35;2023-06-22;credit_card;Gonçalves;MG;cancelled;parceiro_c
308d8e19-56c3-c855-6559-c475a88d55db;CUST_10398;PROD_3624;16;4738.98;75823.68;2023-06-13;credit_card;da Cunha;SP;delivered;parceiro_c
326a6ee5-9c84-d82c-9bd2-581dc7cc1239;CUST_18950;PROD_2229;10;3578.09;35780.9;2023-06-11;debit_card;Viana;MA;delivered;parceiro_b
f3a7e716-dcbe-5041-7740-6ca2f977809a;CUST_10016;PROD_0421;5;2270.4;11352.0;2023-06-08;credit_card;da Mota do Galho;RJ;delivered;parceiro_a
66051a5e-4a2c-a9bc-8db0-00920cf7cc05;CUST_41780;PROD_4018;9;2112.56;19013.04;2023-06-20;pix;da Rosa Verde;ES;delivered;parceiro_b
798e326f-08cd-5fdf-b24b-ae631718b9bb;CUST_10766;PROD_2217;18;947.36;17052.48;2023-06-24;credit_card;Peixoto do Galho;PA;delivered;parceiro_b
5f71eabd-8bca-9b24-aa75-8544f4864f19;CUST_24305;PROD_1568;1;880.71;880.71;2023-06-24;debit_card;Sales da Mata;AL;delivered;parceiro_a
f5995b06-7ba6-75cc-7751-88323bb4bd95;CUST_14650;PROD_4216;19;4449.88;84547.72;2023-06-09;credit_card;Sousa da Praia;SP;delivered;parceiro_c
49d23d51-8cdc-4aae-8508-7a9551eaf48f;CUST_15231;PROD_1464;9;2210.29;19892.61;2023-06-05;pix;Pinto da Serra;DF;delivered;parceiro_c
1905f6c8-8fe2-f5d5-c949-1cf504f70310;CUST_37825;PROD_0276;5;824.66;4123.3;2023-06-10;credit_card;Cunha;SP;delivered;parceiro_c
962c065d-2a3c-2bda-efcd-ccb25fbaa18e;CUST_49719;PROD_2645;20;622.75;12455.0;2023-06-04;debit_card;Araújo;MA;delivered;parceiro_c
0eda9f4e-a04f-e268-8bf7-c76b56ff5300;CUST_00389;PROD_3392;15;4025.22;60378.3;2023-06-30;boleto;Casa Grande de Vargas;RS;delivered;parceiro_b
954c6315-1f86-61e5-8ddd-24886fff04e1;CUST_02467;PROD_0062;19;3799.78;72195.82;2023-06-06;credit_card;Vasconcelos;PI;cancelled;parceiro_c
96299b98-b719-508a-0f20-7e253b49f76b;CUST_32997;PROD_4924;20;650.38;13007.6;2023-06-14;pix;Sampaio;SP;delivered;parceiro_b
cccc78d9-be5d-4e34-41a5-a44d5200aea4;CUST_35327;PROD_4776;11;4011.86;44130.46;2023-06-02;boleto;Cardoso;RJ;pending;parceiro_c
86641e53-07f1-05bc-326d-77b7035e512b;CUST_43352;PROD_0268;17;525.59;8935.03;2023-06-12;pix;Pacheco;ES;delivered;parceiro_c
9ebd8b2d-7232-499b-74bb-e90e414b31ac;CUST_22868;PROD_1620;9;2417.85;21760.65;2023-06-30;boleto;Alves do Oeste;RJ;delivered;parceiro_b
2f62ff7b-2b9d-052c-debe-8d359f252ca6;CUST_45986;PROD_0197;20;3147.17;62943.4;2023-06-12;pix;Melo;RJ;delivered;parceiro_b
b9040453-13fc-d77e-63d9-d47de0277274;CUST_02791;PROD_4050;15;3412.42;51186.3;2023-06-29;debit_card;Pires de da Paz;SP;delivered;parceiro_c
3a0e7940-a1e8-f522-8974-fd624515a985;CUST_24915;PROD_4677;14;4697.82;65769.48;2023-06-30;debit_card;Fogaça Verde;RJ;delivered;parceiro_c
5d4004d1-e2c9-dbb5-b9a6-0e517f958a2c;CUST_38008;PROD_1570;14;3068.29;42956.06;2023-06-05;credit_card;Correia;SP;shipped;parceiro_a
9fa16696-fcbd-84b3-2af7-9a78fc12403c;CUST_02862;PROD_0208;18;3456.24;62212.32;2023-06-17;pix;Mendonça de Carvalho;PR;pending;parceiro_a
bbfbf87d-3409-dd1c-f1a1-76c852a3c230;CUST_20045;PROD_0516;17;3468.17;58958.89;2023-06-15;credit_card;Moreira das Pedras;RJ;cancelled;parceiro_b
1fbbdbb5-8bd1-45c1-56b6-1c88a757f2db;CUST_29654;PROD_4309;2;2519.64;5039.28;2023-06-02;pix;Fernandes das Flores;MG;delivered;parceiro_a
b70e28ef-0b6f-d1a3-71e3-dbec871def01;CUST_04005;PROD_3726;6;4834.43;29006.58;2023-06-16;debit_card;Aparecida do Sul;GO;delivered;parceiro_b
c8c04b6a-2536-f08d-29a0-0d1656d44fbc;CUST_14298;PROD_1881;6;2233.16;13398.96;2023-06-05;pix;Rezende;PR;cancelled;parceiro_c
d1cdaa3c-437f-ec4e-b8ca-07f003343d5b;CUST_07274;PROD_1047;9;3791.94;34127.46;2023-06-05;credit_card;Sousa do Amparo;MT;pending;parceiro_b
04e6b5cb-dd50-ab3b-5579-2d7777ebb647;CUST_21601;PROD_2810;16;3906.87;62509.92;2023-06-26;pix;Fernandes de Câmara;SP;delivered;parceiro_b
ff0d9140-b3c4-135f-ad2e-a2ef5befa4ca;CUST_30188;PROD_4149;17;1291.78;21960.26;2023-06-12;credit_card;Silva;PE;delivered;parceiro_c
fd2f0897-b38c-b571-194b-9b329b45b938;CUST_01787;PROD_3759;13;1167.36;15175.68;2023-06-14;credit_card;Vieira do Amparo;MG;delivered;parceiro_a
3ac55974-019f-7c96-1882-87d5cd5ba462;CUST_12176;PROD_0974;14;3698.37;51777.18;2023-06-19;credit_card;Campos de Minas;DF;cancelled;parceiro_b
4d26d843-46bb-cbfb-8466-eae945865d31;CUST_25503;PROD_3938;6;3035.56;18213.36;2023-06-04;boleto;Ribeiro da Prata;SC;delivered;parceiro_a
f8bd0ab6-e484-6ee4-07ae-9b830b0f91d9;CUST_20648;PROD_4140;8;1775.95;14207.6;2023-06-01;pix;da Rocha;PE;delivered;parceiro_a
42a4e968-0678-1ecc-eacf-58bfabe7fe19;CUST_27880;PROD_0866;13;1581.59;20560.67;2023-06-26;debit_card;Caldeira de Porto;PR;pending;parceiro_c
8bd21fea-282a-fb95-609b-1f5396595c9f;CUST_17063;PROD_0992;20;3096.74;61934.8;2023-06-04;boleto;da Mota de Goiás;SC;delivered;parceiro_c
262cdd12-afc6-c6c8-e4b1-3ace923a10dc;CUST_07474;PROD_3131;18;2039.11;36703.98;2023-06-28;pix;da Paz;RO;shipped;parceiro_c
1bc2714f-7092-a4b1-e102-66014adb890e;CUST_36250;PROD_2652;3;2934.27;8802.81;2023-06-22;credit_card;da Cruz da Serra;RJ;delivered;parceiro_b
2ca245d4-20b9-2f7a-8beb-501396a0a736;CUST_07735;PROD_0579;3;4662.21;13986.63;2023-06-16;debit_card;das Neves;RS;delivered;parceiro_b
848f4aa9-5ff6-10de-2382-600ed409e916;CUST_31288;PROD_1833;5;4585.44;22927.2;2023-06-24;credit_card;Cirino do Galho;MG;pending;parceiro_a
b15b2ec6-eab5-fb49-a5d3-a3eadf8a54c1;CUST_21280;PROD_0541;10;1998.04;19980.4;2023-06-14;boleto;da Costa;PE;shipped;parceiro_b
ece332a2-6bb6-e92e-a23e-c0151c08d246;CUST_45115;PROD_1999;9;2247.71;20229.39;2023-06-30;debit_card;Cassiano;SP;delivered;parceiro_c
08ce519b-71dc-39d1-ce2e-96cbfb8fd47f;CUST_43468;PROD_1204;15;3566.04;53490.6;2023-06-09;pix;Borges;PE;delivered;parceiro_b
c39d9a6d-1c3a-298e-1d1c-ed7b65b11b2a;CUST_29996;PROD_0293;13;1550.66;20158.58;2023-06-20;pix;Cardoso das Pedras;PR;cancelled;parceiro_c
32b65feb-fca5-57ac-8b00-0994e86a7cf1;CUST_01145;PROD_3657;3;2009.78;6029.34;2023-06-03;boleto;Alves;RJ;delivered;parceiro_c
99f59082-cd7d-9225-3ac0-12c6ef394060;CUST_25832;PROD_1583;20;4860.34;97206.8;2023-06-01;credit_card;Sá;PR;pending;parceiro_a
48b568be-2393-7d08-95ea-6efbd3edd504;CUST_30678;PROD_3922;8;4901.54;39212.32;2023-06-14;debit_card;Porto Alegre;PB;cancelled;parceiro_a
9d99134d-7ba8-45cf-82f2-98dc0e4bd465;CUST_02299;PROD_2009;11;4396.59;48362.49;2023-06-06;credit_card;Cirino;RJ;pending;parceiro_a
8c018903-1aa2-febe-adff-f0ad2b25dc07;CUST_47641;PROD_4236;7;2362.54;16537.78;2023-06-22;debit_card;Ribeiro Alegre;PE;shipped;parceiro_c
936aeb4b-4548-1daf-51b9-a4d5c02fa860;CUST_47105;PROD_2421;3;2107.35;6322.05;2023-06-05;credit_card;Campos;SP;delivered;parceiro_a
af1c923d-e909-350f-8c61-f4fb657b93ba;CUST_36781;PROD_3744;20;2350.37;47007.4;2023-06-22;credit_card;Lima das Flores;PR;pending;parceiro_c
3c4b9b24-4d5f-63e5-dfa4-55052f16691b;CUST_42654;PROD_0155;11;2429.59;26725.49;2023-06-25;boleto;Rios;MG;shipped;parceiro_a
1320ef7c-1bde-1827-0e31-0f72cbf932d8;CUST_17726;PROD_4738;14;4920.12;68881.68;2023-06-04;pix;Barros da Mata;ES;pending;parceiro_b
0653c120-fa79-61bc-c69d-1d5fbf58842a;CUST_16526;PROD_4692;20;1778.56;35571.2;2023-06-27;credit_card;Macedo de Novais;SP;delivered;parceiro_b
00922c93-ab7b-998b-d1fd-37907fdb50fd;CUST_37612;PROD_2463;20;276.66;5533.2;2023-06-09;debit_card;Montenegro de Minas;SP;delivered;parceiro_b
203df66d-d836-64df-b3ec-d5604ccbca4f;CUST_23591;PROD_3104;15;1267.34;19010.1;2023-06-10;boleto;Guerra de Cavalcanti;SP;delivered;parceiro_c
2f3c4b0a-3952-1a8d-62ee-df49725b70c7;CUST_42491;PROD_0860;2;1951.13;3902.26;2023-06-20;boleto;Camargo;SP;delivered;parceiro_a
478f2023-3274-66a3-eca9-33a3e0263891;CUST_10867;PROD_4937;17;982.83;16708.11;2023-06-28;credit_card;Ramos;PR;delivered;parceiro_c
66edb110-7666-7701-938c-f7deee883a3f;CUST_17815;PROD_0677;5;2874.7;14373.5;2023-06-10;credit_card;Cardoso de Monteiro;SE;delivered;parceiro_c
7879bb4a-2774-7dcf-742f-47f81905ec43;CUST_31643;PROD_2707;18;2805.34;50496.12;2023-06-08;debit_card;Farias do Galho;CE;delivered;parceiro_c
de8c979e-8caa-73b8-4557-e663fdb7552e;CUST_41244;PROD_4502;12;3487.82;41853.84;2023-06-06;credit_card;Barbosa;RJ;delivered;parceiro_b
77b8a254-329c-c3dd-2c7a-1e01d124c75a;CUST_14287;PROD_3459;2;1100.73;2201.46;2023-06-01;boleto;Sales Grande;RS;pending;parceiro_c
2e281ffc-13b2-e8d3-6e9c-bb73c8e6f642;CUST_39664;PROD_2237;16;2426.17;38818.72;2023-06-09;credit_card;Rios Paulista;MG;cancelled;parceiro_b
6865262f-5b1e-4a99-0ea1-ccd0a94273e8;CUST_10197;PROD_0694;2;1470.84;2941.68;2023-06-25;pix;Monteiro das Flores;SC;delivered;parceiro_a
a93854c1-924e-9a24-51ca-d64729906cb9;CUST_36776;PROD_4794;18;3578.49;64412.82;2023-06-11;credit_card;Cardoso;BA;delivered;parceiro_b
73993ee9-1fcf-1eb3-643f-19aa71e68992;CUST_46409;PROD_4242;2;3669.08;7338.16;2023-06-29;debit_card;Souza;PA;delivered;parceiro_b
dc55ed9c-0b31-2991-4315-f1f6aa7f9ff4;CUST_28206;PROD_0674;13;2661.22;34595.86;2023-06-28;pix;Caldeira;PR;delivered;parceiro_a
10ecb32f-fcd0-1109-a5dd-e40073ba4b82;CUST_11847;PROD_1186;9;1188.65;10697.85;2023-06-25;credit_card;Brito;SP;delivered;parceiro_b
5b556e8b-ab04-a09f-71ae-55aa22a08ed1;CUST_46074;PROD_1474;7;1094.0;7658.0;2023-06-12;debit_card;Cavalcante;CE;delivered;parceiro_b
d26f84cf-fc9d-f7fa-7bcc-763feaab4cba;CUST_39887;PROD_3393;17;400.39;6806.63;2023-06-23;debit_card;Siqueira de Minas;DF;shipped;parceiro_a
ffc4ce8f-586c-67bc-8c4a-fe6b5bf1afdb;CUST_32818;PROD_1359;2;3284.25;6568.5;2023-06-15;pix;Pimenta;BA;shipped;parceiro_c
ea207ba2-2eb5-671a-1558-bc67504bc55b;CUST_29192;PROD_1401;12;3404.59;40855.08;2023-06-29;debit_card;Jesus;RJ;delivered;parceiro_a
ba35e554-5fde-c71d-7054-887f791f6efc;CUST_24644;PROD_2039;3;588.87;1766.61;2023-06-11;debit_card;Mendes do Campo;GO;delivered;parceiro_a
d0a16e5c-cffc-657b-7db3-3a2fd71f4dd8;CUST_29400;PROD_0007;12;696.1;8353.2;2023-06-26;boleto;Cavalcante Paulista;BA;delivered;parceiro_c
78ccad53-510b-20d4-1586-326606b0ba2c;CUST_23956;PROD_4201;12;4322.77;51873.24;2023-06-27;pix;Castro da Praia;MG;delivered;parceiro_a
2cce6c3b-04c1-dc68-df1b-6e36334e59be;CUST_04930;PROD_2024;15;820.13;12301.95;2023-06-24;pix;da Rocha da Mata;RS;delivered;parceiro_c
942edc70-55b2-cc65-467a-82fc2452d6d3;CUST_21513;PROD_4603;8;336.45;2691.6;2023-06-20;credit_card;Mendonça do Norte;GO;delivered;parceiro_a
c486b754-75d0-d372-c519-e5abbe7c9b99;CUST_13648;PROD_3940;16;3583.08;57329.28;2023-06-12;credit_card;Fernandes;MS;delivered;parceiro_a
6ae2ece8-5007-ea60-f0a3-ee81b646121f;CUST_05910;PROD_1111;15;1566.51;23497.65;2023-06-16;credit_card;da Cunha do Sul;PR;delivered;parceiro_a
d24308a2-9213-7a34-b97e-8765848a39d1;CUST_35747;PROD_4771;18;948.46;17072.28;2023-06-28;pix;Machado de Ramos;PA;delivered;parceiro_c
6214140d-a9e6-949a-91d8-656e8f690503;CUST_10092;PROD_2200;1;390.98;390.98;2023-06-23;pix;Vieira de Pereira;BA;pending;parceiro_a
13f33460-6eb2-da43-ea80-0c8419143801;CUST_48138;PROD_1585;5;1060.29;5301.45;2023-06-21;credit_card;Duarte;PA;delivered;parceiro_a
029b73d3-0bf0-4f33-9aca-2be9a17fbd3f;CUST_37312;PROD_4783;2;625.89;1251.78;2023-06-29;debit_card;Macedo;PR;cancelled;parceiro_a
222d7100-9fe2-3cb0-befe-eb0fef4b97e2;CUST_48422;PROD_2378;11;714.78;7862.58;2023-06-22;pix;Novaes do Galho;BA;delivered;parceiro_a
58eef122-6a4a-ef48-0d8c-63e68d347310;CUST_15193;PROD_4657;12;4798.72;57584.64;2023-06-14;credit_card;Fogaça do Norte;RJ;shipped;parceiro_a
75476ee7-ab03-513f-2711-6e9aa4ed3fd1;CUST_46622;PROD_2141;9;1217.97;10961.73;2023-06-29;pix;Pastor do Sul;SP;delivered;parceiro_a
07ee11d2-d5f9-4ad7-f363-d0cc6ce1f23d;CUST_45216;PROD_3361;13;4042.4;52551.2;2023-06-24;credit_card;Nogueira;PA;cancelled;parceiro_b
d5420833-5b5c-72ad-5419-fd5ef2f21cbb;CUST_15237;PROD_2805;4;3392.2;13568.8;2023-06-11;credit_card;Albuquerque;MG;delivered;parceiro_c
3e1abf0f-c11d-610e-1cf1-d8e1c606bba0;CUST_25362;PROD_3259;20;848.04;16960.8;2023-06-06;boleto;Casa Grande;MT;delivered;parceiro_a
4a6fe59f-5fa2-7765-5fdb-202a49d0fd02;CUST_04106;PROD_4868;13;3678.91;47825.83;2023-06-18;credit_card;Pinto da Prata;AM;shipped;parceiro_a
c9376809-4c8f-9b31-a0d8-a09db15f4082;CUST_26802;PROD_2159;13;3101.36;40317.68;2023-06-18;pix;Duarte da Mata;PA;delivered;parceiro_c
6dbbfb88-cb27-cb0a-4391-fe1973d1965a;CUST_30244;PROD_0999;1;1906.38;1906.38;2023-06-28;pix;Alves das Flores;PR;shipped;parceiro_a
75656745-7c1b-92a0-55be-ba440201d64f;CUST_32299;PROD_4451;18;3740.45;67328.1;2023-06-05;credit_card;Montenegro do Campo;RN;shipped;parceiro_b
4c25335c-e881-3525-4cf7-00f9e082c246;CUST_08475;PROD_0840;3;2653.29;7959.87;2023-06-02;pix;Borges da Prata;RJ;cancelled;parceiro_c
5140f4ad-5f64-fcb5-4981-a1906a7722c5;CUST_13144;PROD_2613;12;3040.12;36481.44;2023-06-04;credit_card;Sousa de Goiás;SP;cancelled;parceiro_c
451b338c-8adf-3b7e-2bf0-1e66d903155b;CUST_38478;PROD_3190;7;2829.4;19805.8;2023-06-15;debit_card;Teixeira;PE;delivered;parceiro_b
972d67c8-4cc5-48ce-a397-977938c7c697;CUST_28959;PROD_4369;18;904.66;16283.88;2023-06-30;debit_card;Leão;PR;delivered;parceiro_c
e6aaf98e-6607-8b2b-a42f-3506204ab7ca;CUST_20240;PROD_3553;16;633.57;10137.12;2023-06-24;credit_card;Mendonça do Campo;DF;delivered;parceiro_a
cfe8adec-2d68-fc70-49c6-e5df8a66fd66;CUST_43231;PROD_1680;19;1416.31;26909.89;2023-06-27;credit_card;Cassiano;RJ;cancelled;parceiro_c
61870d81-f902-4da6-150a-a7eea4e837a8;CUST_24340;PROD_0916;9;1412.71;12714.39;2023-06-08;boleto;da Mata;RJ;cancelled;parceiro_b
ca507039-167d-1ae1-5937-4f200957025d;CUST_23648;PROD_2379;16;1949.97;31199.52;2023-06-05;credit_card;Pereira;PE;delivered;parceiro_a
4ab1c685-6363-e9fe-a6b1-7d97e2eb7cb4;CUST_14225;PROD_3927;1;4127.57;4127.57;2023-06-20;pix;Aragão da Serra;SP;delivered;parceiro_c
956e7bbd-5b9a-b3b3-abd7-b82b69ffeaf5;CUST_37830;PROD_2870;15;4322.11;64831.65;2023-06-05;boleto;Ribeiro do Oeste;RS;delivered;parceiro_b
2ee6b38f-9b43-3161-0e74-c1b935c80351;CUST_09556;PROD_4312;5;4694.34;23471.7;2023-06-21;pix;Ramos do Norte;ES;cancelled;parceiro_a
36962694-1911-0807-1332-443e2930a5b5;CUST_29058;PROD_4952;1;833.42;833.42;2023-06-10;pix;Gomes da Prata;MG;delivered;parceiro_a
4db4ae2b-be3c-32a5-cf29-b5f5cc367989;CUST_12850;PROD_2581;11;401.05;4411.55;2023-06-23;debit_card;Guerra das Pedras;SP;delivered;parceiro_a
a809ff10-87c6-fcee-9148-bfc194b23228;CUST_19525;PROD_0270;2;2663.51;5327.02;2023-06-02;pix;Souza;SP;delivered;parceiro_b
eec49f95-1a03-5260-bd9d-01c042ae8236;CUST_26381;PROD_0913;8;2075.19;16601.52;2023-06-28;credit_card;Sá;MG;shipped;parceiro_b
27d88bdb-2c1e-e1e5-aac7-53f9c29cccc4;CUST_32130;PROD_3527;19;1768.42;33599.98;2023-06-09;pix;Guerra;SP;delivered;parceiro_a
0c85a7c5-f6bc-bda4-8f99-14db0cd49cd4;CUST_22058;PROD_4517;13;4291.98;55795.74;2023-06-06;pix;Peixoto de Almeida;MA;cancelled;parceiro_a
48a030d6-fcf1-9337-719d-19e28a2ae1f1;CUST_09286;PROD_0442;17;2494.24;42402.08;2023-06-07;credit_card;Freitas;PR;delivered;parceiro_b
e5be357d-be1b-d689-1921-84c7bf21fd31;CUST_23996;PROD_1559;14;1779.94;24919.16;2023-06-29;credit_card;Caldeira;RS;shipped;parceiro_b
a3979eac-ac58-cee5-6dcd-869703c31911;CUST_09457;PROD_1561;20;3992.94;79858.8;2023-06-10;credit_card;Ferreira Alegre;RS;delivered;parceiro_a
364ed82d-de53-44d8-808a-459b454d7a50;CUST_39099;PROD_0380;3;3077.8;9233.4;2023-06-27;pix;Fonseca da Mata;SP;delivered;parceiro_a
7a96b173-012d-ed21-a632-f329ef4cd8c0;CUST_49624;PROD_4072;6;465.77;2794.62;2023-06-21;pix;Moreira;PR;delivered;parceiro_a
387a9d2d-6a23-d9e2-0006-99b694a9c8b5;CUST_38062;PROD_1085;7;2331.81;16322.67;2023-06-23;credit_card;Azevedo de Moreira;RS;delivered;parceiro_b
d4edfdf6-c9b5-b4ba-409b-69f049270576;CUST_40616;PROD_4777;1;4131.32;4131.32;2023-06-12;debit_card;Câmara Paulista;CE;delivered;parceiro_b
56767da8-9bbf-b7f6-08a9-eedcbd126c44;CUST_30763;PROD_0253;8;3537.21;28297.68;2023-06-07;boleto;Barbosa do Norte;SC;delivered;parceiro_b
7762c05b-1137-f2d2-f6dc-11b79445094e;CUST_09881;PROD_4642;17;4929.22;83796.74;2023-06-21;credit_card;Azevedo;AL;delivered;parceiro_a
68b21e3b-6561-ccaa-d920-491198731697;CUST_33924;PROD_3289;20;4804.72;96094.4;2023-06-25;credit_card;Farias dos Dourados;PE;delivered;parceiro_c
63129b80-b5a4-ed50-fec7-89a0e61b64cf;CUST_04727;PROD_0701;3;1343.54;4030.62;2023-06-21;credit_card;Andrade;RN;delivered;parceiro_a
4314265a-c628-3757-f6d4-98825ea6c38c;CUST_36994;PROD_1577;9;2125.95;19133.55;2023-06-29;pix;Guerra da Prata;SP;pending;parceiro_a
32c5df35-b2a6-8366-db0c-8a6ccf358111;CUST_29030;PROD_0728;19;2517.32;47829.08;2023-06-15;credit_card;Alves;RJ;delivered;parceiro_a
7779cf99-d6df-d0b4-2022-278f0e9550e6;CUST_15708;PROD_0511;11;4097.18;45068.98;2023-06-22;credit_card;Gomes de da Mota;PR;delivered;parceiro_c
3b992c8b-e6c4-c79b-e4d0-8f981e6613e4;CUST_26081;PROD_4772;15;1926.77;28901.55;2023-06-02;debit_card;Novaes Alegre;SC;delivered;parceiro_c
29ee7343-4656-6318-7484-af5b7422d753;CUST_16939;PROD_1111;4;4199.3;16797.2;2023-06-16;credit_card;Cirino do Norte;SP;delivered;parceiro_b
efdc3294-17bd-f3a9-8dca-f3bc3276952d;CUST_00633;PROD_2467;4;3182.74;12730.96;2023-06-13;debit_card;da Paz do Sul;RJ;delivered;parceiro_a
f9b1b681-9211-2b7c-d622-17ac4281bc3d;CUST_02578;PROD_4058;8;3492.0;27936.0;2023-06-25;pix;Rodrigues;RJ;delivered;parceiro_a
429cd4c8-d3c4-fcf6-c82a-592d51da7814;CUST_40263;PROD_3986;2;4832.34;9664.68;2023-06-08;pix;Nogueira;MG;delivered;parceiro_b
0b437e83-f869-47cf-b06c-6f3f60b1af88;CUST_29779;PROD_2155;5;873.94;4369.7;2023-06-17;boleto;Jesus;AM;delivered;parceiro_c
22622ad6-ce59-3bd9-e585-64af50461c82;CUST_16368;PROD_4555;11;2356.46;25921.06;2023-06-29;credit_card;Vasconcelos;RO;delivered;parceiro_c
711a216b-af83-59b8-2848-510c4d388c28;CUST_47275;PROD_4384;9;3640.04;32760.36;2023-06-28;pix;Cassiano;AL;delivered;parceiro_b
6ce07719-cd94-bc5d-0c00-c5612eacd224;CUST_42554;PROD_3551;17;1521.98;25873.66;2023-06-16;boleto;Araújo;DF;delivered;parceiro_a
4bdcda4a-0bc5-1f8c-af80-b3bf3ca674b3;CUST_03743;PROD_1964;9;2581.75;23235.75;2023-06-15;credit_card;Montenegro;MS;delivered;parceiro_c
91235bac-8aa6-9695-dfaa-8288ff9a7b5d;CUST_25807;PROD_1803;6;4968.64;29811.84;2023-06-01;debit_card;Costela;MG;delivered;parceiro_a
c5c98c75-00c5-e1df-e4a7-d92d561814c1;CUST_22051;PROD_3301;18;267.69;4818.42;2023-06-29;pix;Oliveira;SP;delivered;parceiro_a
94ecb87f-8af8-fff9-e67e-2e718ab9f55a;CUST_11074;PROD_1528;20;1869.59;37391.8;2023-06-03;credit_card;Araújo;SP;delivered;parceiro_b
c04136b0-ed53-0632-6bd2-532305dff181;CUST_46965;PROD_2908;6;548.52;3291.12;2023-06-11;pix;Casa Grande de Costela;ES;delivered;parceiro_c
9b2d3af6-7a8c-928d-40e7-95acc2e4bba0;CUST_01662;PROD_4500;15;4828.46;72426.9;2023-06-29;debit_card;Ramos;MS;shipped;parceiro_b
13bdc6d6-8bf5-c248-60e3-fe87ec630631;CUST_23606;PROD_0297;16;756.23;12099.68;2023-06-21;credit_card;Farias do Oeste;PR;cancelled;parceiro_c
930817fc-e0fd-c4e7-bef3-5acacd4c9f4f;CUST_10926;PROD_3446;16;3637.09;58193.44;2023-06-20;credit_card;Pires de Souza;DF;delivered;parceiro_a
8e9315d1-3dd2-438e-80d9-0a9310b56907;CUST_13653;PROD_2362;3;1715.55;5146.65;2023-06-14;pix;Pinto;RJ;delivered;parceiro_a
a08d930a-9320-29ab-af3d-a0e65a1bf24d;CUST_25959;PROD_0696;1;2922.63;2922.63;2023-06-16;credit_card;Gonçalves da Prata;SP;delivered;parceiro_a
b60be218-7061-49cb-5117-4f95a8d34be8;CUST_14983;PROD_4841;10;2682.04;26820.4;2023-06-04;credit_card;Costa;RS;delivered;parceiro_c
3060c740-0d8e-d5ab-9e0f-8bfbf1b6bce9;CUST_35761;PROD_3130;7;3058.91;21412.37;2023-06-23;credit_card;Nascimento da Serra;RJ;delivered;parceiro_c
c9d55f8f-e11f-65cf-ede6-355c78812ef7;CUST_04547;PROD_3272;11;3011.01;33121.11;2023-06-13;credit_card;Silveira;PE;delivered;parceiro_c
fdc414bb-5f43-8c8c-cd25-3d2ef739f4d2;CUST_48120;PROD_2768;2;3489.99;6979.98;2023-06-25;debit_card;Teixeira;SP;cancelled;parceiro_a
a16f3040-7341-e730-599a-f94606316d98;CUST_16735;PROD_2261;16;3558.41;56934.56;2023-06-19;debit_card;Silva;RO;delivered;parceiro_a
f177f639-4dfa-a698-4c29-aee6bcecaf7b;CUST_07953;PROD_3558;11;539.83;5938.13;2023-06-06;boleto;Costela;SP;delivered;parceiro_b
dfb819ab-506d-ddd3-1eb4-ca9c83527ac8;CUST_33665;PROD_2742;9;2384.34;21459.06;2023-06-05;debit_card;Azevedo do Galho;DF;shipped;parceiro_a
7a44599c-f075-0c78-f6a3-0ce78a8c6cae;CUST_38670;PROD_3671;14;3226.36;45169.04;2023-06-10;credit_card;Brito;SC;shipped;parceiro_c
e046f1e6-9edb-e2e5-9f9b-ecaddc8c8642;CUST_49056;PROD_4391;14;2120.94;29693.16;2023-06-10;credit_card;Nogueira de Mendonça;BA;shipped;parceiro_b
086eb1f8-9003-b3ff-3344-28e00588cb7a;CUST_15750;PROD_2113;9;1776.29;15986.61;2023-06-28;boleto;da Mata da Prata;PR;pending;parceiro_b
30651686-2ded-76a1-372c-7e4c43f3322b;CUST_43343;PROD_4347;12;1424.52;17094.24;2023-06-13;credit_card;Oliveira do Sul;SC;delivered;parceiro_b
52523d3e-3567-7b79-78c3-49b4452543c5;CUST_49576;PROD_4125;18;3451.23;62122.14;2023-06-05;credit_card;Cavalcante;SP;delivered;parceiro_b
8f94193c-f399-8380-441d-db476e417166;CUST_05436;PROD_4130;20;4633.32;92666.4;2023-06-19;boleto;Porto;RS;delivered;parceiro_a
4046211d-6a46-9373-77ed-a3b8474a7279;CUST_27722;PROD_0506;18;1999.17;35985.06;2023-06-22;credit_card;da Rocha das Flores;GO;delivered;parceiro_b
25875d69-3c6f-33cc-3524-ef1cc866740a;CUST_46274;PROD_4725;19;4435.17;84268.23;2023-06-16;pix;Cardoso;SP;delivered;parceiro_a
fe259122-2a3b-714c-15c6-a4a2a7930355;CUST_33943;PROD_2457;4;1315.54;5262.16;2023-06-20;debit_card;da Mota da Mata;RS;delivered;parceiro_c
a26dea50-d5f0-deab-fa7b-831c0165c02d;CUST_16446;PROD_1717;20;3897.17;77943.4;2023-06-19;boleto;Guerra;RJ;cancelled;parceiro_b
7fe4f66a-7b66-3056-3332-a359b02132bb;CUST_46810;PROD_0950;10;1901.34;19013.4;2023-06-24;pix;Freitas de Moraes;MG;delivered;parceiro_a
7125709c-ed3d-eb7a-4c67-2920f0325b1c;CUST_43153;PROD_3922;1;2190.29;2190.29;2023-06-24;debit_card;Câmara;CE;delivered;parceiro_b
cda500fb-e149-b972-fd40-2e1c1b240679;CUST_36434;PROD_2652;18;611.68;11010.24;2023-06-05;credit_card;Marques;MG;delivered;parceiro_a
5ef93c53-8435-2286-a11f-7484cd04ec07;CUST_16062;PROD_3766;12;607.2;7286.4;2023-06-10;pix;Sales da Praia;RS;delivered;parceiro_a
e6b6d5d3-3fd8-8116-6665-736726e94273;CUST_24687;PROD_1397;15;2306.38;34595.7;2023-06-10;pix;Silva Verde;BA;cancelled;parceiro_b
c23d4466-6735-3308-0752-142e1d39a545;CUST_03153;PROD_4861;1;4583.03;4583.03;2023-06-07;credit_card;Siqueira do Amparo;SC;shipped;parceiro_a
e9a6bc50-0b2c-3bfc-ab27-859de57539fd;CUST_32548;PROD_1092;9;1119.51;10075.59;2023-06-21;pix;Brito;BA;delivered;parceiro_c
602d2dc6-7cf4-872e-b169-d1e6820be047;CUST_02523;PROD_4502;4;2154.76;8619.04;2023-06-16;debit_card;Nascimento;SC;cancelled;parceiro_b
9a2b9596-7a0b-886f-d788-045a4fa69945;CUST_23689;PROD_2003;19;3815.14;72487.66;2023-06-14;credit_card;Rios;MG;delivered;parceiro_b
da317fbd-409e-5c57-181e-1b4b276bfbba;CUST_32542;PROD_3031;16;1441.08;23057.28;2023-06-12;pix;Moura;PR;delivered;parceiro_a
feb01781-730b-8dca-5f26-9695d4ce98fd;CUST_18388;PROD_4243;9;1963.52;17671.68;2023-06-25;credit_card;das Neves;PE;delivered;parceiro_b
89fa2b65-0d0b-123d-bcbe-4bf6ed2ee5d6;CUST_44265;PROD_3379;4;1671.13;6684.52;2023-06-17;pix;Marques de Barros;AL;cancelled;parceiro_b
12e287bd-0322-4bd1-63a7-86a53fc44a25;CUST_25442;PROD_4278;10;4084.84;40848.4;2023-06-04;pix;da Conceição;MG;delivered;parceiro_c
7ab57d55-ce8d-82dd-fea0-43131e595030;CUST_21775;PROD_0124;1;3145.76;3145.76;2023-06-26;boleto;Nogueira do Amparo;RJ;delivered;parceiro_c
3606806e-a81a-02d4-564f-09562160aede;CUST_19845;PROD_0799;11;2230.55;24536.05;2023-06-25;pix;da Rocha;MG;delivered;parceiro_b
9d1281cb-f076-4cdc-4cbf-147835de4d44;CUST_05366;PROD_3971;10;2845.05;28450.5;2023-06-29;boleto;Caldeira dos Dourados;CE;delivered;parceiro_a
62367607-b236-143c-8916-f2f48bfcfeab;CUST_21847;PROD_4354;10;613.13;6131.3;2023-06-13;debit_card;Aragão;SP;shipped;parceiro_a
9955c3c0-5835-3f22-fa45-3f12c0da9650;CUST_02311;PROD_2281;9;1147.7;10329.3;2023-06-05;debit_card;Rocha;PR;delivered;parceiro_a
2beccbd0-1e74-3967-f625-2da02e3c87b6;CUST_48382;PROD_1244;7;4483.27;31382.89;2023-06-30;pix;Fogaça dos Dourados;RJ;delivered;parceiro_c
21ed5815-e65c-2002-17f6-9eb145b8da18;CUST_49398;PROD_0095;5;3755.1;18775.5;2023-06-20;credit_card;Barbosa de das Neves;BA;cancelled;parceiro_a
26011859-f8d7-4ed9-0b35-ba7565302903;CUST_01818;PROD_4598;5;2819.67;14098.35;2023-06-15;boleto;Porto;MG;delivered;parceiro_c
d76ef8ae-9eee-995a-0153-799ab32011cb;CUST_23979;PROD_3300;1;149.34;149.34;2023-06-07;boleto;Barros de Pires;PR;delivered;parceiro_b
da93a9ce-621a-9355-6600-8ca42cf04100;CUST_10683;PROD_2158;7;3642.23;25495.61;2023-06-28;debit_card;da Cunha das Flores;ES;shipped;parceiro_a
d8331869-1fbe-4076-5f1f-6f97e0d49519;CUST_00802;PROD_2513;6;2189.16;13134.96;2023-06-26;boleto;Rezende;SP;shipped;parceiro_b
f4b20972-fdbe-aad0-af79-1935c2301aa9;CUST_13238;PROD_1128;20;647.41;12948.2;2023-06-30;boleto;Moraes;CE;pending;parceiro_b
a216371e-0b29-2c14-28fd-fbd13f88aee6;CUST_02159;PROD_2681;15;4432.98;66494.7;2023-06-01;pix;Marques do Campo;PR;shipped;parceiro_b
8ec86e14-43c2-5124-5fe4-4286e694405a;CUST_01772;PROD_0736;1;4067.28;4067.28;2023-06-22;credit_card;Albuquerque;ES;delivered;parceiro_a
6a7006ba-03aa-c4ea-cbc5-77fe31f24d4d;CUST_31654;PROD_4548;6;2620.78;15724.68;2023-06-30;pix;Sales do Oeste;RS;delivered;parceiro_c
d8849a4a-cca0-2ed5-b975-91d6bafd67ff;CUST_28800;PROD_2961;8;4851.43;38811.44;2023-06-20;pix;Souza de Rocha;RJ;delivered;parceiro_a
63943bb6-e985-9341-6076-beb17179458d;CUST_39112;PROD_3002;20;4470.69;89413.8;2023-06-12;credit_card;Camargo das Flores;SP;pending;parceiro_a
75e9fbe1-36dd-6a32-dffd-e63aca34bba6;CUST_33223;PROD_1099;15;297.68;4465.2;2023-06-28;boleto;Gonçalves de Goiás;SP;delivered;parceiro_a
b1011912-4a16-b506-fd66-f63b685a2d81;CUST_25760;PROD_4032;9;1469.33;13223.97;2023-06-08;credit_card;Fonseca;SE;delivered;parceiro_a
73822fc5-a467-5ffb-f889-78ded9793de6;CUST_10542;PROD_2537;17;1300.63;22110.71;2023-06-18;credit_card;Cirino de Goiás;RJ;delivered;parceiro_a
1c06e943-49fa-ac80-20b1-27e98bb0c98e;CUST_03096;PROD_0989;16;2495.44;39927.04;2023-06-14;pix;Teixeira Grande;GO;cancelled;parceiro_a
c5141443-73b0-8acd-7379-82365766541e;CUST_14132;PROD_0656;9;3484.82;31363.38;2023-06-07;pix;Oliveira da Serra;BA;delivered;parceiro_a
2d2fcd6f-172a-9731-f321-4f49a624ae50;CUST_05004;PROD_1572;9;3828.99;34460.91;2023-06-17;credit_card;Cardoso dos Dourados;SP;delivered;parceiro_a
3b8bc442-f62a-dab6-14c6-242cb6ca0e27;CUST_05688;PROD_3706;5;1122.49;5612.45;2023-06-22;pix;Cirino da Serra;MT;delivered;parceiro_a
80167388-bbce-671c-bb35-59d9a6c0de06;CUST_10582;PROD_1706;11;2580.89;28389.79;2023-06-28;credit_card;Ribeiro;MG;delivered;parceiro_b
af1b7ba8-2741-b211-a7e4-c91d6b59dfa8;CUST_05367;PROD_1404;15;506.86;7602.9;2023-06-16;debit_card;Araújo de Moreira;BA;shipped;parceiro_a
cd7d4d9e-9e04-efa3-7972-76f017d72717;CUST_11980;PROD_4193;12;1956.47;23477.64;2023-06-25;credit_card;Farias de Duarte;BA;delivered;parceiro_a
b422b8bd-cdde-826b-e3f2-d8054b8f830e;CUST_03062;PROD_3291;9;3423.75;30813.75;2023-06-28;pix;Borges Paulista;MG;delivered;parceiro_b
b23f3346-1e2e-dd8b-1fd8-a13a48a1dca8;CUST_32230;PROD_1300;20;3319.95;66399.0;2023-06-21;pix;da Rosa do Campo;RS;delivered;parceiro_a
7fe733ca-7648-b198-1f82-9ac4d40f0e90;CUST_11942;PROD_0934;3;3601.24;10803.72;2023-06-09;pix;Souza Paulista;SP;cancelled;parceiro_a
d35cab4f-4515-b158-ccbc-59a4f33c0b63;CUST_43108;PROD_0502;9;3078.82;27709.38;2023-06-17;pix;Costela do Oeste;RJ;shipped;parceiro_a
ead10163-a05b-645b-8e48-7b2f59a92a86;CUST_39874;PROD_3794;20;2372.8;47456.0;2023-06-06;debit_card;Leão da Praia;PB;shipped;parceiro_c
a025200e-a6e4-f437-be7b-224591064da0;CUST_30602;PROD_4615;3;152.69;458.07;2023-06-04;credit_card;Silveira de Sá;SP;cancelled;parceiro_a
90dce456-da9b-2e92-cf61-fb98f1923aa3;CUST_07855;PROD_4107;5;3903.18;19515.9;2023-06-02;credit_card;Siqueira de Jesus;RS;delivered;parceiro_b
57c2580a-2627-a417-070f-0c91dd105ac9;CUST_03557;PROD_4893;14;4847.67;67867.38;2023-06-06;credit_card;Albuquerque;RS;delivered;parceiro_b
598f8a59-c4ab-5aee-a2b9-2c3d011db0cd;CUST_22355;PROD_2393;5;2013.76;10068.8;2023-06-14;credit_card;da Cunha;PA;delivered;parceiro_c
a458a504-b99b-53ba-8333-bac8ed0e46e8;CUST_43816;PROD_1843;12;177.86;2134.32;2023-06-05;boleto;Moura;BA;delivered;parceiro_a
e9f19ebd-c1d2-008b-464c-513c1780356f;CUST_17130;PROD_1601;15;3869.98;58049.7;2023-06-24;pix;Rios de Goiás;MA;shipped;parceiro_c
21268bc9-aaa9-821e-c518-3c2036b59fb0;CUST_48438;PROD_4827;18;348.05;6264.9;2023-06-20;credit_card;Machado do Galho;MA;shipped;parceiro_a
428d1b34-f69b-5553-ed95-1870bf8c5bfc;CUST_36012;PROD_0556;3;3289.86;9869.58;2023-06-01;credit_card;da Rosa;RJ;delivered;parceiro_a
59491f4f-ba80-5842-6bcb-96af567c44ab;CUST_01354;PROD_4923;8;896.38;7171.04;2023-06-24;credit_card;Fonseca;MS;pending;parceiro_c
91167224-f604-d7aa-e517-6ed5646514c2;CUST_39106;PROD_3258;18;2761.56;49708.08;2023-06-03;credit_card;Porto de Jesus;GO;pending;parceiro_a
2a6f068c-fe3f-8784-b692-a953872a84c7;CUST_13277;PROD_1600;18;3118.72;56136.96;2023-06-18;boleto;Nunes de Sampaio;SP;delivered;parceiro_a
1790ebbe-fbe5-1a70-0fc8-398a803fb446;CUST_14626;PROD_3686;18;1901.91;34234.38;2023-06-28;pix;Alves;BA;delivered;parceiro_c
169516a2-aeb6-7468-ee6b-8f88c066dbac;CUST_33645;PROD_3231;12;4958.08;59496.96;2023-06-18;debit_card;Nogueira da Prata;RJ;delivered;parceiro_a
edbde334-d8db-094b-adbf-33c1bcb28e7d;CUST_45460;PROD_2054;18;1309.35;23568.3;2023-06-27;pix;Macedo Paulista;PR;delivered;parceiro_c
e19ae02c-3c98-41b4-f277-3564fb5afb47;CUST_37711;PROD_2318;14;4584.08;64177.12;2023-06-28;boleto;Pinto de Lima;PE;delivered;parceiro_a
e554278b-9240-b0be-c9fd-d5108da2c5a0;CUST_46042;PROD_2867;1;2677.58;2677.58;2023-06-06;pix;Ramos;CE;delivered;parceiro_a
376bfb54-0905-c76f-12d0-14a3d0c669a1;CUST_02348;PROD_2749;18;522.88;9411.84;2023-06-02;pix;Sampaio de Minas;SC;delivered;parceiro_c
b5ea065a-3c99-1fb7-2639-6fe97d28f04e;CUST_45220;PROD_3307;20;837.99;16759.8;2023-06-15;pix;Pastor do Sul;DF;delivered;parceiro_a
8ab22359-4b71-1479-8d73-baeaa6c5cff7;CUST_20193;PROD_2958;3;1787.4;5362.2;2023-06-30;credit_card;Freitas;ES;pending;parceiro_b
4f68edc2-5d3b-fed2-30d7-a8e74a73a0e0;CUST_11529;PROD_2689;3;119.92;359.76;2023-06-01;credit_card;Freitas da Mata;PR;shipped;parceiro_a
376de35f-219e-95d9-dcf7-45d144057203;CUST_08664;PROD_0590;3;1562.68;4688.04;2023-06-25;pix;Montenegro;AC;shipped;parceiro_b
c7c95ebf-f3f4-d8b7-f02c-b90152bced08;CUST_20444;PROD_2797;19;1156.35;21970.65;2023-06-20;pix;Santos;PR;delivered;parceiro_b
508338a1-b7c0-2460-f49d-90bfb6b7d1fa;CUST_48200;PROD_0780;13;4805.35;62469.55;2023-06-18;pix;da Rocha do Galho;SE;pending;parceiro_c
8deea55e-fc22-ee4f-05c9-a2c0976077d3;CUST_12467;PROD_4495;1;2975.5;2975.5;2023-06-21;boleto;Novaes do Oeste;MA;delivered;parceiro_c
8b743d95-4033-f865-2be1-f48dffeaed3f;CUST_06838;PROD_0958;16;33.0;528.0;2023-06-13;boleto;da Cunha;PA;delivered;parceiro_b
9936ef21-523c-b523-2c07-0993d5953c0c;CUST_43912;PROD_3917;15;2596.81;38952.15;2023-06-21;debit_card;Cunha;RJ;delivered;parceiro_b
7c79f6c0-8dda-9006-23bd-757527597589;CUST_03185;PROD_2142;8;3071.83;24574.64;2023-06-12;credit_card;Barbosa da Prata;SC;cancelled;parceiro_a
a3328aca-c2f0-620c-3a1d-f39c9bb29143;CUST_24498;PROD_4397;16;3758.58;60137.28;2023-06-11;credit_card;Alves da Praia;MG;delivered;parceiro_c
52064e08-7fe4-a953-ec9e-a3a60f911fc3;CUST_17266;PROD_2604;4;2627.8;10511.2;2023-06-30;pix;Correia;RJ;pending;parceiro_c
dbb5371a-2b80-00bf-a070-d8463a4ffcf1;CUST_30933;PROD_0771;2;2335.74;4671.48;2023-06-16;debit_card;Silva de Goiás;CE;delivered;parceiro_a
2d0e9078-1fc6-7200-d71c-ad81a641455f;CUST_42218;PROD_1764;8;2658.78;21270.24;2023-06-25;boleto;da Luz das Flores;RJ;delivered;parceiro_c
2a393bdc-4dba-ad7d-166c-2ea0e7b5b375;CUST_17787;PROD_4175;1;3849.03;3849.03;2023-06-14;pix;da Luz de Pastor;RS;delivered;parceiro_b
1bc9f371-1603-1766-7623-bcfea1cc8113;CUST_00021;PROD_2833;8;2052.04;16416.32;2023-06-09;boleto;das Neves da Prata;SP;delivered;parceiro_b
b3367e07-45f6-e8fa-4040-b130f6249782;CUST_14581;PROD_2471;4;4989.34;19957.36;2023-06-18;credit_card;Porto do Amparo;RN;delivered;parceiro_c
147dbb63-aa75-e3c2-5e9d-af5e7ad0b462;CUST_21574;PROD_3564;5;3659.46;18297.3;2023-06-22;boleto;Martins Paulista;BA;delivered;parceiro_c
b76609d4-4cd5-a7f4-8c3d-e1af32fb3c46;CUST_41013;PROD_0913;3;2380.39;7141.17;2023-06-05;debit_card;Leão da Mata;MA;delivered;parceiro_b
aa02f8f4-c865-4c93-b21d-893eeb517a66;CUST_45721;PROD_3291;1;16.85;16.85;2023-06-05;debit_card;Albuquerque;MG;delivered;parceiro_b
6e856e7b-4bf1-aaed-e5d1-be6416ac7c20;CUST_40178;PROD_3909;5;1621.07;8105.35;2023-06-01;pix;Barros;RJ;cancelled;parceiro_b
2b3927bf-a1b5-7fa7-0115-0d61086b893a;CUST_29253;PROD_4115;13;3114.07;40482.91;2023-06-07;credit_card;Vasconcelos;RS;delivered;parceiro_a
152fb191-0f02-73b9-7740-f556309587d7;CUST_47588;PROD_1510;9;4212.77;37914.93;2023-06-01;credit_card;Brito das Flores;MG;delivered;parceiro_a
e6c1190e-9677-7ba9-4295-08f6761a0159;CUST_22560;PROD_1149;13;2217.25;28824.25;2023-06-29;boleto;Moraes;RJ;delivered;parceiro_a
a79d0da7-df6c-b6b4-bfaa-50e07e8dd836;CUST_40309;PROD_4806;13;4124.5;53618.5;2023-06-19;pix;Almeida de da Paz;SP;pending;parceiro_b
8ee1965b-55ea-c55e-8c71-d0f5f519da9d;CUST_10862;PROD_1338;3;3284.76;9854.28;2023-06-05;debit_card;Cardoso;MG;shipped;parceiro_a
cf9c8ff7-a9cf-14c3-5fe1-31ac50b3f9d7;CUST_41299;PROD_1232;4;4007.48;16029.92;2023-06-20;debit_card;da Cunha de Araújo;RJ;delivered;parceiro_c
aadc37f5-82bf-37d5-04a1-d6021c3500a0;CUST_31407;PROD_4427;4;4694.8;18779.2;2023-06-20;pix;Camargo da Mata;SP;shipped;parceiro_c
f62a3c4d-dce8-1163-5828-513bd6f5c06b;CUST_02545;PROD_0950;8;4686.19;37489.52;2023-06-10;pix;Pastor dos Dourados;MG;delivered;parceiro_c
2bddecc5-8567-cbc7-488f-a9c25324ab10;CUST_14531;PROD_2503;17;4605.03;78285.51;2023-06-14;credit_card;Aparecida do Galho;PR;shipped;parceiro_c
eded48fc-8dff-8dc7-627a-b43b6154a265;CUST_08455;PROD_3621;20;1525.15;30503.0;2023-06-03;pix;Viana;AC;pending;parceiro_b
bde667df-0dd1-bd4f-1125-3a71c8f7e056;CUST_32360;PROD_0426;3;1017.79;3053.37;2023-06-03;pix;Cassiano;CE;delivered;parceiro_a
1ec1fd83-cedf-69c2-c996-58640bfecc47;CUST_27397;PROD_4982;20;2187.77;43755.4;2023-06-29;credit_card;Alves dos Dourados;MG;delivered;parceiro_a
ac7b55c0-fce1-d308-21e3-0ac0136d9668;CUST_20993;PROD_0541;1;4819.4;4819.4;2023-06-15;boleto;Pacheco de Montenegro;SC;pending;parceiro_a
ae7eede0-a0a5-e880-b8e2-aa5de6369f7d;CUST_49269;PROD_2930;20;2003.04;40060.8;2023-06-17;boleto;Santos;RJ;delivered;parceiro_b
26c35b4f-b783-2fa1-0fcf-59ebb274d379;CUST_17656;PROD_0434;17;2813.16;47823.72;2023-06-01;debit_card;Sales de Duarte;MG;shipped;parceiro_b
e08c82d2-0e37-2ebb-f898-f8e6605d9c22;CUST_32732;PROD_0925;3;4264.33;12792.99;2023-06-11;debit_card;Nunes;ES;delivered;parceiro_a
db92c058-1387-e907-4a23-ef893aa84a0a;CUST_11507;PROD_3379;15;2962.93;44443.95;2023-06-06;pix;Ferreira de Rodrigues;CE;shipped;parceiro_c
3833bd9a-6289-2ad3-7313-4287a82dec32;CUST_15356;PROD_2258;7;238.92;1672.44;2023-06-11;credit_card;Aparecida;PR;shipped;parceiro_a
72f4058a-f193-efe9-ef60-45f60297e66b;CUST_07496;PROD_0139;20;4126.2;82524.0;2023-06-25;pix;Rodrigues;SP;pending;parceiro_a
dbd8a587-84b7-163e-ae1b-e4184e7490ae;CUST_15093;PROD_3762;1;1829.33;1829.33;2023-06-22;credit_card;Ramos;AC;shipped;parceiro_b
f23655b3-e951-e044-d141-977fb319a15d;CUST_34377;PROD_3189;10;1066.23;10662.3;2023-06-25;boleto;Oliveira do Amparo;MG;delivered;parceiro_a
b50301ca-c301-ed44-62c8-5dcd8f444105;CUST_17226;PROD_4496;13;4221.94;54885.22;2023-06-08;pix;da Rosa;MS;delivered;parceiro_a
167c2505-d1a4-4bee-7eb8-66f420079dca;CUST_32228;PROD_4698;7;546.27;3823.89;2023-06-17;pix;Araújo;RJ;delivered;parceiro_c
37bf6dcc-efad-825f-af59-2ab86c5221eb;CUST_31966;PROD_4016;7;4843.28;33902.96;2023-06-07;debit_card;Almeida;GO;shipped;parceiro_a
c061c4e9-5776-e2d6-ba23-3d417e2e3091;CUST_29325;PROD_4848;12;4758.03;57096.36;2023-06-26;debit_card;Almeida;BA;pending;parceiro_a
7e6b4710-ea48-2b7d-d293-5dabd3186468;CUST_41211;PROD_4062;6;4716.05;28296.3;2023-06-03;credit_card;Barbosa;SP;delivered;parceiro_a
6ddb9276-e8b4-d503-761c-41b4d482cdbe;CUST_38672;PROD_3297;14;2008.15;28114.1;2023-06-15;debit_card;da Rocha de Minas;MG;cancelled;parceiro_c
3c40218c-cbad-0e0f-610e-72db6b86efb0;CUST_15653;PROD_1832;14;4071.69;57003.66;2023-06-22;boleto;Lima;SP;cancelled;parceiro_b
f1d2e7ab-e3d7-e4c3-9cac-d888a8505999;CUST_42655;PROD_2216;7;2686.58;18806.06;2023-06-04;pix;Carvalho;RS;shipped;parceiro_a
fbd13a84-475e-530b-3d86-5ee81dcc6a00;CUST_02673;PROD_2352;15;3620.27;54304.05;2023-06-14;pix;Pimenta;RJ;delivered;parceiro_c
475b15d0-de4c-4e9a-b048-129dc289f7d8;CUST_31840;PROD_1898;9;3296.73;29670.57;2023-06-24;debit_card;Martins das Flores;BA;delivered;parceiro_c
3c9adc20-d379-a712-9aa8-5b97e274114a;CUST_15310;PROD_2529;11;895.17;9846.87;2023-06-16;boleto;Teixeira;SP;delivered;parceiro_c
edb77fc3-850d-8255-2241-0ca8103552be;CUST_43668;PROD_1075;9;540.51;4864.59;2023-06-22;debit_card;Brito Paulista;RJ;delivered;parceiro_c
74873f7f-704b-9c75-609a-94b9f88beb39;CUST_38683;PROD_3840;5;3692.49;18462.45;2023-06-17;pix;Nogueira;SP;delivered;parceiro_c
04e184b1-933b-4c56-40f2-e50a72a692fc;CUST_46586;PROD_1878;16;3630.79;58092.64;2023-06-08;pix;Sousa;GO;delivered;parceiro_b
58b7a61e-abdd-df04-f526-9698bb33073f;CUST_48775;PROD_2508;18;3875.8;69764.4;2023-06-01;debit_card;Rocha;MA;delivered;parceiro_a
1fc8eb43-e0bc-a83d-f798-95ac383fa2c0;CUST_23471;PROD_2553;20;1514.32;30286.4;2023-06-18;credit_card;Fernandes;PR;cancelled;parceiro_a
e7d08b8a-a5d0-0887-300e-2373a28e3a25;CUST_44873;PROD_3448;7;4715.16;33006.12;2023-06-17;credit_card;Moraes da Prata;RJ;shipped;parceiro_a
ce9ad968-3b4a-6f45-ebbe-5c76d235e1aa;CUST_12070;PROD_1947;17;4917.61;83599.37;2023-06-30;credit_card;Araújo de Pacheco;PE;cancelled;parceiro_c
7d39fb2a-bd3f-76e5-c83d-7a440e839872;CUST_13928;PROD_2019;10;1895.86;18958.6;2023-06-17;pix;Costa de Câmara;SP;delivered;parceiro_a
cce8cacc-5311-dce5-ecea-bf374e21f297;CUST_19905;PROD_1039;8;4477.2;35817.6;2023-06-25;debit_card;Fonseca;SP;delivered;parceiro_a
e0192773-74ec-df2f-bac1-81fc96e90ac5;CUST_17476;PROD_2814;10;4779.7;47797.0;2023-06-21;credit_card;Vargas;SP;pending;parceiro_c
5d66c336-f706-bec0-f6f4-323d54a9a3c8;CUST_47901;PROD_3188;2;856.29;1712.58;2023-06-05;credit_card;Montenegro;RJ;shipped;parceiro_a
cf73948a-0731-e633-8ff0-1bc971e3ee6a;CUST_33200;PROD_1786;19;3381.53;64249.07;2023-06-29;boleto;Cirino;BA;cancelled;parceiro_c
904356ff-e5da-247b-4726-f721f069f57b;CUST_31631;PROD_4610;13;4849.35;63041.55;2023-06-30;boleto;da Luz da Praia;BA;delivered;parceiro_a
e27e3812-8f35-7308-b4ad-2dd72d4c53a4;CUST_14727;PROD_2227;7;4463.27;31242.89;2023-06-26;pix;Cavalcanti de Siqueira;SC;delivered;parceiro_c
6a58b4c5-4004-50af-0548-5137652d073d;CUST_11744;PROD_4719;7;145.04;1015.28;2023-06-19;debit_card;da Costa do Oeste;MG;delivered;parceiro_c
5db54e9c-7869-4065-9561-2ce4a17d889b;CUST_29294;PROD_1153;1;1607.74;1607.74;2023-06-11;debit_card;Moraes da Praia;RJ;delivered;parceiro_b
e23242cd-53c6-9d0e-78ea-9d3c338b9289;CUST_34775;PROD_2592;18;1580.37;28446.66;2023-06-14;credit_card;Nogueira do Sul;ES;shipped;parceiro_b
e2f6aa41-3310-9c2d-d070-b95c8f3edddb;CUST_41868;PROD_3344;8;2211.39;17691.12;2023-06-16;credit_card;Rodrigues de Rios;MG;pending;parceiro_c
929d215e-0a0e-2152-4ebe-6ae2860e42b5;CUST_09836;PROD_4766;14;3565.2;49912.8;2023-06-12;boleto;da Conceição do Sul;SP;delivered;parceiro_a
60f00ecb-e38d-50e4-be58-68e4c34b4e34;CUST_13435;PROD_2643;6;4308.86;25853.16;2023-06-12;debit_card;Jesus de Fogaça;RS;shipped;parceiro_b
8e18772c-5276-bc82-c9b2-bf5b87a3338d;CUST_48601;PROD_1528;14;883.49;12368.86;2023-06-03;pix;Siqueira do Sul;SP;delivered;parceiro_b
d6e88a08-d999-2680-bbf9-921596f66fbd;CUST_44663;PROD_0743;7;2934.4;20540.8;2023-06-18;credit_card;Dias do Sul;PE;delivered;parceiro_a
1d850cdf-f9b5-3bcb-1987-69f3078f5f01;CUST_49329;PROD_0363;1;2928.08;2928.08;2023-06-10;credit_card;Costela do Amparo;RS;delivered;parceiro_a
dc6273ef-fbad-a53c-4301-185cb4c266be;CUST_35331;PROD_0729;19;2315.6;43996.4;2023-06-28;credit_card;Pires;SP;delivered;parceiro_a
7525d1bf-90f6-969c-b5b1-4efd1c1aa6ef;CUST_19400;PROD_0925;2;3576.01;7152.02;2023-06-20;boleto;Fogaça;AL;delivered;parceiro_c
00af448a-5084-ef7c-525f-12f149c54521;CUST_29680;PROD_1015;9;4842.02;43578.18;2023-06-04;boleto;Sales de Araújo;SP;delivered;parceiro_b
cff7955a-2ef6-2c13-d04f-78abcdd8c37c;CUST_35836;PROD_4860;9;3814.65;34331.85;2023-06-23;pix;Casa Grande;RN;cancelled;parceiro_a
95847ad9-2a18-478b-d1d4-8bfac19be731;CUST_21650;PROD_3543;17;2065.7;35116.9;2023-06-22;pix;Mendes das Flores;SP;shipped;parceiro_a
f62f01ea-f85a-77d0-6bb2-465399a30004;CUST_03749;PROD_1120;8;1662.56;13300.48;2023-06-30;debit_card;Teixeira de Moreira;SP;cancelled;parceiro_c
824bfa53-6a81-4ac1-4e59-e91cd774da32;CUST_32756;PROD_2411;14;160.13;2241.82;2023-06-14;credit_card;Silva de Cavalcanti;GO;shipped;parceiro_c
172b3b5c-9802-bdd8-eabe-4c66132a2503;CUST_11668;PROD_0639;19;4855.09;92246.71;2023-06-15;pix;Fonseca;SP;delivered;parceiro_a
378e20e0-0897-cc70-a3b1-a1126482031a;CUST_32892;PROD_3587;19;3642.0;69198.0;2023-06-26;credit_card;Machado de Goiás;DF;delivered;parceiro_a
cf675dc5-6c13-94e2-fe52-90d9024d1e05;CUST_15557;PROD_3978;3;1257.29;3771.87;2023-06-28;boleto;Fonseca;BA;delivered;parceiro_c
bed4b1d2-59c0-4e55-537e-df005548a2a7;CUST_37429;PROD_4370;2;264.18;528.36;2023-06-19;debit_card;Castro do Amparo;BA;pending;parceiro_c
56596ba5-9b78-6dbe-9f7e-fce26d111a59;CUST_28699;PROD_0290;3;2671.82;8015.46;2023-06-05;credit_card;Cavalcanti do Oeste;SC;delivered;parceiro_b
44e0c4f3-1bf0-4a4e-8458-0a966986ca54;CUST_20122;PROD_0331;16;3339.5;53432.0;2023-06-16;debit_card;da Luz;AM;cancelled;parceiro_b
256dd999-2ca5-eac8-f2a7-fdc587f8a7f9;CUST_08926;PROD_2818;18;173.09;3115.62;2023-06-08;boleto;Novaes;SP;shipped;parceiro_b
246230d2-9fc6-dc61-335c-0abd664f08c0;CUST_11086;PROD_0138;6;778.38;4670.28;2023-06-27;credit_card;Novaes Grande;SP;pending;parceiro_c
a52c6210-ddf8-5590-3cfa-4b1f09079c93;CUST_45037;PROD_2981;9;4834.87;43513.83;2023-06-06;credit_card;Cardoso;BA;delivered;parceiro_b
e6b33098-afeb-3b26-4428-aa592d28fd61;CUST_39647;PROD_2723;20;1244.36;24887.2;2023-06-09;pix;Brito Alegre;MG;delivered;parceiro_a
8409fd62-c33a-ee96-7728-915292406a81;CUST_15943;PROD_1310;12;596.52;7158.24;2023-06-30;credit_card;Costa de Macedo;RJ;delivered;parceiro_b
7421abe6-af84-bbfb-e5e8-85a262758524;CUST_00555;PROD_2256;20;2625.52;52510.4;2023-06-26;pix;Farias de Brito;DF;delivered;parceiro_a
2619426a-c275-b341-2cb5-1296532c2324;CUST_12283;PROD_1959;1;469.97;469.97;2023-06-10;pix;Machado dos Dourados;SC;delivered;parceiro_c
7e030419-7c79-26b5-62cd-5ca24f4a9f1b;CUST_32846;PROD_4789;10;139.07;1390.7;2023-06-12;credit_card;Barbosa do Galho;PB;delivered;parceiro_a
dbb48569-5bd6-ec58-8750-f025d9fc61de;CUST_27817;PROD_1914;6;2076.18;12457.08;2023-06-27;boleto;Câmara;MG;delivered;parceiro_a
9f87ec5c-868e-7ba9-1628-dc6148aa1e55;CUST_19251;PROD_1443;17;1060.24;18024.08;2023-06-08;debit_card;Jesus;SP;shipped;parceiro_c
7f442519-2897-d848-48e0-0c717b579f9a;CUST_08665;PROD_2063;20;2602.82;52056.4;2023-06-19;credit_card;Ferreira do Norte;ES;shipped;parceiro_a
523f66cd-e3e2-c7a8-d7ab-b7a33475d0b1;CUST_04386;PROD_2120;3;569.13;1707.39;2023-06-12;boleto;Jesus;GO;delivered;parceiro_a
2031b97d-a816-6564-8d16-976f66d45bbe;CUST_11333;PROD_3199;11;1093.44;12027.84;2023-06-25;pix;Casa Grande;MG;delivered;parceiro_a
19daee70-611a-3a20-ef53-6efc8fbd3989;CUST_16433;PROD_2765;1;4965.23;4965.23;2023-06-12;debit_card;Martins;SC;delivered;parceiro_b
dded7f51-87e2-8bba-ad1b-a88ce99e30db;CUST_42738;PROD_1765;2;2383.83;4767.66;2023-06-27;debit_card;Cunha das Pedras;PA;delivered;parceiro_b
85e9e040-1385-8b7b-5290-89dafc466140;CUST_31777;PROD_1626;14;2015.26;28213.64;2023-06-26;credit_card;Casa Grande de Minas;SP;shipped;parceiro_b
77273f86-6194-9b90-da9b-6ae00746a291;CUST_20906;PROD_1135;20;3850.38;77007.6;2023-06-27;credit_card;Vieira de Leão;GO;shipped;parceiro_a
bc91f675-f983-04ed-bde2-a790d3f32baf;CUST_15460;PROD_0621;11;2559.94;28159.34;2023-06-25;pix;Porto;CE;delivered;parceiro_a
e641ab44-72ca-4557-e2da-a34fd0132184;CUST_27974;PROD_3831;9;3403.44;30630.96;2023-06-09;pix;Costela da Serra;RJ;delivered;parceiro_c
fbe420d5-d213-a44f-f2a0-3e5a6af920c2;CUST_49501;PROD_1990;18;46.05;828.9;2023-06-23;credit_card;Fonseca de Sousa;SP;delivered;parceiro_a
6f3e7b60-7387-6c0a-9bd3-5ebc99c0b6a6;CUST_22421;PROD_1863;14;3700.33;51804.62;2023-06-02;debit_card;Machado;RJ;delivered;parceiro_c
94d2a0fd-4331-9de2-455e-25c25950ceee;CUST_33375;PROD_2397;18;2875.72;51762.96;2023-06-02;pix;Fonseca;SP;shipped;parceiro_b
2c733fb1-cd6a-577a-fe22-88ec4875551d;CUST_38126;PROD_1672;3;1153.08;3459.24;2023-06-30;debit_card;Jesus Paulista;MG;delivered;parceiro_a
5b256d18-b00e-8869-25f6-7e22be9d4a56;CUST_42280;PROD_4018;2;976.08;1952.16;2023-06-26;debit_card;Costela;ES;delivered;parceiro_c
23fec77f-a227-1c91-f79c-57dff3c71b27;CUST_17381;PROD_4963;5;747.65;3738.25;2023-06-27;credit_card;Pacheco do Galho;MG;delivered;parceiro_c
66e213bc-e1bd-0cce-cd90-7853d0404f5a;CUST_21995;PROD_0663;19;3708.59;70463.21;2023-06-26;boleto;Carvalho do Norte;RN;delivered;parceiro_b
9dd16b91-ec0f-ab2d-e588-08cdd06b9b13;CUST_24696;PROD_4780;4;3417.17;13668.68;2023-06-28;credit_card;Sampaio;RS;delivered;parceiro_a
1264d7eb-694a-cf53-68e4-9a0010755123;CUST_09616;PROD_3945;3;2123.35;6370.05;2023-06-02;debit_card;Ferreira;BA;delivered;parceiro_c
eb3c1f54-c992-c856-0b44-ba9718dd00a9;CUST_30612;PROD_1649;14;3368.08;47153.12;2023-06-04;credit_card;Moraes;CE;delivered;parceiro_c
17c7d728-1b2f-e41b-dc55-7000acb807a9;CUST_42618;PROD_1114;11;3491.53;38406.83;2023-06-02;credit_card;da Paz;RJ;delivered;parceiro_b
59c1f160-5eca-faab-96ee-16f3ffe0edd5;CUST_36599;PROD_3764;13;2661.83;34603.79;2023-06-16;debit_card;Cirino do Amparo;RJ;pending;parceiro_b
20104e08-befd-eca9-ddcd-568633b43d9e;CUST_09399;PROD_3407;16;425.01;6800.16;2023-06-17;pix;Silva de Goiás;MG;delivered;parceiro_a
900d8194-0669-c0f2-e011-b662d5e773f1;CUST_07840;PROD_0049;3;138.51;415.53;2023-06-02;credit_card;Cassiano;RJ;delivered;parceiro_a
ed2dcea5-9bc3-45e4-6b8b-f71eec6718a2;CUST_15062;PROD_4138;9;4355.37;39198.33;2023-06-24;pix;Azevedo;SP;delivered;parceiro_c
e5074e29-83de-b831-84b9-0ec7e9402fe1;CUST_05103;PROD_4841;10;4717.08;47170.8;2023-06-19;credit_card;Duarte;RS;delivered;parceiro_c
18c141dd-603a-fc42-c861-a8f525f8c4a3;CUST_47143;PROD_1203;17;191.91;3262.47;2023-06-11;pix;Peixoto de Fonseca;SP;shipped;parceiro_a
72879e22-0f6f-e13d-d5b0-1b41eda04228;CUST_04623;PROD_2316;9;1201.38;10812.42;2023-06-06;credit_card;Melo de Teixeira;AC;delivered;parceiro_a
ed47c7f1-57f0-b69a-ff9a-746711e01df1;CUST_33645;PROD_2748;17;2192.94;37279.98;2023-06-17;pix;Lopes de Minas;SC;delivered;parceiro_a
035f221f-5b4c-adaf-7f82-74e972883aea;CUST_30791;PROD_3390;8;2902.81;23222.48;2023-06-24;boleto;Lima;SC;delivered;parceiro_a
63f99c03-5b42-0d0d-d1a8-3af0417fe51c;CUST_43593;PROD_3833;16;4837.57;77401.12;2023-06-24;credit_card;Abreu da Serra;PR;pending;parceiro_c
ee34fc89-35e0-5a06-b3c6-e05ffd122ed1;CUST_33952;PROD_3813;12;197.0;2364.0;2023-06-17;pix;Vieira;RS;shipped;parceiro_b
4b8266cd-614a-54c7-ea62-0f90041d4781;CUST_46983;PROD_2148;16;4620.2;73923.2;2023-06-09;debit_card;Albuquerque;SP;delivered;parceiro_c
f3922390-3488-f58e-c6d4-1f08271e50bd;CUST_22505;PROD_1910;3;4911.29;14733.87;2023-06-01;debit_card;Santos;SC;delivered;parceiro_c
5299f243-ea62-af36-4f18-c52e4ee41f8d;CUST_03862;PROD_2599;19;220.71;4193.49;2023-06-10;pix;Gonçalves;RJ;delivered;parceiro_a
10f7e796-17f7-1262-c229-3f498cfa7085;CUST_20469;PROD_1863;11;2773.39;30507.29;2023-06-12;debit_card;Costa;SP;delivered;parceiro_b
1a800f93-cd55-1a5a-9eac-1d141f9da367;CUST_30206;PROD_3387;11;336.62;3702.82;2023-06-06;boleto;Araújo da Serra;MG;shipped;parceiro_b
41a38c86-b648-2ce1-6e96-1250d2fa29cc;CUST_11484;PROD_4820;8;729.11;5832.88;2023-06-26;debit_card;Cardoso do Campo;PE;shipped;parceiro_c
d6eba9fd-78a0-37aa-7b81-567868c38613;CUST_22504;PROD_1400;20;4132.77;82655.4;2023-06-29;credit_card;Abreu;PR;delivered;parceiro_c
4663de4c-f7b2-2304-2d50-7c6416fbb331;CUST_31383;PROD_1877;8;4174.92;33399.36;2023-06-30;debit_card;Lopes;PE;delivered;parceiro_a
ecf45735-5867-65f0-7db8-4ea4ffd9c155;CUST_17787;PROD_2389;10;1665.04;16650.4;2023-06-05;credit_card;Guerra da Prata;SP;delivered;parceiro_c
76876477-a8bd-a45b-642b-9d1c38df4959;CUST_32295;PROD_0148;13;2669.93;34709.09;2023-06-27;boleto;Sá de Sampaio;CE;delivered;parceiro_c
94b69a6f-9b36-2e46-aef1-e26d32d383cb;CUST_46728;PROD_2722;12;3588.74;43064.88;2023-06-16;credit_card;Teixeira de Siqueira;SP;delivered;parceiro_a
75833eca-5260-f356-f541-1abdc6360442;CUST_02312;PROD_1769;16;2792.23;44675.68;2023-06-24;credit_card;Macedo;RJ;cancelled;parceiro_a
b8830164-f201-714b-d6f4-8d463c5aefd1;CUST_49659;PROD_4904;6;4948.12;29688.72;2023-06-19;boleto;Araújo dos Dourados;MG;cancelled;parceiro_a
25c517fe-ebb9-c718-08eb-c83857bd4f5b;CUST_45475;PROD_1981;10;4064.17;40641.7;2023-06-05;pix;Rezende;RS;pending;parceiro_a
21924460-2510-1dac-d615-99fb643f7d9d;CUST_48621;PROD_2457;10;1703.12;17031.2;2023-06-18;credit_card;Brito;SP;delivered;parceiro_a
a391baa5-9849-01ab-7b3b-ef1d897005aa;CUST_47232;PROD_2223;10;4108.37;41083.7;2023-06-30;pix;da Luz Grande;DF;delivered;parceiro_a
ffc740e2-839f-289a-4583-ff98f01c530e;CUST_28778;PROD_0166;18;4454.7;80184.6;2023-06-17;credit_card;Nogueira das Flores;BA;delivered;parceiro_a
edd63030-0aac-2db3-6aa8-62498a113714;CUST_00470;PROD_1410;7;3621.41;25349.87;2023-06-25;boleto;da Mata da Praia;SP;shipped;parceiro_a
1c5cc625-c4b1-382d-efb3-8b35b9991dfe;CUST_32484;PROD_1249;10;4470.3;44703.0;2023-06-11;credit_card;Sousa;BA;delivered;parceiro_a
707be868-26dd-580a-e46f-8d39bb3114d3;CUST_48078;PROD_2209;16;115.63;1850.08;2023-06-29;pix;Ferreira de Mendes;MG;delivered;parceiro_a
b6d1dc5a-1ba7-fff6-b2db-59c8fd43e2e2;CUST_04263;PROD_4541;8;675.8;5406.4;2023-06-29;boleto;Peixoto do Norte;DF;delivered;parceiro_b
abbb327c-703c-3c0e-c9a4-98861221e80c;CUST_33935;PROD_0097;7;4248.3;29738.1;2023-06-03;boleto;Melo;AM;delivered;parceiro_b
55db97c6-d72c-28db-d2b9-f2c1c0f1facf;CUST_35993;PROD_2463;1;2454.67;2454.67;2023-06-26;pix;Fonseca Grande;SC;delivered;parceiro_b
0ebeadee-eedd-6d54-e078-df26abf20f81;CUST_30575;PROD_3185;2;4030.78;8061.56;2023-06-14;boleto;Costela;RJ;cancelled;parceiro_a
df5fdefb-531f-9791-247e-81badc94c835;CUST_46532;PROD_4255;14;2531.14;35435.96;2023-06-16;debit_card;Aragão do Galho;ES;delivered;parceiro_a
3cc0d1de-750c-df96-0526-07c95e3470dd;CUST_19318;PROD_0559;19;1854.33;35232.27;2023-06-02;pix;Camargo do Galho;PR;delivered;parceiro_b
74d5fe8d-33e6-fdd4-7a20-0f995896ca4f;CUST_15711;PROD_4548;7;3898.93;27292.51;2023-06-12;credit_card;Guerra;SC;shipped;parceiro_b
8a099891-2d7b-8ca4-f4ca-d5554c2c5a51;CUST_49117;PROD_4991;6;3615.07;21690.42;2023-06-10;pix;Cardoso do Galho;PR;shipped;parceiro_a
7d06c67c-e09a-594d-b35e-efeef63c2086;CUST_05109;PROD_4104;15;2318.13;34771.95;2023-06-08;debit_card;Rezende;BA;delivered;parceiro_a
a0b94b33-be53-1c41-326e-b633ac81c7fc;CUST_11675;PROD_0583;15;3895.87;58438.05;2023-06-19;debit_card;Porto do Sul;RJ;cancelled;parceiro_b
d7976da3-5dce-0656-f4b8-4eee74fa7886;CUST_07469;PROD_2128;5;2071.17;10355.85;2023-06-25;debit_card;Alves;SP;shipped;parceiro_b
b349ed55-f782-8412-27df-1da79115c0d5;CUST_47880;PROD_3227;8;2140.58;17124.64;2023-06-27;debit_card;Guerra;MG;delivered;parceiro_a
4c9023cd-9e80-9bb9-8293-d4515dc19cc5;CUST_06315;PROD_1024;16;4170.03;66720.48;2023-06-18;debit_card;Teixeira Grande;MG;delivered;parceiro_b
874bee1c-9834-6533-a767-d5b699a37ea0;CUST_02889;PROD_2967;16;2847.65;45562.4;2023-06-06;debit_card;Silva;PR;pending;parceiro_a
2c6c24bb-1338-4414-04ac-520ebd34acd5;CUST_29100;PROD_1603;17;149.7;2544.9;2023-06-06;credit_card;Martins das Pedras;BA;delivered;parceiro_a
dc77585a-c8c4-1602-276a-b77a7511745f;CUST_35402;PROD_1667;8;4824.6;38596.8;2023-06-18;pix;Aragão de Goiás;ES;shipped;parceiro_b
34fd2b6a-4b9a-ec32-4a66-c6077cc0f217;CUST_47592;PROD_4279;16;2108.71;33739.36;2023-06-13;pix;da Conceição do Amparo;PR;delivered;parceiro_b
e0351fd5-ad48-925f-0a62-a6b7b7001a41;CUST_32114;PROD_3054;1;881.03;881.03;2023-06-05;boleto;Nascimento das Pedras;RN;shipped;parceiro_b
cbe455b9-717a-b158-6562-48b8100d6c5c;CUST_05867;PROD_3649;15;583.99;8759.85;2023-06-29;credit_card;Novais de Cavalcante;RS;delivered;parceiro_b
bde29d65-ce33-27c0-1dc4-89160a70fe78;CUST_22521;PROD_0061;1;2634.82;2634.82;2023-06-06;pix;Ribeiro;MG;delivered;parceiro_a
81ad1f0b-d145-9d42-f3c3-b8ec30c474d4;CUST_05093;PROD_0336;18;271.41;4885.38;2023-06-28;debit_card;Melo de Barbosa;PE;shipped;parceiro_a
5919ee3b-3ff7-438d-6ba7-2dfd0ad308d2;CUST_47156;PROD_3349;12;1394.29;16731.48;2023-06-10;debit_card;Novaes Paulista;SC;shipped;parceiro_a
90b88fb9-4d69-bfee-fea3-5e52c7071c5c;CUST_42036;PROD_4160;14;1130.75;15830.5;2023-06-03;boleto;Silva;DF;delivered;parceiro_b
95701d60-2c82-8ef8-a354-00c94ae8644b;CUST_39317;PROD_1116;11;4572.3;50295.3;2023-06-07;pix;Dias do Sul;SP;delivered;parceiro_b
f5876fe3-c885-9c1b-c20d-84bf45a0d29d;CUST_01973;PROD_3724;7;2443.72;17106.04;2023-06-07;credit_card;da Cruz de Goiás;RO;shipped;parceiro_a
e56c2480-6dc7-26f2-ac1b-6f303555a58f;CUST_35377;PROD_3395;5;1803.05;9015.25;2023-06-10;pix;Lima Verde;BA;delivered;parceiro_a
831588e0-60bf-dabe-a65e-092ea536732a;CUST_43372;PROD_0169;18;490.41;8827.38;2023-06-15;credit_card;Ribeiro;PA;delivered;parceiro_b
41f64dc3-1235-50e5-17f3-3e0bf17333c2;CUST_06824;PROD_4093;19;1296.74;24638.06;2023-06-11;debit_card;Pimenta;RS;shipped;parceiro_b
16e01fb0-60f0-638d-62eb-511b6c0c3d39;CUST_37542;PROD_1887;18;1258.65;22655.7;2023-06-20;credit_card;Vieira;SP;delivered;parceiro_a
f7a67f32-f330-6f5b-ca6b-0aad3f7d90ca;CUST_19589;PROD_0901;11;1709.28;18802.08;2023-06-07;credit_card;Rios;CE;delivered;parceiro_c
2a7ad455-8e10-0656-7d04-d7d1b91045be;CUST_23578;PROD_3244;10;3217.52;32175.2;2023-06-15;credit_card;Mendonça;GO;delivered;parceiro_c
5828ac4d-a96d-b558-233e-d8848b75218d;CUST_37139;PROD_2415;12;2215.97;26591.64;2023-06-08;credit_card;Cirino;SP;delivered;parceiro_b
e73431ca-0c22-e73d-7129-db236fd43bb4;CUST_09797;PROD_2008;17;2687.95;45695.15;2023-06-10;pix;Campos;SP;delivered;parceiro_a
5322da00-be10-add0-2018-cf33ee95fef6;CUST_24663;PROD_0893;16;1913.58;30617.28;2023-06-13;credit_card;Leão de das Neves;BA;pending;parceiro_c
5fcdf9fd-1d14-f9b8-1c8b-b9927339d504;CUST_40571;PROD_1880;12;3811.05;45732.6;2023-06-08;boleto;Nunes;RJ;pending;parceiro_a
b28537a8-34e0-d7fc-678a-fdfa52ca2693;CUST_07145;PROD_4068;15;4019.79;60296.85;2023-06-01;debit_card;Sampaio dos Dourados;RS;delivered;parceiro_b
df02f530-b47b-e520-7691-9413ef563253;CUST_37327;PROD_0411;2;1840.13;3680.26;2023-06-12;boleto;Duarte;RJ;delivered;parceiro_c
80a0ead6-d07b-c4c6-5d1d-5a8b943b74ea;CUST_06429;PROD_4780;20;3597.93;71958.6;2023-06-20;pix;Lima;SP;delivered;parceiro_b
4c7a30c4-e426-519c-2e66-c20bc7c5ab69;CUST_05868;PROD_3162;1;3740.69;3740.69;2023-06-22;pix;Macedo de da Paz;SP;delivered;parceiro_c
1ea02e8c-7a7b-e8fa-1514-834365a8dc11;CUST_35142;PROD_2249;1;1132.95;1132.95;2023-06-23;pix;Gomes de Aparecida;ES;delivered;parceiro_c
98b63d53-efa7-d10f-2e02-30ccc6d4287b;CUST_08088;PROD_1006;10;2857.21;28572.1;2023-06-25;debit_card;Nascimento do Norte;MG;delivered;parceiro_c
28fe29b8-5a5d-8bd8-de5f-0760bf3297f5;CUST_38230;PROD_2094;15;570.89;8563.35;2023-06-15;credit_card;Nascimento do Oeste;PB;pending;parceiro_a
41c621e7-f227-236f-f09c-185d1611dde8;CUST_18413;PROD_3313;7;3787.31;26511.17;2023-06-15;boleto;Cavalcante de Goiás;SP;delivered;parceiro_c
1957c6d1-9b3a-c3ca-b260-5059fdeb8cf7;CUST_19756;PROD_0036;10;1996.56;19965.6;2023-06-13;credit_card;Rodrigues do Amparo;AL;delivered;parceiro_a
ef1e8534-2540-4dd5-8d3f-c3a2c21977d1;CUST_08700;PROD_1079;16;4235.91;67774.56;2023-06-28;debit_card;Nogueira;RJ;delivered;parceiro_c
e87d4560-4861-95f1-0e6d-c57f939dfc02;CUST_06538;PROD_1101;20;2169.7;43394.0;2023-06-30;debit_card;Carvalho;PR;shipped;parceiro_a
30d88f24-d790-700b-84db-b655a9e0ad97;CUST_41807;PROD_1861;7;2000.8;14005.6;2023-06-04;pix;Monteiro Paulista;BA;shipped;parceiro_b
6c036d68-d181-7187-6be0-8c42696d4cae;CUST_12766;PROD_3307;13;2207.97;28703.61;2023-06-23;debit_card;Borges da Mata;CE;delivered;parceiro_c
d10fa93e-02e9-3f71-482d-1aad867c0b83;CUST_25326;PROD_3431;18;549.17;9885.06;2023-06-06;credit_card;da Costa de Aparecida;MG;delivered;parceiro_a
c44283bd-32b2-9dec-4371-b3afee0a9176;CUST_47736;PROD_0572;8;1837.23;14697.84;2023-06-09;credit_card;Pinto da Serra;MT;delivered;parceiro_b
bd838d3b-0d6b-5b65-c630-1e214063e2ec;CUST_06436;PROD_0138;12;2241.05;26892.6;2023-06-10;pix;da Cunha;PR;shipped;parceiro_a
57c50d0b-77e1-7f64-24ef-8127e9ac4133;CUST_43724;PROD_3026;3;808.41;2425.23;2023-06-15;credit_card;Pires;SP;shipped;parceiro_b
c27931b0-ada3-b41b-3038-d0fb0859c307;CUST_16240;PROD_3641;2;26.7;53.4;2023-06-28;pix;Borges de Garcia;MT;delivered;parceiro_a
6cd376e2-5ebe-56c4-74de-42c262d894f0;CUST_16462;PROD_4219;18;2580.63;46451.34;2023-06-14;pix;Almeida dos Dourados;MG;shipped;parceiro_b
ce65ef55-88e1-9f76-ebe7-55b879d376cc;CUST_27549;PROD_1063;16;3428.62;54857.92;2023-06-30;pix;Montenegro Grande;MG;delivered;parceiro_b
2018b751-ff91-4bda-28c6-f1f09fd43ede;CUST_12531;PROD_4239;15;3423.97;51359.55;2023-06-27;pix;Gomes;PR;delivered;parceiro_c
4bbacd4e-c7f6-9149-3954-21a031fe3854;CUST_04996;PROD_0714;1;1658.99;1658.99;2023-06-26;credit_card;Vargas;SP;delivered;parceiro_a
a1c64a72-9348-a23d-2db2-11b921141b65;CUST_12344;PROD_2596;2;4524.4;9048.8;2023-06-26;credit_card;Leão de Machado;RJ;cancelled;parceiro_b
1bfb5b25-fe06-7fe2-aef6-bd4a72e2ea32;CUST_44128;PROD_2031;5;1238.53;6192.65;2023-06-20;debit_card;Nunes;BA;delivered;parceiro_a
c2446baf-8c02-e3a7-205c-24bd9744e34b;CUST_39730;PROD_2693;13;2548.7;33133.1;2023-06-19;pix;Pires de Cavalcanti;BA;delivered;parceiro_a
1804b181-f782-3385-6ed6-6cd0499917a5;CUST_02490;PROD_2328;16;75.82;1213.12;2023-06-05;credit_card;Araújo;RJ;cancelled;parceiro_b
a9cbc23b-da5e-3a82-9c20-eafe6ced0be7;CUST_15755;PROD_4152;19;1563.8;29712.2;2023-06-29;boleto;Albuquerque da Mata;SP;delivered;parceiro_b
141380e5-b866-ddc1-ab5b-6774ce5d6574;CUST_05067;PROD_4350;2;532.63;1065.26;2023-06-30;pix;Garcia do Norte;AM;cancelled;parceiro_a
5f9bc209-b390-6833-2fb2-e2c58cb48839;CUST_33879;PROD_4599;2;4515.31;9030.62;2023-06-17;boleto;Rios do Campo;DF;shipped;parceiro_c
9ee7348b-5b00-d460-595a-f8a365c3906f;CUST_32941;PROD_1744;19;1063.05;20197.95;2023-06-11;boleto;Vieira de Pires;SP;shipped;parceiro_c
39024e20-649e-b17c-e76f-fde1bc477457;CUST_33412;PROD_3572;4;2469.87;9879.48;2023-06-10;pix;Carvalho de Minas;MG;delivered;parceiro_a
0955dd5f-045f-fe3e-09e6-133e93b63de5;CUST_34134;PROD_4926;6;1504.69;9028.14;2023-06-27;credit_card;da Cunha Paulista;AM;delivered;parceiro_c
5c7e5245-d0b0-d4bf-2181-c1133bc7b793;CUST_09420;PROD_4999;20;2887.43;57748.6;2023-06-20;credit_card;da Costa Paulista;SP;delivered;parceiro_a
0cde9ae6-0baf-d521-91a5-2c31bfa964dc;CUST_02430;PROD_1572;5;2634.85;13174.25;2023-06-14;debit_card;Caldeira de Nogueira;MS;delivered;parceiro_b
f92a9982-4406-f405-3b4b-afae3db511c7;CUST_37399;PROD_1856;14;3165.29;44314.06;2023-06-07;debit_card;Rodrigues Paulista;MG;delivered;parceiro_c
b7110f41-21b8-b9c9-e3d7-795cc51b34ad;CUST_35385;PROD_0109;7;545.23;3816.61;2023-06-24;credit_card;Sousa das Flores;RS;delivered;parceiro_b
50561e37-a987-958d-3367-7597baf6c8a6;CUST_43241;PROD_4840;15;4719.28;70789.2;2023-06-04;debit_card;Costa das Flores;SP;pending;parceiro_c
c3988e46-eb85-7bf8-6e10-b754cbd64ce2;CUST_44452;PROD_2332;2;2134.53;4269.06;2023-06-04;debit_card;Pacheco Verde;GO;shipped;parceiro_a
de732448-46a1-97fd-ebb9-6687cecdc249;CUST_37240;PROD_1977;10;592.54;5925.4;2023-06-17;pix;Aparecida;BA;shipped;parceiro_a
dc072de8-e0a0-9357-2546-ed16ab225e75;CUST_24419;PROD_3614;6;4731.29;28387.74;2023-06-25;pix;Santos;MG;delivered;parceiro_b
d164a1d0-07b9-1a7e-7fa4-affe9ce172c9;CUST_11796;PROD_1786;2;3237.5;6475.0;2023-06-04;pix;Carvalho;PR;delivered;parceiro_a
c719f6e8-305c-792f-3fee-defbb0466307;CUST_03274;PROD_3577;10;2228.31;22283.1;2023-06-17;credit_card;Martins;SP;delivered;parceiro_a
6d3f7c98-2402-cc6b-aef2-b1e1dbf06134;CUST_04942;PROD_4402;13;3286.94;42730.22;2023-06-10;credit_card;Pinto;RJ;delivered;parceiro_a
b20b28ca-6d41-11fe-da47-a6000bdb7eeb;CUST_06089;PROD_1126;17;1144.05;19448.85;2023-06-17;credit_card;Castro das Pedras;PA;delivered;parceiro_a
5a4e3f5e-2e61-c687-63ba-7b2232a51ac9;CUST_13003;PROD_1708;9;4307.18;38764.62;2023-06-09;debit_card;Campos;PE;delivered;parceiro_b
63815f79-4f0b-5197-6ffb-8e011a7f4ed2;CUST_47469;PROD_4498;2;1743.16;3486.32;2023-06-25;credit_card;Sales de Sampaio;RJ;delivered;parceiro_a
1f507fe1-ca09-787f-5402-77906dce31d2;CUST_16203;PROD_4100;20;4054.06;81081.2;2023-06-15;boleto;Araújo de Viana;SP;delivered;parceiro_c
3f03dd02-7f10-be8b-8ab7-8132aa494f31;CUST_44808;PROD_0102;9;4071.87;36646.83;2023-06-22;debit_card;Lopes de da Cunha;RJ;delivered;parceiro_c
dbcf4bca-df75-8d81-d574-a9294c50f182;CUST_19003;PROD_0190;8;3046.35;24370.8;2023-06-25;pix;Lopes da Praia;RJ;delivered;parceiro_a
6f2ee830-3e08-d79f-cb2f-b96765195750;CUST_34485;PROD_0819;13;2109.45;27422.85;2023-06-04;pix;Vieira;MG;shipped;parceiro_a
c72da19b-996e-0a33-1ac5-5d9a681d4566;CUST_10952;PROD_0277;17;694.3;11803.1;2023-06-23;pix;Ramos;BA;shipped;parceiro_c
a3b6bebe-869f-9bad-f59e-8c652eaae6b9;CUST_35611;PROD_0176;18;1753.25;31558.5;2023-06-21;debit_card;Gonçalves;BA;delivered;parceiro_b
c5856fb5-37b2-9eb8-5d2d-914a75d54948;CUST_17506;PROD_0402;1;4768.16;4768.16;2023-06-16;credit_card;Cunha da Praia;DF;delivered;parceiro_b
b22d410b-b391-2726-b1c1-4be571096478;CUST_35296;PROD_2133;1;4924.78;4924.78;2023-06-24;debit_card;Brito Paulista;RJ;delivered;parceiro_a
1902a300-c716-07d2-56c8-76a8c8fcf41f;CUST_16019;PROD_2075;7;1743.28;12202.96;2023-06-22;boleto;Costa de Moraes;RS;delivered;parceiro_b
04b08fb9-e271-4fa3-c506-14a35c7d6832;CUST_38841;PROD_0396;12;400.55;4806.6;2023-06-26;pix;Aragão;ES;delivered;parceiro_b
db7bfaa8-cdda-d642-115f-abb4561b27f7;CUST_12600;PROD_2118;10;2476.18;24761.8;2023-06-28;boleto;Costela;MG;delivered;parceiro_b
72411a8b-d211-38f0-b669-adfb326c00e3;CUST_23481;PROD_3218;9;4827.59;43448.31;2023-06-29;debit_card;Fonseca;BA;delivered;parceiro_a
fb62b3af-0a27-5638-9761-353f97ecfed6;CUST_21700;PROD_1490;12;1921.68;23060.16;2023-06-23;boleto;Cunha de Nascimento;CE;shipped;parceiro_c
10e0db4b-a51e-ecdd-26b2-ea48bf5697e3;CUST_04558;PROD_4860;7;4327.11;30289.77;2023-06-27;boleto;Castro;BA;delivered;parceiro_c
372363ff-e27a-c35f-c225-20a16105feb3;CUST_24375;PROD_3683;1;3560.08;3560.08;2023-06-16;credit_card;Campos;PA;delivered;parceiro_a
3aa573ff-cc4f-c9ec-f603-f9d99807f425;CUST_30409;PROD_3646;17;3197.04;54349.68;2023-06-05;debit_card;Fonseca;SP;pending;parceiro_a
80791886-64a0-e68c-f9dd-4c2b27f9772a;CUST_31339;PROD_4148;17;3780.48;64268.16;2023-06-27;boleto;Castro;RJ;shipped;parceiro_b
13e9da87-2fbd-5e42-ef13-5bc59d00b844;CUST_29696;PROD_2942;2;1231.99;2463.98;2023-06-24;debit_card;Leão;GO;delivered;parceiro_a
a0f6fe1b-6158-7fa7-94a5-6882825036f8;CUST_38352;PROD_4186;4;1895.7;7582.8;2023-06-19;pix;Costela de da Paz;DF;delivered;parceiro_b
0c79f305-e55a-a970-c810-0139b395e6d2;CUST_25698;PROD_1437;19;1319.38;25068.22;2023-06-25;debit_card;Souza de Minas;PR;cancelled;parceiro_b
07e3f902-f9da-688b-c37e-1eaf44e09214;CUST_36996;PROD_2968;15;1508.41;22626.15;2023-06-19;boleto;Araújo;CE;delivered;parceiro_a
5a593c26-71c5-460c-1331-6c3f5217e19c;CUST_17083;PROD_3661;14;4775.11;66851.54;2023-06-09;debit_card;Pinto;MG;pending;parceiro_c
856230c6-9a8c-3983-6e76-5017e1ab0d45;CUST_43501;PROD_3621;4;4152.89;16611.56;2023-06-24;credit_card;Farias;PR;shipped;parceiro_b
a657b049-da52-084c-f5a4-28ce3db07b38;CUST_45332;PROD_2436;9;406.19;3655.71;2023-06-03;pix;Rios da Mata;SP;delivered;parceiro_b
a96636cd-1af4-e93d-a970-22fc6d51d46d;CUST_33968;PROD_2768;19;1192.79;22663.01;2023-06-20;credit_card;Pinto;SP;delivered;parceiro_a
0a17c6ac-9643-62ae-aad1-41cb50ca802c;CUST_07120;PROD_4669;14;3792.52;53095.28;2023-06-08;debit_card;Pacheco;PR;delivered;parceiro_c
f3bd3e90-7b2c-4ad5-a041-5b8836ebeeb9;CUST_31814;PROD_0070;8;742.84;5942.72;2023-06-13;debit_card;Fogaça de da Cunha;RJ;delivered;parceiro_a
aa00fac6-9324-59ac-2af9-0abb16526ff6;CUST_24522;PROD_4277;5;1497.4;7487.0;2023-06-28;credit_card;Silva;SP;delivered;parceiro_a
0ec11d25-f285-6142-9013-ed0c27bfa839;CUST_49600;PROD_3846;10;1527.89;15278.9;2023-06-05;credit_card;Duarte;RS;shipped;parceiro_c
f76bd87e-4d2a-1142-31f5-50a731675396;CUST_38348;PROD_1982;17;3354.63;57028.71;2023-06-11;pix;Cavalcanti;SP;delivered;parceiro_b
5c73f85b-ba21-d757-d321-ed0b15cef31d;CUST_10959;PROD_0250;14;4619.69;64675.66;2023-06-25;credit_card;Ferreira da Mata;RJ;delivered;parceiro_c
38de27fb-1759-e3b7-00c8-bf5c6564a757;CUST_07683;PROD_1524;20;4093.52;81870.4;2023-06-16;debit_card;Monteiro;RS;delivered;parceiro_b
0d48e1a3-d11a-18de-cb45-f342f6c65760;CUST_08700;PROD_2834;16;1924.42;30790.72;2023-06-24;boleto;Nunes;PE;delivered;parceiro_c
ebe0aa1f-eda5-d43c-6872-ff3844c1e876;CUST_26376;PROD_0219;13;4538.62;59002.06;2023-06-01;pix;Garcia;AC;pending;parceiro_a
c5a28167-7182-b001-938f-3f540a7528ac;CUST_29733;PROD_2591;5;172.7;863.5;2023-06-20;credit_card;Freitas;BA;shipped;parceiro_a
599ec1a2-a142-2ebb-cac0-73beaec58185;CUST_36339;PROD_1239;10;2875.23;28752.3;2023-06-14;debit_card;Aparecida;RJ;cancelled;parceiro_a
3d1c181e-952f-5527-e897-89dd9e35bcdb;CUST_36004;PROD_4558;18;4082.41;73483.38;2023-06-17;credit_card;Correia;MG;shipped;parceiro_a
f7d38454-7fb0-84d3-7e02-876fd159e26c;CUST_39036;PROD_4858;7;1103.2;7722.4;2023-06-22;pix;Barbosa do Sul;RJ;delivered;parceiro_b
f3a740a7-496a-28c1-32b1-581fd8661469;CUST_17282;PROD_1306;17;3352.25;56988.25;2023-06-17;pix;Silva;RS;delivered;parceiro_a
d64dc2b3-c193-35ce-f99e-13011735be61;CUST_06729;PROD_3077;16;3956.88;63310.08;2023-06-21;pix;Abreu;MG;delivered;parceiro_a
b1219098-51df-0dff-b8ff-ec42d402bff3;CUST_37333;PROD_1210;8;3797.88;30383.04;2023-06-03;credit_card;Santos;SP;delivered;parceiro_b
2308201c-8688-c1c4-5e3e-adb1f9d7f634;CUST_41277;PROD_0945;15;693.82;10407.3;2023-06-06;pix;Andrade de Cassiano;SP;shipped;parceiro_c
077b0b9d-9481-2b2f-9b54-4350c3c61ba8;CUST_22444;PROD_4052;2;278.68;557.36;2023-06-29;boleto;Vieira de Goiás;PI;delivered;parceiro_c
39367713-a206-bc99-4043-d8afd3a0ae88;CUST_32895;PROD_0205;3;417.82;1253.46;2023-06-29;debit_card;Azevedo;MG;cancelled;parceiro_c
be25fb0a-d713-aea1-6d55-05a1e65804d3;CUST_45179;PROD_0537;8;705.67;5645.36;2023-06-30;boleto;Peixoto;RJ;delivered;parceiro_c
7202c32a-8143-3f1a-1777-91470ce1b2ef;CUST_11738;PROD_4249;6;2952.7;17716.2;2023-06-11;pix;da Rocha das Pedras;SP;delivered;parceiro_b
c14f2bbd-c889-4b02-0536-55f6cea48290;CUST_29626;PROD_2810;18;4076.1;73369.8;2023-06-11;pix;Farias;MG;delivered;parceiro_a
c9ad749c-30d4-6acb-0192-6fc693f46782;CUST_35137;PROD_1310;13;2343.14;30460.82;2023-06-01;debit_card;Rios;RJ;shipped;parceiro_a
1229cfae-4f2e-ad02-862f-859887d55b79;CUST_01560;PROD_3712;19;1875.96;35643.24;2023-06-05;pix;Guerra;PR;delivered;parceiro_a
c16c9990-0b2f-7e3d-5d7a-960f7bfa1895;CUST_09364;PROD_2625;2;3162.34;6324.68;2023-06-25;pix;da Rocha;RJ;delivered;parceiro_c
2a3bc352-de06-4a41-f3e0-4e09506b7066;CUST_09029;PROD_2553;5;2736.38;13681.9;2023-06-10;pix;Sampaio das Flores;MG;delivered;parceiro_a
f7b9d9c7-7aa4-791a-72c4-4570917824d8;CUST_37749;PROD_1694;15;1906.24;28593.6;2023-06-23;pix;da Cunha;SC;pending;parceiro_b
33f4e303-eaed-d3d7-06da-0a9c37d3f8a1;CUST_03387;PROD_4141;11;2996.14;32957.54;2023-06-08;pix;Azevedo de Goiás;RJ;cancelled;parceiro_a
16b064d3-b48e-1971-2d95-be493884d002;CUST_25061;PROD_1246;10;4834.98;48349.8;2023-06-24;debit_card;Borges do Norte;MG;pending;parceiro_a
768cbc02-fba3-9be6-d84e-8e630db8d1f9;CUST_48078;PROD_1062;12;2917.58;35010.96;2023-06-14;pix;Moraes;SP;delivered;parceiro_a
f4b3888b-b938-bed0-cf9b-fb6978f3537f;CUST_38427;PROD_2631;19;4507.78;85647.82;2023-06-03;boleto;Fonseca;SP;shipped;parceiro_a
3e56c715-dbc9-f4e0-ca1d-588c4bad9c16;CUST_23634;PROD_2973;17;3636.12;61814.04;2023-06-25;pix;Santos de da Paz;SP;shipped;parceiro_a
190976cf-1353-cb6e-6e5c-b04d432d18b5;CUST_02150;PROD_3152;20;1735.48;34709.6;2023-06-16;credit_card;Gomes;PR;delivered;parceiro_a
07850e1a-1f46-ad41-5f2c-5f1d27601a7e;CUST_17912;PROD_1305;5;3559.39;17796.95;2023-06-28;debit_card;Campos;RJ;delivered;parceiro_b
9f96cb05-65fa-8a46-7c64-47f1edda70a4;CUST_17503;PROD_1909;1;1897.45;1897.45;2023-06-23;credit_card;Pires;PE;delivered;parceiro_b
decd65bc-3db4-99e4-21f6-584d30662967;CUST_37355;PROD_0139;4;1732.11;6928.44;2023-06-23;pix;Melo;RS;cancelled;parceiro_c
6df595a3-7bc4-be32-af54-2d074f7b6b36;CUST_25343;PROD_0720;13;2164.9;28143.7;2023-06-21;debit_card;Andrade;PE;delivered;parceiro_a
5b3dce59-bb6a-a95a-6769-eb3cb694c765;CUST_40508;PROD_2927;4;2709.51;10838.04;2023-06-04;pix;da Mota das Flores;SP;delivered;parceiro_b
540d3fc2-48c6-a0a7-33e0-1ec1369b24f4;CUST_35019;PROD_1430;9;1930.57;17375.13;2023-06-05;pix;Cirino;MG;delivered;parceiro_c
89459319-9f26-6a80-7094-fb479f869c0f;CUST_29647;PROD_2202;8;1740.88;13927.04;2023-06-05;pix;Vasconcelos da Prata;SP;delivered;parceiro_c
19de285e-a104-91d2-db8e-69755bb94e88;CUST_02774;PROD_4602;10;656.0;6560.0;2023-06-12;boleto;Carvalho das Flores;PB;delivered;parceiro_b
df14e811-c9d0-fe71-5159-7ba06c5a7702;CUST_03869;PROD_2087;16;2230.18;35682.88;2023-06-17;credit_card;Gonçalves;RJ;delivered;parceiro_c
d0d86921-236d-aa27-f1f3-987e797c6da8;CUST_03110;PROD_0796;10;258.43;2584.3;2023-06-23;boleto;Silva da Mata;PI;shipped;parceiro_c
dc46d7b4-8bf9-06a8-55d4-17d902dd7780;CUST_49337;PROD_0338;13;3291.88;42794.44;2023-06-10;boleto;Pires;MG;delivered;parceiro_b
3411d3d5-7ed5-3036-4d9f-fd7bc34c6e0a;CUST_30079;PROD_2596;9;864.56;7781.04;2023-06-28;pix;Novaes da Mata;SC;delivered;parceiro_c
ecbe0299-d672-b026-8035-22121e3acca7;CUST_42164;PROD_3083;9;3608.74;32478.66;2023-06-15;pix;Siqueira Paulista;SC;pending;parceiro_a
8701b182-9c22-e837-0846-2c0910f02d8e;CUST_34717;PROD_2491;13;776.93;10100.09;2023-06-14;debit_card;Ramos da Serra;SP;delivered;parceiro_c
d865d97a-2b99-c635-2fd8-24ed161b9cab;CUST_02987;PROD_1258;17;4796.46;81539.82;2023-06-13;boleto;Farias;DF;delivered;parceiro_c
5a87aca8-6ab0-d43b-6949-11433aa798c5;CUST_40630;PROD_2478;10;4971.6;49716.0;2023-06-09;debit_card;Costela;RJ;cancelled;parceiro_b
d2be24f2-7fa8-667b-273a-b83a7fba7259;CUST_06762;PROD_1828;20;4315.11;86302.2;2023-06-18;credit_card;da Cunha;SP;delivered;parceiro_c
8519d245-f3fe-d0cd-0196-d2a1dc79589d;CUST_09554;PROD_4157;14;2259.65;31635.1;2023-06-09;pix;Gomes Grande;SP;cancelled;parceiro_a
6cf45a97-c073-6040-1304-b9e04e154fb9;CUST_39646;PROD_3445;3;1249.89;3749.67;2023-06-19;pix;Viana;RO;delivered;parceiro_a
0495ca4b-77e1-0ff9-beda-7d1e1e484233;CUST_39158;PROD_0918;14;1010.92;14152.88;2023-06-02;credit_card;Correia das Pedras;PR;cancelled;parceiro_c
1fc68fd4-d4e7-0957-106e-5788f01b8a88;CUST_44972;PROD_3252;11;3703.95;40743.45;2023-06-18;credit_card;Barros de Minas;RS;shipped;parceiro_c
c8935729-da04-80fe-65fe-95bcd2e79d6a;CUST_46690;PROD_3520;16;2900.25;46404.0;2023-06-30;debit_card;Rodrigues dos Dourados;SP;delivered;parceiro_b
467f7a11-a195-1e57-07a7-25a9d90b3619;CUST_01194;PROD_0720;7;331.43;2320.01;2023-06-23;pix;Rios Grande;SC;pending;parceiro_a
e5f84c2d-c0d7-caea-6d1a-f4b5ff19ed49;CUST_04702;PROD_3153;3;332.26;996.78;2023-06-26;credit_card;Garcia;SP;delivered;parceiro_a
7772c706-c8a5-c8db-674b-d635ff679486;CUST_29573;PROD_3015;16;2963.13;47410.08;2023-06-18;boleto;Viana;MG;cancelled;parceiro_b
3dbbb953-6af6-d2a9-5844-a7e383baebca;CUST_17664;PROD_2555;7;583.64;4085.48;2023-06-05;credit_card;Monteiro;MA;delivered;parceiro_b
1ea56988-ff6a-e568-53cb-89ab9aa35f6e;CUST_34523;PROD_2355;8;4289.56;34316.48;2023-06-11;pix;Fernandes Alegre;RJ;delivered;parceiro_b
5dfab676-c8bb-6c0f-8709-c877869a6d7f;CUST_28354;PROD_1611;19;3179.89;60417.91;2023-06-27;pix;Barbosa do Oeste;RJ;delivered;parceiro_b
de71134c-8c1f-3873-a848-a6ce04e1ac7a;CUST_00910;PROD_0797;7;4210.63;29474.41;2023-06-07;debit_card;da Mata;BA;delivered;parceiro_b
4f41dcc8-5c3a-ae66-72b3-171c2fc61ece;CUST_43066;PROD_1860;17;496.74;8444.58;2023-06-17;pix;Silveira;SP;delivered;parceiro_b
42951358-b843-0c54-6719-9708d09589b0;CUST_06026;PROD_0095;17;3783.62;64321.54;2023-06-17;debit_card;Oliveira;MT;delivered;parceiro_b
df867f81-d895-e141-6901-c25fe15bdedd;CUST_16864;PROD_1145;20;3584.62;71692.4;2023-06-22;debit_card;Mendonça Paulista;RJ;delivered;parceiro_c
4fe599ad-80f6-5cf4-0fc6-1fd43b184420;CUST_45290;PROD_2135;13;709.66;9225.58;2023-06-18;credit_card;das Neves do Galho;PR;shipped;parceiro_a
894e3232-56dc-3bc9-8573-cd242b50a671;CUST_21929;PROD_3674;14;2933.13;41063.82;2023-06-21;pix;Cavalcanti;SP;delivered;parceiro_c
51d73af7-9d6a-2e95-57c8-b83af2ab6328;CUST_09081;PROD_1999;12;107.8;1293.6;2023-06-04;credit_card;Borges;CE;shipped;parceiro_c
7fef8ea7-ed9f-3a31-e09f-1c150cc35b3c;CUST_22052;PROD_2016;6;4666.52;27999.12;2023-06-12;credit_card;Correia;MG;shipped;parceiro_a
48c8b3e6-10e2-473b-16be-13e7d60957ac;CUST_11334;PROD_4565;19;401.3;7624.7;2023-06-24;credit_card;Melo Alegre;RJ;delivered;parceiro_a
0920012a-a794-fc3c-44bc-ecefa832a902;CUST_07453;PROD_2891;7;856.99;5998.93;2023-06-04;credit_card;Montenegro;ES;delivered;parceiro_a
d3cd16ad-f86b-cccd-4355-ec3abd528ca4;CUST_46196;PROD_2575;2;396.96;793.92;2023-06-01;pix;Azevedo;PR;delivered;parceiro_c
335edf77-1169-9df3-a2c5-31d359dc34c4;CUST_40189;PROD_1018;15;1589.58;23843.7;2023-06-27;debit_card;das Neves das Flores;RO;delivered;parceiro_b
82019a55-8ec6-eca1-3139-893eac2a3801;CUST_11412;PROD_3802;13;3378.9;43925.7;2023-06-16;credit_card;Pereira;AC;delivered;parceiro_a
62656c65-5564-433b-a137-01a803a98647;CUST_03655;PROD_4637;3;1654.96;4964.88;2023-06-28;debit_card;Vieira;RS;shipped;parceiro_b
5aca4b8f-e6d1-6f6d-8c48-91e910d6875b;CUST_11619;PROD_1975;8;3351.04;26808.32;2023-06-14;credit_card;da Cruz;PB;pending;parceiro_b
79c4ef22-39ff-3669-51f9-26c0ba3ca7ee;CUST_20616;PROD_4662;7;2337.58;16363.06;2023-06-22;credit_card;Silva do Amparo;RJ;delivered;parceiro_b
7ef42374-c6ca-ceed-b925-5b5553f89036;CUST_01054;PROD_1012;5;2245.55;11227.75;2023-06-25;credit_card;Rocha;SP;shipped;parceiro_b
e3ac8f72-7271-2aa0-1f01-b86a05023cd9;CUST_14440;PROD_2938;5;1983.44;9917.2;2023-06-25;pix;Santos Alegre;SE;cancelled;parceiro_a
6b30a8cd-6d07-e982-688d-43d4461847ef;CUST_17952;PROD_2153;1;572.87;572.87;2023-06-06;pix;Pires Alegre;PE;delivered;parceiro_b
51bb92b2-cd31-ab82-2fd5-eb971623aaab;CUST_43964;PROD_1464;15;561.74;8426.1;2023-06-15;pix;Jesus;SP;delivered;parceiro_a
8f64b6d0-0227-85e5-1a65-8c87c2d01af2;CUST_19122;PROD_1846;15;366.8;5502.0;2023-06-20;credit_card;das Neves do Campo;SP;delivered;parceiro_c
1d2671fc-bdfb-8a10-8714-bdcb661cb133;CUST_46847;PROD_2017;8;2032.69;16261.52;2023-06-21;debit_card;Sá;PR;delivered;parceiro_b
35db8e54-d4f8-42fc-89bd-86830fedfb1d;CUST_23020;PROD_0493;17;1855.25;31539.25;2023-06-27;boleto;Nunes do Campo;PR;delivered;parceiro_a
26ef54ff-7459-b1b3-aa20-d11f571fc6d6;CUST_44983;PROD_2956;20;4229.68;84593.6;2023-06-28;boleto;Cardoso;SP;delivered;parceiro_c
452f860f-ce3a-e5ca-e00c-77d8375376e8;CUST_36783;PROD_0095;11;119.69;1316.59;2023-06-24;credit_card;Freitas da Serra;BA;delivered;parceiro_a
1f251112-2aac-aed1-2946-80b29ad39b60;CUST_45817;PROD_0149;2;4350.41;8700.82;2023-06-26;credit_card;Vasconcelos;AM;delivered;parceiro_b
0fac16e7-4438-fde6-60c9-74acf96d2976;CUST_41484;PROD_4820;6;570.48;3422.88;2023-06-02;credit_card;Monteiro de Guerra;PE;delivered;parceiro_a
b1b83fa6-910f-d5be-2b3c-550ef1061731;CUST_28387;PROD_1157;3;1668.52;5005.56;2023-06-24;credit_card;Monteiro do Amparo;SP;delivered;parceiro_b
d3c20cc5-61c0-d653-8840-23610e9985be;CUST_34966;PROD_0578;18;4105.38;73896.84;2023-06-21;boleto;Mendes da Serra;RJ;shipped;parceiro_a
6398726f-8b4d-bead-ac68-a8cb2a1dce50;CUST_33338;PROD_3105;1;2948.93;2948.93;2023-06-14;pix;Borges do Norte;SP;delivered;parceiro_a
10a0db9c-5266-05ca-a153-4adf4dcc8855;CUST_40797;PROD_4237;6;3687.36;22124.16;2023-06-30;debit_card;Duarte;SP;delivered;parceiro_a
6ebcf518-7034-3ce0-0669-5905682be6ef;CUST_29829;PROD_0726;1;4679.81;4679.81;2023-06-11;pix;Carvalho;RR;shipped;parceiro_c
00a7fbd7-df21-ee71-b80d-39f1410a2929;CUST_24779;PROD_4969;6;4296.02;25776.12;2023-06-14;boleto;Moraes de Martins;MG;pending;parceiro_a
f206298e-007f-62ec-6816-74ac3cbabf8c;CUST_10326;PROD_2683;11;1989.6;21885.6;2023-06-01;debit_card;Teixeira;MG;delivered;parceiro_a
6bb7c0cd-cadc-0eae-0e34-031d44de03fb;CUST_04859;PROD_2693;15;1595.53;23932.95;2023-06-12;credit_card;Barros de Minas;MG;delivered;parceiro_c
2184d3f9-e816-ddd8-2a4d-298858226f07;CUST_26507;PROD_4904;12;4989.27;59871.24;2023-06-10;credit_card;Silveira do Amparo;CE;shipped;parceiro_a
d81a4ef3-492a-7fad-8d0e-538aeb0a455e;CUST_15748;PROD_3566;14;4254.61;59564.54;2023-06-14;credit_card;Porto do Amparo;SP;delivered;parceiro_a
fb9a511f-c681-eda7-7c8a-215138cf5248;CUST_48405;PROD_2851;1;990.51;990.51;2023-06-14;boleto;Cavalcante da Praia;CE;delivered;parceiro_a
d1cfb400-2866-9f24-1b69-f2ad62b7fa9b;CUST_27236;PROD_4505;10;3339.17;33391.7;2023-06-03;credit_card;Nunes;DF;delivered;parceiro_a
1debe147-d467-db30-23ac-e7d0828f99a1;CUST_03071;PROD_2467;4;1942.17;7768.68;2023-06-04;pix;Barbosa do Amparo;BA;shipped;parceiro_a
e6e5d1e0-89a1-af09-4983-3f7241f1961d;CUST_02164;PROD_3982;17;4409.8;74966.6;2023-06-20;pix;Machado;MG;delivered;parceiro_c
3816b1bb-8b74-37e4-2357-d3f7a58a7af3;CUST_16832;PROD_2801;16;3547.92;56766.72;2023-06-28;pix;Sampaio da Prata;RJ;delivered;parceiro_c
9c4e143e-7211-a9bf-7c85-25f411a6b853;CUST_14704;PROD_1846;9;1489.76;13407.84;2023-06-18;credit_card;Correia;GO;delivered;parceiro_b
f566c4f0-92f9-43c8-afd3-dc0fc73bac64;CUST_00301;PROD_3021;18;466.06;8389.08;2023-06-29;pix;Farias do Galho;AL;cancelled;parceiro_a
83f43a61-acf9-e02e-4c19-2ac6b0fe62a7;CUST_38193;PROD_4743;10;393.09;3930.9;2023-06-27;credit_card;da Paz;RJ;delivered;parceiro_b
ed47858e-0a7d-3da6-a2c7-44d29c3e70ea;CUST_07353;PROD_4710;7;3978.79;27851.53;2023-06-17;debit_card;Jesus das Flores;MG;shipped;parceiro_a
7b3adf5e-3792-1bd7-ae2f-d4ca1fbb2720;CUST_25107;PROD_0407;11;2659.8;29257.8;2023-06-16;debit_card;Pires;SP;delivered;parceiro_a
71f9e38a-aae0-aa57-3b91-37a2943161f3;CUST_00685;PROD_2311;5;2531.51;12657.55;2023-06-21;credit_card;Leão de Minas;SC;delivered;parceiro_c
2fda1969-d0c6-16c8-892b-38e133485804;CUST_11507;PROD_1258;5;3787.72;18938.6;2023-06-04;credit_card;Pacheco;MG;delivered;parceiro_b
b4f76d9e-7f96-ff55-e2a3-ac7f726678a4;CUST_35539;PROD_4542;8;1026.93;8215.44;2023-06-19;credit_card;Correia de da Cunha;RS;delivered;parceiro_b
e4163b7d-9c40-77d3-9203-e52b29dfd5d6;CUST_49835;PROD_3814;12;45.05;540.6;2023-06-23;boleto;Guerra;PE;delivered;parceiro_b
702cfe37-f3bd-b9f3-3439-de0e287011f2;CUST_13675;PROD_3166;6;419.91;2519.46;2023-06-29;debit_card;da Luz das Pedras;DF;delivered;parceiro_b
c7c8155b-fd56-a07f-ed97-88d375f0e3e5;CUST_07379;PROD_1789;17;291.47;4954.99;2023-06-11;pix;Cassiano;SP;delivered;parceiro_c
2be80afd-7e7a-e30a-1ef0-44c59c30cdbc;CUST_24972;PROD_1889;13;3490.56;45377.28;2023-06-09;credit_card;Silveira;DF;delivered;parceiro_b
f8887f2a-c192-175c-9bd5-241e2b2adc55;CUST_27149;PROD_1031;6;1456.96;8741.76;2023-06-30;boleto;Mendonça do Oeste;SP;shipped;parceiro_a
ca40eb22-1709-9318-a993-22a9bd51af7e;CUST_34003;PROD_2773;16;4516.69;72267.04;2023-06-24;credit_card;Camargo;MG;shipped;parceiro_c
a1d75122-3000-dbc2-4bf4-17791e382f4d;CUST_11784;PROD_3094;8;469.02;3752.16;2023-06-01;debit_card;Vasconcelos do Sul;RS;delivered;parceiro_a
60b6f912-695f-2fb1-5343-ee4598992052;CUST_33822;PROD_4213;5;72.8;364.0;2023-06-13;pix;Novaes;MG;delivered;parceiro_b
5517c4de-e733-9ba0-60db-74dc5dbc1260;CUST_37368;PROD_4479;9;4171.7;37545.3;2023-06-30;boleto;Cavalcante de Vasconcelos;PE;shipped;parceiro_b
fc3ff504-b92c-15ec-e9df-a9ce233fc99f;CUST_28754;PROD_2951;3;760.71;2282.13;2023-06-24;pix;Pereira;DF;shipped;parceiro_b
1e38a79e-ba7a-5f89-d9c6-3b7e9738ac47;CUST_14665;PROD_0189;19;3491.39;66336.41;2023-06-26;pix;Moreira;PR;delivered;parceiro_a
436bae43-62ce-8264-48f2-ea887d85080a;CUST_09846;PROD_3600;8;4321.45;34571.6;2023-06-12;credit_card;Duarte;RJ;delivered;parceiro_a
1f496438-ce81-b56b-2413-bdd1a81eceb1;CUST_02946;PROD_0105;2;437.35;874.7;2023-06-25;pix;Cunha do Sul;MG;pending;parceiro_a
843b21ea-7fc7-f991-af7d-6f92bd187cd7;CUST_10046;PROD_3169;19;4398.2;83565.8;2023-06-10;debit_card;Rocha;MG;delivered;parceiro_b
5c948bb8-ccdd-2f0e-9c90-f7b7909c59a3;CUST_46488;PROD_3518;3;121.04;363.12;2023-06-19;boleto;da Mata de Campos;SC;delivered;parceiro_a
612ac4d8-78b3-ffe8-a951-8cfd560cdcc5;CUST_20690;PROD_4399;20;2660.32;53206.4;2023-06-19;pix;Gomes do Oeste;SP;delivered;parceiro_c
63851e2c-1b0d-7660-1d99-19b273e22b49;CUST_31742;PROD_1347;15;2305.92;34588.8;2023-06-30;boleto;da Mata de Fogaça;RJ;delivered;parceiro_b
8df2564d-0d5b-d36c-9a38-9641f244edc0;CUST_43547;PROD_4922;16;2526.04;40416.64;2023-06-07;pix;Rocha;SP;pending;parceiro_a
24cb453b-6b79-8414-f621-4ebbf6bed360;CUST_02661;PROD_4195;13;1690.89;21981.57;2023-06-29;pix;Souza das Pedras;SP;delivered;parceiro_b
a7d8f34b-139c-7bad-dfcc-4affe7669e13;CUST_10521;PROD_0744;10;483.68;4836.8;2023-06-16;pix;da Mota do Sul;MG;shipped;parceiro_c
83696c6d-ed64-20b4-1d0c-1152c3fd6f2c;CUST_34603;PROD_2919;4;1958.26;7833.04;2023-06-30;pix;Mendes;RS;delivered;parceiro_c
c2cdcc3d-d87c-cedc-4339-26fc285cb252;CUST_26122;PROD_3208;15;547.09;8206.35;2023-06-30;pix;Cavalcanti das Flores;SP;shipped;parceiro_a
87cd99cd-df3a-d0e3-502f-89b7b29af745;CUST_06403;PROD_0585;12;554.17;6650.04;2023-06-02;pix;da Cruz de Goiás;SP;delivered;parceiro_c
6cb536e1-1211-78b4-9538-0565f572d96f;CUST_09511;PROD_2319;6;1489.02;8934.12;2023-06-19;credit_card;Leão da Praia;BA;delivered;parceiro_c
e9e63590-79ed-9fb3-074e-c0205a417b08;CUST_47552;PROD_0090;9;2731.58;24584.22;2023-06-26;pix;Câmara;RS;pending;parceiro_b
c5326590-8b29-2d67-fddb-6a982d31362f;CUST_41457;PROD_4442;9;3963.13;35668.17;2023-06-15;debit_card;Nogueira das Pedras;ES;shipped;parceiro_a
544473b8-d46c-8223-b531-3b91b4c90734;CUST_27176;PROD_3713;2;2920.88;5841.76;2023-06-05;credit_card;Souza;PR;delivered;parceiro_a
d6f26634-ca2a-449e-4fff-aceb56d834dc;CUST_17404;PROD_4002;19;195.34;3711.46;2023-06-30;credit_card;Pires de da Costa;MG;pending;parceiro_b
e8df0ea5-ede1-21d8-7099-55369997cc1d;CUST_33481;PROD_0130;11;4586.2;50448.2;2023-06-07;credit_card;Albuquerque de Goiás;GO;delivered;parceiro_b
296b3105-1e84-25f8-bfd1-6e1929d8a691;CUST_16865;PROD_1313;8;2469.76;19758.08;2023-06-17;credit_card;Carvalho Verde;SC;cancelled;parceiro_c
5b4c83c2-f639-3ef3-5589-1174537e33a4;CUST_39908;PROD_2960;15;2286.38;34295.7;2023-06-16;boleto;Cavalcante;MT;delivered;parceiro_a
4b6fa57e-c200-610b-b7cc-a5bc89896fac;CUST_21516;PROD_3196;14;3656.23;51187.22;2023-06-16;pix;Silva;SP;shipped;parceiro_a
43072e2c-027b-2836-0988-bf44e1796386;CUST_23240;PROD_3637;18;1219.74;21955.32;2023-06-28;pix;Borges;PR;delivered;parceiro_a
74b91c0b-8906-d7e2-0002-22dedcea1998;CUST_44229;PROD_4307;16;2837.96;45407.36;2023-06-25;pix;Vargas de Azevedo;SP;cancelled;parceiro_c
70fc0a20-658d-3807-3f97-6daff1d231f0;CUST_34277;PROD_1619;20;3264.24;65284.8;2023-06-02;pix;da Cruz;DF;pending;parceiro_b
f6d4152f-af7f-e381-8cb9-d18bd384df9b;CUST_49271;PROD_4056;13;1782.46;23171.98;2023-06-07;pix;Nogueira do Oeste;PA;cancelled;parceiro_b
fd7a8779-e411-ec2a-d8d7-b4c0195ba592;CUST_27021;PROD_4189;3;4269.91;12809.73;2023-06-13;pix;Dias;MT;delivered;parceiro_a
787f3ca6-d560-040b-3b60-83e3e827ae87;CUST_43833;PROD_0562;3;172.66;517.98;2023-06-02;debit_card;Pastor;PE;delivered;parceiro_a
185bfb89-bfd2-04bc-e069-d11f9e7d2134;CUST_35295;PROD_1572;8;3152.34;25218.72;2023-06-03;boleto;da Conceição;SP;delivered;parceiro_b
8ebb6c36-3880-4041-8b44-33e97a2accf1;CUST_34715;PROD_4617;11;3066.92;33736.12;2023-06-20;credit_card;Abreu de Pastor;RS;delivered;parceiro_c
3f338694-98f8-7eb0-c88e-8402c4b01854;CUST_44355;PROD_1430;4;2079.71;8318.84;2023-06-02;pix;da Luz da Prata;MG;cancelled;parceiro_b
84604fb1-bd4b-afca-5893-3ad8c474396e;CUST_16970;PROD_4235;15;4098.44;61476.6;2023-06-17;pix;da Mota da Prata;PA;delivered;parceiro_b
b62a2aa3-86e1-2756-2d4c-ae642f1abcf2;CUST_37277;PROD_4914;1;1965.39;1965.39;2023-06-08;credit_card;Andrade;PE;pending;parceiro_c
b79545d0-374e-41c8-2693-11dc3c0bcdce;CUST_41505;PROD_0288;16;4771.86;76349.76;2023-06-24;pix;Rocha;SP;delivered;parceiro_a
fcbc6794-6b45-edba-5068-cf71b64545c0;CUST_41007;PROD_4766;16;3655.28;58484.48;2023-06-06;boleto;Rodrigues do Norte;SP;cancelled;parceiro_b
be9d10aa-5155-c16d-f9f4-815b8a704b45;CUST_06103;PROD_1912;3;4677.98;14033.94;2023-06-28;pix;Azevedo de Brito;MS;delivered;parceiro_b
6a3925fb-06e8-ea6c-4d04-3eaf3b41b0c7;CUST_43090;PROD_4698;20;4978.1;99562.0;2023-06-11;pix;Barros;MG;delivered;parceiro_b
51930d77-5835-2e25-06dd-0633f2b03894;CUST_29013;PROD_2505;14;3339.02;46746.28;2023-06-19;credit_card;Pastor;PB;shipped;parceiro_c
4ccb4c80-7997-1427-010b-fd552d46bbe5;CUST_20247;PROD_3938;2;1720.3;3440.6;2023-06-25;boleto;Oliveira;MG;delivered;parceiro_c
6507a1e5-9c6f-0238-cd19-d6ea34b84b1c;CUST_48778;PROD_4143;3;4604.42;13813.26;2023-06-02;pix;Sá do Sul;SP;delivered;parceiro_a
166dedfc-71a7-7c88-0169-eeeabc1a4105;CUST_39795;PROD_4506;10;127.93;1279.3;2023-06-04;pix;Cardoso das Flores;PE;pending;parceiro_b
b597ae1e-8e19-599f-8e73-fe06b1f2b595;CUST_10187;PROD_3566;20;2668.45;53369.0;2023-06-18;debit_card;da Cunha do Galho;RS;delivered;parceiro_c
19e28469-03da-7f82-09e7-99416a4b166a;CUST_16832;PROD_4855;16;2430.27;38884.32;2023-06-16;debit_card;Albuquerque de Costela;PB;delivered;parceiro_b
c7519416-9d66-7428-3b1d-659898885653;CUST_47487;PROD_4693;16;3010.89;48174.24;2023-06-15;credit_card;Almeida de Albuquerque;BA;delivered;parceiro_a
b4effc7b-eab4-f7c5-5e5d-3cbc9764817d;CUST_48344;PROD_4096;4;257.15;1028.6;2023-06-09;credit_card;Barbosa;MG;delivered;parceiro_c
aabbf34b-cd34-0c0f-9a5c-5cf51cd60480;CUST_03139;PROD_4324;19;1800.46;34208.74;2023-06-01;boleto;Cassiano;SP;delivered;parceiro_a
f6f7168e-953e-c409-2e77-3b2721c4e35f;CUST_38603;PROD_3714;20;4148.67;82973.4;2023-06-24;debit_card;Câmara;SP;delivered;parceiro_c
fb44dba0-b8eb-1042-1982-4c61481bd928;CUST_16805;PROD_0863;14;2818.99;39465.86;2023-06-13;debit_card;Marques de Aparecida;SP;delivered;parceiro_a
d28aa5af-ab45-9fef-9301-e7ff01185cfc;CUST_27254;PROD_3064;20;1055.87;21117.4;2023-06-11;debit_card;Pacheco;BA;delivered;parceiro_c
7533374d-baf4-73ff-4eab-68a2a879b8e5;CUST_49744;PROD_1611;8;471.88;3775.04;2023-06-20;pix;Costela de Montenegro;MG;cancelled;parceiro_c
5dc881cc-2c59-bd0d-56fd-82147cf3d65e;CUST_19135;PROD_4079;16;1124.46;17991.36;2023-06-28;credit_card;Vasconcelos;PA;shipped;parceiro_a
8e591a97-13bb-d5c1-f3a8-119aff30c662;CUST_21307;PROD_1894;9;314.88;2833.92;2023-06-08;credit_card;Andrade da Serra;SC;delivered;parceiro_a
4dfd1db5-6292-794b-2675-b38c5c4ae55c;CUST_37019;PROD_2007;18;4031.92;72574.56;2023-06-09;pix;Ferreira;CE;shipped;parceiro_a
d76d994b-8a84-91d5-1e52-fd1fe03c0600;CUST_33817;PROD_3247;1;674.88;674.88;2023-06-22;credit_card;Teixeira Paulista;SC;delivered;parceiro_c
8b046a90-6563-42e8-84be-414eb0a573fc;CUST_12547;PROD_1891;2;1920.02;3840.04;2023-06-26;pix;Rios da Mata;RJ;delivered;parceiro_a
7697675e-2b03-71f5-1985-b78202bdc7a1;CUST_28678;PROD_1139;10;4325.98;43259.8;2023-06-05;pix;Moreira de Goiás;CE;delivered;parceiro_c
40035cc3-d44e-0673-cbac-6dfd327350b7;CUST_08081;PROD_4063;9;4907.49;44167.41;2023-06-08;debit_card;Gomes de Moreira;CE;delivered;parceiro_c
2cb10824-5e4a-6c0f-c810-c49f7c6f913d;CUST_44634;PROD_0200;7;3132.31;21926.17;2023-06-29;boleto;Ferreira;PR;delivered;parceiro_b
930c121b-cbc8-d5cd-c8da-58f5d204b1b4;CUST_05654;PROD_2528;19;3663.09;69598.71;2023-06-09;pix;Pires do Campo;RJ;pending;parceiro_c
48b471c7-8735-b684-7529-322fe5591eec;CUST_31943;PROD_0115;15;3448.49;51727.35;2023-06-25;credit_card;Dias;SP;delivered;parceiro_b
3dbed02f-f720-03f6-a40e-e6e81ed9334a;CUST_06259;PROD_4950;9;3651.71;32865.39;2023-06-19;debit_card;Ramos de Rocha;SP;delivered;parceiro_a
a3110516-e46d-e0c1-28d0-9880576b219e;CUST_05555;PROD_2929;5;2546.69;12733.45;2023-06-21;pix;Novaes de Moreira;CE;pending;parceiro_b
58ef46b8-a079-1ff3-8cd1-f17f6acdd1bd;CUST_17566;PROD_0252;1;3257.63;3257.63;2023-06-13;credit_card;Pastor Paulista;RO;delivered;parceiro_b
3d635de5-a561-a6d1-ae82-a7fa5cbdc8db;CUST_34488;PROD_2947;3;2139.56;6418.68;2023-06-14;credit_card;da Conceição;RJ;pending;parceiro_b
f0341600-f83e-d8ce-38a1-f8be264b38ed;CUST_12722;PROD_4524;4;2067.27;8269.08;2023-06-12;credit_card;Lopes do Oeste;RS;shipped;parceiro_a
c47d981d-9dda-fbca-25e6-b000cab19c53;CUST_29236;PROD_4738;17;1276.32;21697.44;2023-06-25;pix;Mendonça;SP;delivered;parceiro_b
744fce46-95c1-9afa-a110-68a95b1a5a22;CUST_39807;PROD_4532;5;3822.57;19112.85;2023-06-03;pix;Ramos de Goiás;MG;delivered;parceiro_a
08757137-6e3a-5f91-81d4-067f35784d2a;CUST_05227;PROD_1254;7;3046.04;21322.28;2023-06-26;pix;Farias Paulista;SP;shipped;parceiro_c
d997b331-6d87-ffd9-49d9-feec944ef005;CUST_42006;PROD_4860;18;1985.46;35738.28;2023-06-23;credit_card;Rocha;SP;delivered;parceiro_a
e226778b-4282-9cc7-69e4-4a907c5a2ceb;CUST_44000;PROD_2809;12;1758.03;21096.36;2023-06-11;debit_card;Câmara de da Paz;PR;cancelled;parceiro_a
a1e68385-cfca-bc0e-3199-9dc5b69d0b79;CUST_11064;PROD_4903;18;3456.91;62224.38;2023-06-28;pix;Barros Verde;MS;delivered;parceiro_b
7f7851c2-34f3-cf85-0fa4-c97c5b5f24da;CUST_10316;PROD_4268;9;3457.77;31119.93;2023-06-30;debit_card;Farias;MT;pending;parceiro_b
36457846-773d-8d24-e373-8bb160648d7e;CUST_48646;PROD_3329;7;3247.1;22729.7;2023-06-20;credit_card;Abreu;MG;delivered;parceiro_a
cffcee05-382b-deab-6af9-943cb5ba2a9d;CUST_23869;PROD_2818;5;852.85;4264.25;2023-06-14;credit_card;da Cruz;MG;delivered;parceiro_b
8e31c338-cea1-8648-bfaa-1eb8b9f413ed;CUST_43579;PROD_3472;12;4270.2;51242.4;2023-06-17;credit_card;Dias;PA;cancelled;parceiro_b
c8e39317-d33b-0aef-5b58-9e375805d620;CUST_49945;PROD_2499;5;2482.61;12413.05;2023-06-03;debit_card;da Rocha de Minas;SP;cancelled;parceiro_a
1e5d630a-3c0c-3ce3-a51e-81b50b4050c5;CUST_10519;PROD_3453;18;4108.28;73949.04;2023-06-20;credit_card;Vargas de Sá;MS;shipped;parceiro_b
d0c964f4-56a8-85af-ad2e-e9efd9a55a40;CUST_28057;PROD_4853;9;1177.79;10600.11;2023-06-25;pix;da Mota;SP;delivered;parceiro_a
fed07d8a-3c66-0bd5-1a62-5c5c6b0f0d0b;CUST_26986;PROD_3928;3;1960.57;5881.71;2023-06-09;debit_card;Cavalcante Alegre;ES;delivered;parceiro_b
5dc81ae2-440b-5fac-85db-04888ca52cde;CUST_05036;PROD_0721;5;405.04;2025.2;2023-06-24;pix;Aragão do Sul;DF;cancelled;parceiro_a
28b3e4af-47f7-7094-c2ac-bfb097fcf928;CUST_40552;PROD_4922;1;457.45;457.45;2023-06-17;credit_card;da Conceição;MT;delivered;parceiro_b
f0f76833-67b1-bee1-8cd4-c48d818ba7d6;CUST_24422;PROD_0481;7;4290.57;30033.99;2023-06-27;credit_card;Rezende;MS;shipped;parceiro_c
bb85e5da-df3d-d022-3c69-b008407e3254;CUST_02895;PROD_4288;1;3342.55;3342.55;2023-06-02;pix;Garcia;SP;delivered;parceiro_b
6a78c95b-68b8-5b57-38bc-b7d3e82d1019;CUST_41643;PROD_1158;6;1268.11;7608.66;2023-06-24;credit_card;Garcia de Sales;SP;delivered;parceiro_a
0d740fd6-18dc-8e9b-33d9-25d4f5283899;CUST_08077;PROD_2500;19;1965.19;37338.61;2023-06-24;pix;Cunha de Minas;SP;delivered;parceiro_c
e9721cb2-730e-1497-d599-fe00a84f0b5a;CUST_37283;PROD_2350;15;3416.01;51240.15;2023-06-29;pix;Novais Grande;SP;delivered;parceiro_c
0b48068e-81c6-25b7-d81a-affd06f7e024;CUST_43980;PROD_1913;13;2107.97;27403.61;2023-06-25;credit_card;Moura Paulista;RS;delivered;parceiro_a
403fa010-ea75-e490-e75b-0769eaabaa4e;CUST_36062;PROD_4003;12;1399.68;16796.16;2023-06-12;pix;Melo;RJ;pending;parceiro_c
62caadc3-b27a-5c1f-a9d7-40cf4b4c3795;CUST_43806;PROD_2130;2;4352.95;8705.9;2023-06-09;debit_card;da Rosa;SP;cancelled;parceiro_a
f3889653-0a0b-633a-ec14-ffecc1196c27;CUST_43172;PROD_3339;5;437.62;2188.1;2023-06-06;pix;Ferreira de Araújo;SP;delivered;parceiro_c
9f0d3d8d-23b2-13d4-1eb5-966ba69a158b;CUST_40502;PROD_0879;10;1957.03;19570.3;2023-06-03;credit_card;Nunes;BA;delivered;parceiro_b
c0a49bf4-95c0-4851-5de2-4c77c070b560;CUST_29736;PROD_4989;10;3013.54;30135.4;2023-06-22;debit_card;Costa;MG;delivered;parceiro_b
461b1584-165c-e0d2-832e-187d5322380e;CUST_29215;PROD_1252;16;4452.37;71237.92;2023-06-19;boleto;Peixoto dos Dourados;MG;delivered;parceiro_a
a24d51f2-c4fd-72fd-1533-82e5036b5256;CUST_08817;PROD_2095;18;4246.94;76444.92;2023-06-23;pix;Silveira;ES;delivered;parceiro_b
152dc231-cf11-7a5f-5eb3-e9a21a9804f1;CUST_37091;PROD_4405;16;1861.12;29777.92;2023-06-14;pix;Silva;RS;delivered;parceiro_c
5d377416-4841-1ee4-e70a-2f8b663b33cd;CUST_16606;PROD_0227;12;1259.18;15110.16;2023-06-20;credit_card;Garcia do Norte;GO;delivered;parceiro_c
b970739d-16c7-c31e-37fb-260b48a05b30;CUST_06559;PROD_1361;10;2681.06;26810.6;2023-06-27;credit_card;Moreira de Pires;PE;cancelled;parceiro_b
d5e55d7f-ee02-839f-fea5-c695f45021f0;CUST_16199;PROD_1479;11;3278.11;36059.21;2023-06-09;credit_card;Viana;CE;shipped;parceiro_b
ac08a92d-8e2f-07f8-5286-66292b4ce529;CUST_48494;PROD_4392;18;589.64;10613.52;2023-06-13;debit_card;da Paz;SP;delivered;parceiro_c
5d7bf99b-212c-847a-72cc-364124916f7b;CUST_18973;PROD_0748;4;2342.61;9370.44;2023-06-14;credit_card;Cavalcante do Oeste;RS;delivered;parceiro_b
53f8dcb3-2f3c-316f-a609-a9eccf6bcbcc;CUST_29118;PROD_2974;4;2910.65;11642.6;2023-06-20;credit_card;Andrade;SE;cancelled;parceiro_b
d389026c-57eb-413b-f606-d07968440f3c;CUST_14268;PROD_1249;3;709.9;2129.7;2023-06-16;debit_card;Novais;ES;delivered;parceiro_c
3b94b95b-2116-8020-8148-787f700677b7;CUST_31798;PROD_0018;17;1516.25;25776.25;2023-06-29;pix;Silva;SP;cancelled;parceiro_c
116580fe-c911-ca2a-97f0-4b1d960393b9;CUST_35077;PROD_2239;10;4330.24;43302.4;2023-06-18;pix;Nogueira;RJ;pending;parceiro_b
1245c683-525d-12fa-d536-59ba96cd369f;CUST_13215;PROD_4881;9;3652.79;32875.11;2023-06-05;debit_card;Martins Alegre;PE;shipped;parceiro_b
de871c67-041e-9dd8-bdea-c55b2d41190c;CUST_12041;PROD_0062;12;1126.19;13514.28;2023-06-22;credit_card;Pires Verde;ES;delivered;parceiro_b
5fb2f896-8283-7a39-445a-2d59eb6adb4c;CUST_23238;PROD_1759;3;376.73;1130.19;2023-06-10;credit_card;Alves;MS;delivered;parceiro_a
0f0100c4-6aa9-7930-124c-267002e1db1f;CUST_34944;PROD_1486;3;3026.52;9079.56;2023-06-17;credit_card;Mendes de Macedo;RS;delivered;parceiro_c
438ef78a-506a-f273-5411-8e43c43aef58;CUST_39504;PROD_4095;12;4203.77;50445.24;2023-06-04;debit_card;Gomes;SP;cancelled;parceiro_a
527a89fd-1a23-0116-b4e2-695d82428135;CUST_41220;PROD_4804;16;4051.47;64823.52;2023-06-18;debit_card;Albuquerque dos Dourados;PR;pending;parceiro_c
1f2d70e6-31e1-70ef-c9b2-eac88a172c9b;CUST_21984;PROD_3933;3;3220.61;9661.83;2023-06-04;boleto;Lima da Mata;RS;delivered;parceiro_a
69e565c1-8866-e7e1-37fb-b94226fa3d6b;CUST_16754;PROD_2991;12;1553.09;18637.08;2023-06-21;credit_card;Moraes do Norte;MG;delivered;parceiro_a
7dd949eb-2db0-8e04-f0e3-cec8721cb63d;CUST_47800;PROD_0886;3;4687.7;14063.1;2023-06-16;credit_card;Lima;RN;cancelled;parceiro_c
abea5301-0c4b-5830-a483-60c5239f9f34;CUST_22872;PROD_4388;17;4699.94;79898.98;2023-06-05;boleto;Araújo do Oeste;MT;cancelled;parceiro_c
c6e97b02-38d7-47f9-6a14-91f47b18c275;CUST_18321;PROD_3356;14;713.71;9991.94;2023-06-27;debit_card;Machado da Prata;BA;delivered;parceiro_b
31962b83-79e6-55e7-ceca-d761a7310dc0;CUST_08775;PROD_3420;4;3005.54;12022.16;2023-06-11;credit_card;Peixoto;SC;cancelled;parceiro_c
5dbda2a9-5287-a178-68c8-d5d204945bac;CUST_41325;PROD_3690;1;1950.32;1950.32;2023-06-28;boleto;da Rocha;SP;shipped;parceiro_a
c186e02d-d1f4-e5fb-2ed0-6a4cd80d8b5c;CUST_46014;PROD_3106;17;2421.13;41159.21;2023-06-30;pix;da Costa do Oeste;DF;delivered;parceiro_a
22bc524b-79cf-455a-c3c2-382dbbfdbafc;CUST_25858;PROD_2976;18;2879.13;51824.34;2023-06-23;credit_card;Novaes;RJ;shipped;parceiro_a
51848102-2221-a333-215f-db7e65301bcb;CUST_40750;PROD_2758;14;3189.52;44653.28;2023-06-30;credit_card;da Cunha;ES;pending;parceiro_a
8a774050-398b-ea90-cfe9-bcfcda38cd80;CUST_27081;PROD_0941;6;3726.11;22356.66;2023-06-24;debit_card;Rezende;RN;delivered;parceiro_b
35d415f3-2b05-d119-5eb2-71b31b28996d;CUST_19766;PROD_2017;11;3760.84;41369.24;2023-06-21;boleto;Pires do Oeste;RJ;delivered;parceiro_a
92dea248-9253-af9e-a94f-3af959b36e94;CUST_29469;PROD_4766;7;1543.45;10804.15;2023-06-29;boleto;Oliveira das Flores;MA;pending;parceiro_a
d5b2d959-c4d4-1c98-02e6-e0d0c30fe737;CUST_10448;PROD_3700;16;2984.61;47753.76;2023-06-10;credit_card;Borges do Amparo;RJ;delivered;parceiro_a
62c54b39-745c-14e9-a132-17ab96746631;CUST_09862;PROD_4360;13;1653.27;21492.51;2023-06-03;boleto;Câmara;SP;delivered;parceiro_a
e0f68b34-d323-c322-4ef0-cbbea4d7843f;CUST_19309;PROD_2211;17;4617.97;78505.49;2023-06-15;debit_card;Vieira do Norte;RS;cancelled;parceiro_a
b873bc79-a504-6f44-3db9-7c99e798d5f9;CUST_34620;PROD_2941;4;3121.63;12486.52;2023-06-06;pix;Gonçalves;MG;cancelled;parceiro_a
34921701-b735-be04-9b49-e60bdbcb09f6;CUST_30764;PROD_4504;10;2528.13;25281.3;2023-06-22;pix;Sampaio;RJ;pending;parceiro_c
8cff01b5-0719-7708-31cc-14b53ed55028;CUST_27565;PROD_0943;15;1225.75;18386.25;2023-06-12;credit_card;Correia do Amparo;RJ;delivered;parceiro_a
626ea847-e323-8ad3-9850-cb3ad431b08c;CUST_11183;PROD_3021;16;3200.75;51212.0;2023-06-29;credit_card;Fogaça;BA;delivered;parceiro_a
8bdae11d-6ea5-cdd9-fb87-4202af3f59e6;CUST_33898;PROD_3702;9;393.44;3540.96;2023-06-28;pix;Monteiro do Norte;MA;delivered;parceiro_b
4881b883-1c69-b661-dbb7-59265e987263;CUST_11599;PROD_1602;5;4361.96;21809.8;2023-06-10;credit_card;Albuquerque;RJ;delivered;parceiro_c
35d1866e-e1f4-2e5c-eefb-44e632581d3a;CUST_11035;PROD_4243;12;4217.57;50610.84;2023-06-15;credit_card;Fernandes das Flores;SP;delivered;parceiro_c
f7da27c7-418f-016e-f26a-26f029b9ab05;CUST_05624;PROD_3367;12;4698.43;56381.16;2023-06-12;credit_card;Cardoso;RS;delivered;parceiro_a
9075c11b-69b5-caa4-577b-eda3426a8241;CUST_30231;PROD_1163;12;3148.86;37786.32;2023-06-03;debit_card;Câmara Grande;BA;shipped;parceiro_a
b29ec20b-ddae-efcb-edea-9f024528fca1;CUST_09965;PROD_1292;11;930.62;10236.82;2023-06-03;pix;Barbosa;CE;delivered;parceiro_c
971c5b70-7d24-7754-98f7-2e856169040c;CUST_15731;PROD_1313;8;2433.57;19468.56;2023-06-29;debit_card;Andrade;PE;cancelled;parceiro_b
f7677697-8c64-38ac-ee20-b50012926a3f;CUST_39694;PROD_2988;2;2721.98;5443.96;2023-06-04;pix;Barbosa de Sá;SC;delivered;parceiro_b
3319f649-43cf-c122-70ee-169dbde3e2aa;CUST_00047;PROD_1433;1;211.24;211.24;2023-06-30;debit_card;Marques;GO;delivered;parceiro_c
ea52aa6b-dd91-ec7e-5a1b-40ce62ecb6ff;CUST_36314;PROD_1800;1;1035.42;1035.42;2023-06-14;credit_card;Borges da Praia;PR;shipped;parceiro_c
94117707-aef1-0f83-aab5-19e9175cd822;CUST_19029;PROD_3827;20;2289.61;45792.2;2023-06-26;pix;Santos;SP;delivered;parceiro_b
731f8311-0cbb-638b-320a-9377999d891b;CUST_24059;PROD_0052;12;2562.03;30744.36;2023-06-19;boleto;Santos Paulista;BA;delivered;parceiro_b
7e760048-e727-da45-b6b5-4617b9bcdb68;CUST_11438;PROD_3270;3;2481.26;7443.78;2023-06-09;credit_card;Jesus Paulista;RJ;shipped;parceiro_b
c2837532-3286-6911-a467-8174adb5610a;CUST_16710;PROD_0946;11;2586.24;28448.64;2023-06-03;pix;Brito;PR;delivered;parceiro_c
ca5a55c2-8a58-162d-7a4d-73297f16aea2;CUST_20971;PROD_3623;11;1398.93;15388.23;2023-06-20;boleto;Sampaio das Flores;MS;shipped;parceiro_a
1ed685cf-8fc3-55a1-0b63-bf43849a3307;CUST_15438;PROD_2058;9;3229.07;29061.63;2023-06-12;pix;Cirino de Fernandes;SC;delivered;parceiro_b
e0856b89-9fe9-5480-84f1-9df8379aa65d;CUST_02614;PROD_3204;16;1908.57;30537.12;2023-06-03;pix;da Rocha;CE;delivered;parceiro_b
bde29840-5c1b-42a5-d73a-a57ef9a01c82;CUST_16193;PROD_4229;2;4508.48;9016.96;2023-06-19;credit_card;Rios;PR;shipped;parceiro_c
19ac3f20-3bbe-38da-ad5b-c656272cc4bb;CUST_20469;PROD_3819;17;4875.99;82891.83;2023-06-21;debit_card;das Neves;CE;delivered;parceiro_b
9001de69-60a3-9630-878c-40730f5a910f;CUST_02864;PROD_2855;12;2438.69;29264.28;2023-06-06;credit_card;Monteiro Verde;SC;delivered;parceiro_b
b376b00f-438f-f4c2-3f0d-0e3139a33545;CUST_28212;PROD_4397;5;3521.56;17607.8;2023-06-22;debit_card;Nogueira da Prata;MG;shipped;parceiro_a
bd22c027-1b26-3087-23ec-d53483cca6e8;CUST_03507;PROD_1924;10;4964.2;49642.0;2023-06-23;pix;Rocha;SP;delivered;parceiro_b
2e17d454-b0b8-e1f5-7ecd-c213968397ec;CUST_41044;PROD_0395;4;4522.43;18089.72;2023-06-27;boleto;Camargo Alegre;GO;delivered;parceiro_a
c4d7eefa-96ac-46b2-4b9f-cb65b66a557c;CUST_43571;PROD_3247;10;2380.35;23803.5;2023-06-11;debit_card;Jesus;BA;delivered;parceiro_a
22991223-dc24-8ae7-61b3-21ba7e72ea8e;CUST_41010;PROD_3534;12;2063.15;24757.8;2023-06-30;debit_card;Martins de Melo;SC;delivered;parceiro_a
07c0d411-f3df-aeff-fb58-4325bb7e9ae9;CUST_03843;PROD_4852;18;1062.22;19119.96;2023-06-20;pix;Oliveira;SP;shipped;parceiro_a
e3956d29-27fc-fa85-b4e2-68478a9eae51;CUST_06974;PROD_3006;19;3609.2;68574.8;2023-06-01;credit_card;Casa Grande das Flores;MG;delivered;parceiro_a
fa6a2c83-0f91-920b-dbd9-c8f96c4374d9;CUST_37798;PROD_4306;2;4194.64;8389.28;2023-06-08;boleto;Carvalho do Galho;MG;delivered;parceiro_b
9421c107-c5da-5e0e-2293-7ca1abe11f1c;CUST_30164;PROD_2761;7;1654.6;11582.2;2023-06-18;pix;da Mata;RJ;shipped;parceiro_c
648ba75c-dea6-1609-04f5-afaf30d9986b;CUST_49015;PROD_4681;9;79.12;712.08;2023-06-22;boleto;Silveira Paulista;SP;pending;parceiro_b
8fcd8cc1-0cb4-195a-5e78-a6b9ea219341;CUST_22723;PROD_2322;1;900.56;900.56;2023-06-19;credit_card;Marques de Mendes;PR;delivered;parceiro_a
1de86977-971a-daf8-d13b-f48e5f3dd6a4;CUST_26917;PROD_2752;16;3129.99;50079.84;2023-06-21;boleto;Campos do Galho;RS;delivered;parceiro_a
2c6698fc-3256-b00b-487d-f7c0a56f91f5;CUST_45082;PROD_1226;13;1385.97;18017.61;2023-06-22;debit_card;da Luz da Praia;MG;delivered;parceiro_b
e326eb58-ad92-579b-3409-375e8861f670;CUST_25600;PROD_3683;11;4682.33;51505.63;2023-06-07;pix;Correia;SP;shipped;parceiro_a
89904138-86bc-0fc9-d0f7-9769e83f26d6;CUST_39288;PROD_4101;10;851.59;8515.9;2023-06-15;debit_card;Moreira;MG;delivered;parceiro_c
f69fa5e7-2369-1c52-4ab7-0cde8b89b8d5;CUST_21986;PROD_0137;7;2793.7;19555.9;2023-06-28;pix;Silva de Moura;SP;delivered;parceiro_c
763c9210-62b7-596a-27b8-3c8f6f9a06cf;CUST_42366;PROD_2945;3;999.37;2998.11;2023-06-13;boleto;Vargas do Campo;SE;shipped;parceiro_b
7f27ed07-b766-99c1-537d-9a778314c040;CUST_43386;PROD_4291;5;3202.7;16013.5;2023-06-28;credit_card;Alves Paulista;ES;delivered;parceiro_b
73509b7f-f97d-e9e2-1e21-8ed9469da2bf;CUST_47032;PROD_0514;10;1696.96;16969.6;2023-06-04;credit_card;das Neves Paulista;RJ;delivered;parceiro_c
8e4c6ac5-30fd-9884-3d4d-6882f809359c;CUST_44127;PROD_1884;16;4722.72;75563.52;2023-06-04;debit_card;Caldeira;SE;delivered;parceiro_c
40bee48f-c90f-b945-6a13-eaf711557998;CUST_17338;PROD_3701;9;30.84;277.56;2023-06-03;pix;Sampaio de Minas;MG;shipped;parceiro_c
22b0d550-335f-0f7f-ae0b-8822309f9291;CUST_06718;PROD_3675;11;4624.65;50871.15;2023-06-04;pix;Vasconcelos;SP;pending;parceiro_b
67a9c635-d6c7-5922-0f69-0ed1331768a7;CUST_32673;PROD_3380;8;3693.07;29544.56;2023-06-10;boleto;da Rocha;CE;delivered;parceiro_b
22e40607-a25d-f0a4-9ed5-ec744d6a067e;CUST_26502;PROD_1195;5;3842.11;19210.55;2023-06-12;credit_card;Almeida;PA;delivered;parceiro_a
6007fd09-fd33-57a3-b28c-7d58363ec46e;CUST_38955;PROD_4407;1;2391.76;2391.76;2023-06-29;debit_card;da Luz de Ferreira;MG;delivered;parceiro_a
f11033c2-42b8-ba18-b958-63c2dca94006;CUST_29830;PROD_4160;18;1505.02;27090.36;2023-06-24;debit_card;da Paz;PR;shipped;parceiro_b
eb06200b-5ac2-b2be-25ae-5de4ffe96b4f;CUST_03835;PROD_4498;5;2241.61;11208.05;2023-06-17;credit_card;Cavalcante do Norte;SC;delivered;parceiro_a
4a51831a-c077-818a-4440-06c779e5aa14;CUST_48168;PROD_0100;15;957.05;14355.75;2023-06-27;credit_card;Porto da Mata;SP;delivered;parceiro_c
e5a40e8a-e4c1-f9c0-e7d2-3b8a56fa6ed3;CUST_36854;PROD_0474;18;1697.26;30550.68;2023-06-11;boleto;Viana das Pedras;RJ;pending;parceiro_a
e80935ff-e439-fe3d-9200-c774867ee5d3;CUST_18729;PROD_1772;17;2087.74;35491.58;2023-06-19;credit_card;Freitas do Campo;PI;delivered;parceiro_a
c181e538-8031-94a4-22de-f49e5aacd4e5;CUST_01794;PROD_1822;3;1000.81;3002.43;2023-06-28;credit_card;Cirino;PR;delivered;parceiro_a
1e9c44df-9fd0-6de5-1caa-2d27c5744781;CUST_31042;PROD_0193;19;1323.25;25141.75;2023-06-14;credit_card;Mendes de Pires;PA;pending;parceiro_b
4daf7e83-708a-2aa3-cee5-a7aac5c89dfc;CUST_11985;PROD_2983;13;54.14;703.82;2023-06-16;credit_card;Cassiano Verde;DF;delivered;parceiro_b
77dedfc1-4646-4f2a-e854-95d21e1f2ce4;CUST_15565;PROD_4522;7;1697.72;11884.04;2023-06-28;pix;Montenegro de da Rosa;PA;shipped;parceiro_c
44ef6a8e-d62d-c05c-1650-6eefb3b389f4;CUST_38881;PROD_2213;1;4090.09;4090.09;2023-06-15;credit_card;Gonçalves;RS;delivered;parceiro_b
c3afd3ac-318f-b06d-4244-8be0b66aec39;CUST_30221;PROD_3701;1;2921.53;2921.53;2023-06-22;debit_card;Viana;SC;delivered;parceiro_a
9a231540-ebb2-826f-3672-df1e5535b8f7;CUST_16142;PROD_2080;13;2349.76;30546.88;2023-06-01;debit_card;Moura;SP;delivered;parceiro_a
e4452a3b-e333-52bd-37f0-73fd243ebe64;CUST_04776;PROD_2038;20;4071.3;81426.0;2023-06-24;debit_card;Sales de Castro;PI;delivered;parceiro_b
ceb91a74-0fca-7e2b-c78b-262875d5f460;CUST_30456;PROD_2416;16;3778.75;60460.0;2023-06-07;pix;Pereira;DF;delivered;parceiro_c
4c225322-272e-6131-6318-7e1900abaaae;CUST_21317;PROD_3063;5;2738.05;13690.25;2023-06-22;pix;da Mata do Galho;MA;delivered;parceiro_a
f4d9cc1f-1bca-3dcc-428d-70e60c273e59;CUST_00417;PROD_4263;15;3186.37;47795.55;2023-06-14;boleto;Campos;RS;delivered;parceiro_a
a6ed45df-f310-cff0-3095-64f8bfa92c02;CUST_11886;PROD_2905;15;2766.53;41497.95;2023-06-02;pix;Leão;PA;delivered;parceiro_a
f56448a2-d206-fbf5-e71b-352ad5baf980;CUST_32145;PROD_2737;16;4551.27;72820.32;2023-06-08;debit_card;Gomes;RJ;cancelled;parceiro_a
7933cd93-1e27-e739-97cf-e0099cf4f959;CUST_01554;PROD_4129;2;4936.39;9872.78;2023-06-13;credit_card;Correia;PR;delivered;parceiro_b
25ee13f9-8f51-b9e5-d376-9e4ce0c7649b;CUST_00384;PROD_1096;10;935.62;9356.2;2023-06-12;pix;Ferreira da Prata;ES;cancelled;parceiro_c
d2d0d4d6-190d-232d-9485-b7ab60b3db98;CUST_02516;PROD_1375;15;2809.16;42137.4;2023-06-21;pix;Lima Alegre;PE;delivered;parceiro_c
d8be1d0b-f605-962b-da45-16c6df48e051;CUST_10289;PROD_2253;15;1343.47;20152.05;2023-06-04;credit_card;Sá;RJ;delivered;parceiro_c
d8ee5ef8-7023-f404-008f-52b4dfa7e01d;CUST_13536;PROD_3714;13;60.24;783.12;2023-06-20;pix;Lopes da Serra;PR;cancelled;parceiro_a
6a66d5f3-c2e3-6a6c-cbba-6812f7bb2c87;CUST_25246;PROD_2291;13;2291.43;29788.59;2023-06-20;pix;da Luz;PE;delivered;parceiro_b
802e0e2d-ac00-bcc9-3310-b73aee36d8fa;CUST_37042;PROD_4071;6;195.53;1173.18;2023-06-03;credit_card;da Paz;ES;cancelled;parceiro_c
9d203612-0ab3-573b-4c4c-0c9fe24955bf;CUST_11198;PROD_2846;15;4860.56;72908.4;2023-06-18;credit_card;Alves do Galho;SP;delivered;parceiro_a
822fc58c-61a5-04e3-f535-dc4db7aac025;CUST_16400;PROD_1258;9;4240.92;38168.28;2023-06-21;boleto;da Cunha;SP;delivered;parceiro_c
4cce1e38-8037-7ce9-7c45-f49d1d131559;CUST_20346;PROD_0066;12;2743.18;32918.16;2023-06-15;boleto;Martins;RS;cancelled;parceiro_a
e581e4f5-de13-591e-7ada-e4545dedc68d;CUST_14816;PROD_3148;12;3881.25;46575.0;2023-06-21;credit_card;Barbosa de Sales;SP;shipped;parceiro_a
83cd72aa-d4d3-9422-45d9-797a50b68c95;CUST_30085;PROD_0831;13;1530.24;19893.12;2023-06-02;pix;Correia;SP;pending;parceiro_c
0e2679fe-a669-4f59-04c8-8b1170a65480;CUST_19795;PROD_3943;17;3824.99;65024.83;2023-06-03;credit_card;Rocha;SP;delivered;parceiro_b
e2b7aff1-22be-127d-999b-864e6603f388;CUST_24314;PROD_0362;6;4415.04;26490.24;2023-06-08;pix;da Luz de Minas;CE;delivered;parceiro_b
e3f92932-d50c-23a9-9701-488694cd7fe2;CUST_17181;PROD_2331;8;156.4;1251.2;2023-06-15;boleto;Câmara das Flores;SP;shipped;parceiro_c
6dd5b457-d524-884c-8239-27ebf81511e4;CUST_44650;PROD_3389;14;3994.55;55923.7;2023-06-13;boleto;Souza;PI;delivered;parceiro_c
6cc79b12-9fec-3fce-796d-85b0f6121cee;CUST_37470;PROD_3773;12;1954.92;23459.04;2023-06-16;boleto;da Paz;MG;shipped;parceiro_a
c38c09c5-1fa9-8f2d-1ae2-6a7ca59823d3;CUST_17153;PROD_2504;11;4117.67;45294.37;2023-06-04;debit_card;Oliveira de Rios;PR;pending;parceiro_c
12bbc320-6eee-f251-0443-8a16a3014476;CUST_44014;PROD_2418;17;3941.08;66998.36;2023-06-15;boleto;Santos;RO;delivered;parceiro_b
9cf769d6-760e-0bd8-2108-697b3b29711d;CUST_48178;PROD_1993;2;486.82;973.64;2023-06-17;credit_card;Melo;RJ;pending;parceiro_b
138148ea-d18f-fc5b-c92f-644851040790;CUST_12086;PROD_0920;16;1722.44;27559.04;2023-06-23;debit_card;Gomes Paulista;MG;delivered;parceiro_c
237760a6-5c8a-3171-20c9-984b8f7da49d;CUST_19250;PROD_3207;19;1936.73;36797.87;2023-06-04;pix;Pacheco de Goiás;PB;delivered;parceiro_a
543133ca-33fa-ed37-c6f2-92d979534970;CUST_22083;PROD_0796;6;4244.2;25465.2;2023-06-06;pix;Jesus Grande;PE;delivered;parceiro_a
94db72ea-6683-19f8-9454-49b4c5228a6e;CUST_10005;PROD_2199;20;1830.86;36617.2;2023-06-16;debit_card;Pereira Grande;RJ;delivered;parceiro_a
eaaec519-ab7b-a93b-b7ab-b7ab9d6649a0;CUST_10009;PROD_1262;14;2308.12;32313.68;2023-06-25;boleto;Pimenta;MS;pending;parceiro_b
24661aab-36ec-0940-658a-f9fb72f1267f;CUST_28095;PROD_4074;20;4266.95;85339.0;2023-06-11;pix;Caldeira Alegre;SC;cancelled;parceiro_c
d99d388e-836a-19ad-91a0-feabdf025850;CUST_15106;PROD_3968;4;4692.59;18770.36;2023-06-20;pix;Mendonça;SP;delivered;parceiro_c
bcac16dd-a6b5-de2d-86bf-92b919eb2560;CUST_18147;PROD_2236;19;85.3;1620.7;2023-06-24;boleto;Aparecida;RJ;delivered;parceiro_b
70ac931b-325f-4882-5f93-963c815f8465;CUST_18988;PROD_1872;10;2537.97;25379.7;2023-06-14;credit_card;Fernandes;SP;delivered;parceiro_a
60f576eb-3089-cfb3-fa9e-1bb6c1ee1d9a;CUST_24619;PROD_0858;11;3928.82;43217.02;2023-06-17;pix;Ramos de Vasconcelos;CE;delivered;parceiro_b
b78f3292-13e7-ac36-42de-e7034ac8571e;CUST_18778;PROD_4351;3;1515.06;4545.18;2023-06-29;pix;Nascimento;MG;shipped;parceiro_b
30b3143a-ab35-6816-3e7a-a3db6704cdb0;CUST_40949;PROD_4327;16;2915.05;46640.8;2023-06-23;credit_card;Teixeira do Amparo;PB;delivered;parceiro_a
cf2d9fda-f7c1-3c57-ebe6-56baef761ab7;CUST_08386;PROD_4484;12;3518.61;42223.32;2023-06-11;boleto;Gonçalves da Serra;RJ;delivered;parceiro_c
5b4cb8c7-5a8c-39c3-72d0-04b0c55a086c;CUST_33133;PROD_4954;5;3507.34;17536.7;2023-06-19;credit_card;Albuquerque;DF;delivered;parceiro_b
f01551c2-4397-a12a-b28b-8bb3d2675e78;CUST_11705;PROD_0625;1;135.63;135.63;2023-06-27;debit_card;Fonseca;DF;cancelled;parceiro_a
f6d1fefb-eb6b-24b0-9063-1be2fdba2ce1;CUST_03751;PROD_0951;1;3709.98;3709.98;2023-06-24;pix;da Costa;MA;pending;parceiro_a
35b1ed0c-e776-a97c-2b09-b2d33ff6d817;CUST_07187;PROD_1698;19;4646.07;88275.33;2023-06-24;credit_card;Cardoso da Serra;SP;delivered;parceiro_c
f581fee0-53d8-bcf6-1553-45b9cc60a6e5;CUST_21938;PROD_4333;16;1933.89;30942.24;2023-06-05;boleto;Sampaio de Goiás;RS;cancelled;parceiro_c
6fa26b13-8f61-ed51-d5cc-99809554ef2c;CUST_12119;PROD_4570;19;3507.71;66646.49;2023-06-04;credit_card;Pacheco das Pedras;SP;delivered;parceiro_b
4dc7cfb9-5680-8ae2-8c36-3ea0a34ada14;CUST_24213;PROD_0441;20;2118.22;42364.4;2023-06-30;credit_card;Farias Paulista;PR;pending;parceiro_a
d55e6954-cbef-cb64-f897-728c84dfc76c;CUST_16714;PROD_3419;15;1079.26;16188.9;2023-06-21;credit_card;Siqueira;SC;delivered;parceiro_b
37964073-98dc-3b65-a2de-f0da9257208e;CUST_41394;PROD_2864;7;2160.68;15124.76;2023-06-18;credit_card;Silveira;MG;shipped;parceiro_b
ce75ca49-8707-5d43-9c23-0713e38a2c93;CUST_37320;PROD_1334;12;4877.08;58524.96;2023-06-02;credit_card;Aparecida da Mata;MT;cancelled;parceiro_a
7f57e746-cc7d-c320-d472-216c758de83a;CUST_24662;PROD_2402;20;932.93;18658.6;2023-06-21;credit_card;Santos Paulista;RS;shipped;parceiro_a
682b4903-769f-2c0f-ac08-c68d4f7a7487;CUST_08980;PROD_3470;20;881.75;17635.0;2023-06-08;debit_card;Alves de Goiás;RS;delivered;parceiro_b
396a5daa-165f-3536-0485-27244089bad3;CUST_29857;PROD_4432;8;940.59;7524.72;2023-06-11;debit_card;Casa Grande da Prata;PB;delivered;parceiro_a
adef0fed-bd5d-3b50-228b-5528e5008d53;CUST_15562;PROD_4913;15;1728.82;25932.3;2023-06-09;boleto;Duarte;RS;shipped;parceiro_c
b35ab9f9-6342-7986-c603-d9a9ea1669fd;CUST_13415;PROD_1841;14;4803.59;67250.26;2023-06-11;pix;Rodrigues;SP;delivered;parceiro_b
78ac19c5-7805-a387-d4b0-ab9498f823d3;CUST_27371;PROD_4136;12;3335.76;40029.12;2023-06-30;debit_card;da Paz;PB;shipped;parceiro_a
2880092a-06d5-9189-00d3-933b23c4f85a;CUST_01732;PROD_2499;14;1107.77;15508.78;2023-06-11;debit_card;Caldeira da Prata;MG;delivered;parceiro_a
f4521472-9f08-8bd8-7ab3-ba937ffd67f0;CUST_19995;PROD_1964;12;1897.31;22767.72;2023-06-25;boleto;Sales;MA;shipped;parceiro_b
a2a78c2c-8417-0b7a-e7e6-263fb012032b;CUST_47103;PROD_2180;18;249.8;4496.4;2023-06-25;pix;Rezende;BA;delivered;parceiro_a
2e9be717-e020-610e-7061-6616cc55938f;CUST_15422;PROD_4769;7;4040.02;28280.14;2023-06-23;pix;Brito do Sul;RS;delivered;parceiro_b
9d80f628-24cc-d58e-7f9a-5de5708b7b51;CUST_07142;PROD_1337;19;2382.66;45270.54;2023-06-11;debit_card;da Mota;SP;delivered;parceiro_b
52497a72-362c-1e75-4f0f-3d55dbab75b6;CUST_37555;PROD_3521;17;1801.09;30618.53;2023-06-25;debit_card;Melo do Norte;SC;delivered;parceiro_b
bbaf8e7d-857d-95dd-1ff5-24f5634db968;CUST_35220;PROD_0601;1;3841.19;3841.19;2023-06-02;debit_card;Freitas do Oeste;RS;delivered;parceiro_b
63b3113e-c1d1-5ff4-cfd8-92012e35c087;CUST_09907;PROD_1829;16;1582.49;25319.84;2023-06-12;credit_card;Martins;AM;delivered;parceiro_a
81db8310-add8-dcc4-6886-57bd47d39033;CUST_21515;PROD_0014;10;818.28;8182.8;2023-06-26;credit_card;Caldeira;AL;delivered;parceiro_c
9be9e973-9781-2029-176c-5ee61ee07141;CUST_09651;PROD_4223;15;674.1;10111.5;2023-06-13;credit_card;Freitas;RR;shipped;parceiro_c
8952d48e-3adf-2388-722c-e6be1a60d56f;CUST_02693;PROD_1808;13;542.37;7050.81;2023-06-16;credit_card;Mendonça do Campo;MG;cancelled;parceiro_a
e9cb4a19-c3d1-878e-0ba4-f5172cce4ab7;CUST_42031;PROD_2816;17;314.88;5352.96;2023-06-02;credit_card;Silveira;SP;delivered;parceiro_b
92f441e6-b390-f928-0257-c0f2b013043f;CUST_43700;PROD_0086;2;4748.74;9497.48;2023-06-01;credit_card;Pires de Minas;RS;delivered;parceiro_b
9defc13b-77f9-b0f9-29b5-c1f3ad8bd4c6;CUST_35239;PROD_4479;8;550.02;4400.16;2023-06-05;credit_card;Sá Verde;RS;delivered;parceiro_b
99d4dce9-36f3-567e-cbef-3c0c88d4f14e;CUST_28279;PROD_3605;3;2947.37;8842.11;2023-06-15;debit_card;Barros da Serra;SP;delivered;parceiro_c
4d6281da-75fb-57d4-faa9-a05c348833b1;CUST_12208;PROD_3311;7;4985.71;34899.97;2023-06-05;debit_card;Mendonça;RS;delivered;parceiro_c
862eff37-3d95-7a32-8be0-b61fea718328;CUST_01201;PROD_0744;5;4299.07;21495.35;2023-06-01;pix;Lima das Flores;BA;delivered;parceiro_b
b2aa902d-ac11-e563-38a4-4a39ad09759e;CUST_49494;PROD_4369;18;84.41;1519.38;2023-06-12;credit_card;Viana do Campo;MS;delivered;parceiro_b
34478e43-4af4-b12d-b701-04b8a67d9c79;CUST_38497;PROD_3634;2;3201.92;6403.84;2023-06-13;pix;Garcia;PR;delivered;parceiro_b
8bfb56aa-be97-e2b6-cf83-754facc5345b;CUST_09536;PROD_0358;11;729.17;8020.87;2023-06-04;credit_card;Pimenta do Norte;CE;shipped;parceiro_c
4e82e3f5-429e-57ec-748e-2aef396ec64c;CUST_10537;PROD_3999;3;4919.53;14758.59;2023-06-18;credit_card;Fernandes da Praia;RJ;delivered;parceiro_b
b8636c4c-2003-7cce-d004-7dec8475e7f9;CUST_12543;PROD_4394;3;2528.41;7585.23;2023-06-07;credit_card;Pinto;MG;delivered;parceiro_a
805affee-3dde-e099-4b9c-79f266adfa60;CUST_00479;PROD_2092;17;4086.87;69476.79;2023-06-20;pix;Farias de Castro;RJ;shipped;parceiro_c
cfb2d429-e9de-fb9f-f987-b153c6e21526;CUST_41085;PROD_0534;13;4157.63;54049.19;2023-06-24;credit_card;Macedo;RO;shipped;parceiro_a
f8369930-9bdb-1398-735e-045fd1aaa572;CUST_00346;PROD_1232;17;333.64;5671.88;2023-06-20;pix;Pires da Mata;PR;delivered;parceiro_b
090d018f-2185-bea9-0e35-e1fb487bfbc6;CUST_39472;PROD_4940;1;3759.21;3759.21;2023-06-27;credit_card;Novais;SE;delivered;parceiro_b
7c63be0b-9719-ea95-ba07-5267bb14fd93;CUST_07169;PROD_0959;14;3740.83;52371.62;2023-06-28;debit_card;Novais;BA;delivered;parceiro_b
9e31b442-625d-e2ab-6d64-66466e25dd47;CUST_49980;PROD_0811;8;4017.63;32141.04;2023-06-27;credit_card;Rezende;SC;delivered;parceiro_a
4243200a-adfd-51bf-9b21-2574cc963ad5;CUST_24970;PROD_2480;18;3708.06;66745.08;2023-06-21;credit_card;Nunes de Silveira;SP;delivered;parceiro_b
506453f8-e4cf-18a5-e830-05e178040dec;CUST_43826;PROD_3154;14;4224.96;59149.44;2023-06-04;pix;Aragão;MT;shipped;parceiro_b
1a01c228-5f92-0148-3210-90e8c98bf6fd;CUST_02415;PROD_4217;9;1443.56;12992.04;2023-06-18;boleto;Porto;SP;delivered;parceiro_a
2c99d5bf-f30f-f0fe-7076-0e10c990c0b7;CUST_36726;PROD_0713;6;2053.06;12318.36;2023-06-02;credit_card;Machado de Fernandes;SP;shipped;parceiro_b
3ee9d437-0d44-abbe-d008-bf058b6a4e6b;CUST_35926;PROD_0894;8;2157.02;17256.16;2023-06-07;credit_card;Brito de da Conceição;MG;delivered;parceiro_b
f54689a7-aef7-fa16-5f50-a08775e0bae4;CUST_36571;PROD_2223;15;2720.95;40814.25;2023-06-16;boleto;Pimenta da Serra;MS;delivered;parceiro_b
61f34bbe-09b6-8449-351f-ddbf2d7e7100;CUST_30629;PROD_0635;11;2945.25;32397.75;2023-06-24;credit_card;Martins;SP;delivered;parceiro_a
49cae575-3c96-0d03-b614-8ac5cdf419ad;CUST_00154;PROD_4969;19;1376.64;26156.16;2023-06-15;credit_card;Teixeira de Montenegro;PR;delivered;parceiro_a
14fa05c8-84a9-d62b-c835-236934ade0bc;CUST_33535;PROD_1673;18;3659.62;65873.16;2023-06-01;pix;Camargo;SP;delivered;parceiro_a
fba8d55e-447a-575b-ab4e-3f23b87ffd07;CUST_37440;PROD_1595;3;2395.61;7186.83;2023-06-30;boleto;Mendes do Sul;RS;shipped;parceiro_b
f705deb1-ebc8-ec5b-3592-b3966a6fc446;CUST_37655;PROD_4937;18;242.27;4360.86;2023-06-26;credit_card;Macedo;GO;shipped;parceiro_c
005a3b5e-4c7b-54ea-7481-0cc47e384406;CUST_16313;PROD_4940;5;3198.24;15991.2;2023-06-21;credit_card;Melo;SP;delivered;parceiro_b
31f52a85-2065-6ce4-ae8f-fd5a0000ff12;CUST_27049;PROD_1072;5;344.61;1723.05;2023-06-26;credit_card;Farias Verde;PA;delivered;parceiro_b
e2b968a9-5ff2-0221-353d-6f90f51edfdc;CUST_26402;PROD_4599;17;1925.11;32726.87;2023-06-20;pix;Aragão Verde;RJ;delivered;parceiro_a
6920df3a-d7b5-087f-b8fc-e0f6b92e584b;CUST_39648;PROD_0205;14;207.64;2906.96;2023-06-03;pix;da Luz;RS;shipped;parceiro_a
943427bc-676f-22ec-792b-adc8572ac7a0;CUST_24881;PROD_4542;18;1431.12;25760.16;2023-06-15;credit_card;Cavalcanti de Aparecida;RS;shipped;parceiro_c
d9fcb811-53c8-9d98-d711-70ada3620832;CUST_19192;PROD_2506;13;3675.31;47779.03;2023-06-10;boleto;Pinto;GO;delivered;parceiro_a
57014146-6554-6f34-803e-8e14f5bc39bc;CUST_34208;PROD_3205;5;1314.64;6573.2;2023-06-05;boleto;Duarte;PA;delivered;parceiro_a
d271c509-afe4-5b02-4d06-443847d93648;CUST_49049;PROD_2573;11;2133.01;23463.11;2023-06-18;pix;Campos de Minas;PR;delivered;parceiro_b
f0f9cdd8-f4b7-b496-356c-c279a288527a;CUST_01813;PROD_1783;17;3642.21;61917.57;2023-06-26;credit_card;Cardoso;SP;delivered;parceiro_a
037bf30b-c85a-da37-1620-a8969221f2fc;CUST_24260;PROD_4457;1;2707.2;2707.2;2023-06-25;boleto;da Cruz de Minas;SP;delivered;parceiro_c
3732ac36-fcda-9117-23d0-1a78c8e4015f;CUST_32852;PROD_0730;7;1942.53;13597.71;2023-06-06;debit_card;Costela;RJ;delivered;parceiro_a
98206f51-d8f9-67b3-2f62-910396616334;CUST_44907;PROD_0940;18;875.32;15755.76;2023-06-12;pix;Pimenta do Campo;SP;delivered;parceiro_a
2509d8d6-f3b0-9b12-18a0-39f6459c67e5;CUST_04493;PROD_4119;3;4745.15;14235.45;2023-06-30;credit_card;da Cruz de Minas;PR;pending;parceiro_a
7917b742-2023-3707-70a9-5e14e8cc1c0c;CUST_23634;PROD_0435;10;4061.46;40614.6;2023-06-29;debit_card;Mendes do Amparo;DF;shipped;parceiro_c
c6ab50aa-5811-99c7-2e17-633f1e91e2b0;CUST_29256;PROD_3608;3;4922.07;14766.21;2023-06-12;credit_card;Silveira da Praia;SP;delivered;parceiro_a
d74473fa-364e-04af-46aa-b4754eb24d54;CUST_19992;PROD_2917;20;2728.9;54578.0;2023-06-19;credit_card;Lopes da Praia;AL;cancelled;parceiro_c
844a6076-83f3-4dc0-b7c8-58240a1e663c;CUST_16386;PROD_1433;12;946.43;11357.16;2023-06-02;pix;Novais de Aparecida;SP;shipped;parceiro_a
49ef58ff-4553-a72c-2e15-77a6ece8b416;CUST_20817;PROD_0754;2;4039.36;8078.72;2023-06-13;pix;Rodrigues;PR;delivered;parceiro_b
bc5d3bc1-34da-2b9e-46b6-e260e5c9387c;CUST_14778;PROD_1911;17;1257.09;21370.53;2023-06-23;credit_card;Peixoto;PA;delivered;parceiro_a
29e65a89-6a42-6e7b-c58b-a71fe1b5f550;CUST_08560;PROD_3056;18;2494.18;44895.24;2023-06-03;boleto;Teixeira;GO;delivered;parceiro_b
ed547e63-1727-2f6d-724d-4395ac94bece;CUST_12405;PROD_1985;20;699.06;13981.2;2023-06-11;debit_card;Lima da Praia;SC;shipped;parceiro_a
3c8adf4d-c8f8-c128-1e5c-8e52bd8c1ed1;CUST_09401;PROD_0200;14;3046.76;42654.64;2023-06-26;debit_card;Farias;MG;delivered;parceiro_b
7870045b-e840-10bb-3430-e788f3ab16bf;CUST_02131;PROD_4484;9;3541.63;31874.67;2023-06-17;credit_card;Moura de Nogueira;CE;cancelled;parceiro_a
fd31b883-7f53-600f-7b0d-b56c6a067d5e;CUST_14301;PROD_2189;7;2647.55;18532.85;2023-06-22;credit_card;Ferreira do Oeste;SP;delivered;parceiro_a
943fd8cb-0018-5df9-a9a2-52ddbe20e5e1;CUST_15639;PROD_3334;14;1355.15;18972.1;2023-06-14;pix;Silveira;BA;pending;parceiro_c
0d9ee0e0-87d4-0507-5a05-87c6b3dd639b;CUST_01188;PROD_3919;4;288.68;1154.72;2023-06-18;boleto;Sampaio da Serra;MG;delivered;parceiro_c
a6378411-6de6-97a9-cdc8-f64590b8d71d;CUST_11612;PROD_1579;8;2417.09;19336.72;2023-06-23;pix;Sales de Mendes;ES;delivered;parceiro_a
d39784f1-8e58-ad04-1eca-c9dcf09e576d;CUST_32743;PROD_0763;17;3016.59;51282.03;2023-06-11;debit_card;Abreu;RJ;delivered;parceiro_b
52caa9bf-652a-450f-8d38-3590ffb9feb9;CUST_43234;PROD_1309;12;3730.55;44766.6;2023-06-23;credit_card;Pimenta;PR;pending;parceiro_b
da98112d-9399-cf3b-101c-bd8fb96340ef;CUST_49226;PROD_3708;14;752.02;10528.28;2023-06-15;boleto;Castro;RJ;delivered;parceiro_a
1eb06159-396b-811e-17be-61d6ab6cf32c;CUST_30133;PROD_0175;20;1169.41;23388.2;2023-06-05;credit_card;Garcia de Nunes;SP;delivered;parceiro_a
e4f0b23d-e131-d760-5d3b-efcfee26ca08;CUST_06390;PROD_1331;8;3272.96;26183.68;2023-06-12;pix;das Neves;RJ;delivered;parceiro_a
81e6b7c8-ab96-5b92-fda2-9b90c20988db;CUST_13831;PROD_2333;11;2672.59;29398.49;2023-06-22;debit_card;da Conceição da Prata;RJ;delivered;parceiro_b
40740801-e5a3-ea5e-f99f-5247493f4fd9;CUST_42117;PROD_1274;10;2472.71;24727.1;2023-06-29;pix;Porto;PA;delivered;parceiro_b
fa028580-4abc-7f40-c316-c08d95cfe4b4;CUST_36811;PROD_0958;10;3142.1;31421.0;2023-06-03;debit_card;Garcia de Melo;RJ;shipped;parceiro_a
f4ac5f13-8a6e-2ee8-b01e-40805d5feadb;CUST_02451;PROD_4971;15;573.31;8599.65;2023-06-04;pix;Cunha de Minas;RJ;delivered;parceiro_a
7066ad2c-525d-7a14-79fe-1f05302d2d45;CUST_15621;PROD_1189;13;2115.63;27503.19;2023-06-28;boleto;Novais;MG;cancelled;parceiro_a
55097ca0-c9bb-26d5-60d7-8ac2b2a22f18;CUST_48768;PROD_4547;7;441.61;3091.27;2023-06-02;credit_card;Nascimento de Correia;SP;shipped;parceiro_a
5ae4b722-0247-f28a-989b-5ed07fdfdef8;CUST_30558;PROD_3944;11;202.72;2229.92;2023-06-02;credit_card;Correia;MG;delivered;parceiro_a
d2d69892-d0dc-d2d1-90a1-f7c510ce8c27;CUST_16611;PROD_0066;8;389.63;3117.04;2023-06-23;debit_card;Porto;RS;delivered;parceiro_c
acfb7778-3235-b81d-6145-cdb53d53c9f4;CUST_08645;PROD_0115;2;3113.64;6227.28;2023-06-25;debit_card;Campos;SC;shipped;parceiro_b
5bfdf222-22f8-b3c8-97a7-7975be43c52c;CUST_14522;PROD_3876;6;4336.28;26017.68;2023-06-30;boleto;Azevedo da Praia;GO;delivered;parceiro_b
28f650ef-01f6-32f2-b850-05c5091c7933;CUST_33943;PROD_0575;5;1254.87;6274.35;2023-06-03;debit_card;da Rosa da Praia;BA;delivered;parceiro_b
c99b0af4-b580-1523-aa46-7f04d8445a85;CUST_07433;PROD_3229;11;4689.98;51589.78;2023-06-02;credit_card;Vasconcelos do Amparo;RJ;delivered;parceiro_a
e1054ae4-6020-b919-1b35-e838975dfbef;CUST_33512;PROD_1475;19;4622.91;87835.29;2023-06-13;boleto;da Cunha;DF;delivered;parceiro_b
35967c4e-c9e0-584b-9f4f-8f3e4f0ab6a9;CUST_26819;PROD_1504;3;3049.86;9149.58;2023-06-09;debit_card;Moura;PE;shipped;parceiro_b
cce5b6ca-978d-9633-7fdf-f096e9afe984;CUST_46402;PROD_4398;18;1775.63;31961.34;2023-06-04;pix;Nogueira Alegre;SP;pending;parceiro_b
842aa003-d1de-58b4-5bb2-b9f22847af19;CUST_18864;PROD_3740;4;311.75;1247.0;2023-06-30;credit_card;Casa Grande de Sales;TO;delivered;parceiro_b
18c7415b-ed0e-2f4c-f549-109aeebe8a61;CUST_36232;PROD_0823;12;2845.08;34140.96;2023-06-25;credit_card;Vargas das Flores;MG;delivered;parceiro_a
53b02e1e-ab36-d1b1-63b5-21930e4b96e7;CUST_02234;PROD_2230;6;3980.4;23882.4;2023-06-27;debit_card;Siqueira da Mata;SP;delivered;parceiro_a
93d40f66-badf-b81e-ed0e-9c611a931860;CUST_44459;PROD_2670;7;2184.22;15289.54;2023-06-29;debit_card;Alves;SP;delivered;parceiro_a
c3bb4ae8-a218-d0cd-53fe-6716e96b3d29;CUST_37910;PROD_0362;10;4073.78;40737.8;2023-06-04;debit_card;Viana da Serra;RJ;delivered;parceiro_c
7634ffa6-45c5-1808-d89a-c9fac65f7d3a;CUST_36414;PROD_3592;12;4435.69;53228.28;2023-06-27;credit_card;Santos do Galho;CE;delivered;parceiro_b
97925a87-c542-3b42-bab0-b5a5f43541f6;CUST_40873;PROD_0876;11;874.38;9618.18;2023-06-09;boleto;Nunes das Pedras;SP;delivered;parceiro_b
370b5e4f-1aa9-3585-7e58-7e84ad688917;CUST_42569;PROD_1824;11;4596.82;50565.02;2023-06-27;credit_card;da Paz das Flores;SC;delivered;parceiro_b
3607ec43-7740-6f06-fc0c-4e764f96e8f1;CUST_16418;PROD_1937;1;1091.75;1091.75;2023-06-18;credit_card;Marques da Serra;SP;cancelled;parceiro_a
ded8aefa-6090-094d-2e86-bcd4169342ab;CUST_28471;PROD_4412;6;3674.14;22044.84;2023-06-19;credit_card;Camargo de Teixeira;PR;delivered;parceiro_b
c53981ae-539b-ddec-9f71-a11e9481327a;CUST_49021;PROD_2530;14;3395.28;47533.92;2023-06-25;pix;da Rosa da Serra;CE;shipped;parceiro_b
c22abd8a-58a1-7a72-43ee-475f92a08933;CUST_04863;PROD_2006;19;153.83;2922.77;2023-06-13;pix;da Conceição;SP;cancelled;parceiro_b
ebc2ca5d-d2f8-d796-bed6-2c8f6493c348;CUST_28221;PROD_4376;20;93.47;1869.4;2023-06-21;debit_card;Aragão;RS;delivered;parceiro_b
f4b8e74a-d820-7c58-dc05-96d969fa0f5a;CUST_13595;PROD_4463;9;759.27;6833.43;2023-06-27;boleto;Ribeiro;RJ;delivered;parceiro_b
067cc9ef-2491-347c-3c74-bbdf77c406ee;CUST_22948;PROD_2219;10;4623.8;46238.0;2023-06-19;credit_card;Nogueira de Barros;ES;pending;parceiro_c
24c92253-bcba-3b63-aeb0-4d6d306dce94;CUST_48703;PROD_2545;15;78.07;1171.05;2023-06-04;credit_card;Cavalcanti do Sul;MG;shipped;parceiro_b
61a6e223-1d73-7970-35c4-9fe8d55ad5c5;CUST_12760;PROD_3297;11;2132.98;23462.78;2023-06-03;debit_card;Novaes;GO;pending;parceiro_a
1f25a09a-14b4-9252-097a-f2701152cf73;CUST_28828;PROD_3226;3;4778.1;14334.3;2023-06-18;pix;Nogueira de da Rosa;RJ;delivered;parceiro_a
6bf8c4eb-ff2b-7e17-5244-408eec5b3d70;CUST_10725;PROD_1126;17;2565.13;43607.21;2023-06-09;boleto;das Neves;RS;delivered;parceiro_c
ffcbe948-01dc-f931-c719-bad09af03aef;CUST_45036;PROD_1980;20;419.97;8399.4;2023-06-16;debit_card;da Mata;RJ;delivered;parceiro_c
557521c9-f84d-d465-afc0-0b4e73c79dcb;CUST_31606;PROD_4227;4;3361.23;13444.92;2023-06-16;pix;Nascimento Paulista;CE;delivered;parceiro_b
19584804-6a3a-a4b2-57d8-b88eef7124a2;CUST_20329;PROD_4345;17;989.26;16817.42;2023-06-23;boleto;Vieira;MG;delivered;parceiro_a
ab7ae353-5205-d897-e53a-03b01fadcf69;CUST_07527;PROD_1902;20;1047.4;20948.0;2023-06-11;credit_card;da Conceição;SP;delivered;parceiro_a
196a9e23-525c-8a79-d6c9-55c72b0b9c3f;CUST_39499;PROD_0844;14;2350.7;32909.8;2023-06-14;pix;Cassiano Grande;RJ;delivered;parceiro_a
eee5257b-d7e7-6d3f-a9f1-d3b8103a6a75;CUST_45045;PROD_0162;18;3920.3;70565.4;2023-06-16;credit_card;Sales das Pedras;SP;shipped;parceiro_c
9485cb68-8597-59fa-50a5-5a0f10ce97d7;CUST_34268;PROD_2127;3;1116.68;3350.04;2023-06-16;credit_card;Cardoso de da Mata;RJ;delivered;parceiro_b
0e31a175-486d-212f-7269-d2edfbabda75;CUST_42562;PROD_2723;16;670.59;10729.44;2023-06-12;credit_card;da Conceição de Rios;SP;delivered;parceiro_a
472cef37-d42b-0866-df90-b9596bccb9a4;CUST_49632;PROD_0598;15;2827.55;42413.25;2023-06-06;debit_card;Jesus Grande;SP;delivered;parceiro_a
c93ec295-4627-5a1f-0602-c0789009a336;CUST_48515;PROD_0417;12;454.54;5454.48;2023-06-21;debit_card;Gomes;ES;pending;parceiro_b
d2bff2d6-21d7-f1ca-0544-38872211997f;CUST_32289;PROD_1302;9;891.25;8021.25;2023-06-01;pix;Porto Alegre;BA;delivered;parceiro_b
5ff7f7a0-c824-5a76-dc9f-c425434397a3;CUST_18649;PROD_3174;4;2288.98;9155.92;2023-06-16;credit_card;Rios;RS;delivered;parceiro_b
c5bca8ce-7a12-e9f1-6941-44cc769e3c44;CUST_32567;PROD_1216;4;1815.38;7261.52;2023-06-14;debit_card;Cirino;SP;delivered;parceiro_a
70097287-e4ec-8917-383c-df2d9185f41a;CUST_23539;PROD_4369;3;1617.71;4853.13;2023-06-23;pix;da Rocha de da Paz;ES;shipped;parceiro_c
13c52385-deab-04f1-ce94-882d387934b2;CUST_17807;PROD_0985;2;2701.5;5403.0;2023-06-20;pix;Cavalcante de Montenegro;PA;delivered;parceiro_b
5a9e2a32-3ba1-a9f3-bdf2-1afe085649ab;CUST_43007;PROD_2474;8;1125.2;9001.6;2023-06-20;pix;da Cunha de Goiás;RJ;delivered;parceiro_b
50ae7db8-ff97-3635-2f83-47b58ca78d8a;CUST_28500;PROD_2409;12;810.52;9726.24;2023-06-09;pix;Sampaio da Serra;RJ;delivered;parceiro_c
ff9ebf82-43a1-4499-43e8-77c5e36a3570;CUST_47954;PROD_3679;16;4429.62;70873.92;2023-06-11;credit_card;Jesus do Oeste;TO;shipped;parceiro_a
ea5fe6d2-c492-a3ae-da35-4039339ea678;CUST_31835;PROD_3788;15;4867.65;73014.75;2023-06-16;pix;da Rosa das Pedras;RJ;delivered;parceiro_b
600eb863-9b69-96f0-b403-03f42b3a9bcb;CUST_27386;PROD_3093;18;88.57;1594.26;2023-06-18;pix;Moura da Prata;RJ;delivered;parceiro_b
b8cffaae-8117-39d5-4e26-04dbf0e2c31f;CUST_12554;PROD_2060;4;2570.79;10283.16;2023-06-19;debit_card;Gomes da Praia;RJ;delivered;parceiro_b
438752c2-cacc-deb0-d9dd-7f2d34ddcb58;CUST_04737;PROD_0283;1;2098.58;2098.58;2023-06-23;pix;Sampaio;MG;pending;parceiro_c
3bc4e9c1-11f0-5be4-8492-52013cdafb71;CUST_32093;PROD_4956;8;88.75;710.0;2023-06-28;debit_card;Teixeira Paulista;RJ;delivered;parceiro_a
c5e451cf-caf9-3ce3-1961-cfc9c71e01b4;CUST_14429;PROD_0939;1;3650.09;3650.09;2023-06-19;credit_card;Caldeira do Oeste;MS;delivered;parceiro_c
68c83318-644b-06df-8bff-1eeb4f2dea51;CUST_45389;PROD_3324;16;1133.84;18141.44;2023-06-03;pix;Pinto de Nunes;SP;delivered;parceiro_a
79c4b1ed-e55a-5abf-3a3a-9bcc41254446;CUST_26662;PROD_1591;3;333.83;1001.49;2023-06-24;boleto;Pacheco das Pedras;MG;shipped;parceiro_c
3ed0c955-1962-0131-786a-a0bbaced6ddc;CUST_21513;PROD_3358;19;4264.9;81033.1;2023-06-29;debit_card;Camargo de Martins;RJ;cancelled;parceiro_a
86943996-adc0-e905-2792-959a1bb946d0;CUST_02480;PROD_2946;2;269.91;539.82;2023-06-18;debit_card;Dias de Pereira;RJ;delivered;parceiro_a
32121968-de18-fb7e-fa80-c70a538b6f84;CUST_34516;PROD_0976;8;1112.73;8901.84;2023-06-28;pix;Machado de Marques;SP;shipped;parceiro_c
c5a55ef8-2503-e9d8-deeb-0a890b73cba0;CUST_47476;PROD_2309;9;81.63;734.67;2023-06-17;credit_card;Vargas;BA;delivered;parceiro_a
4cffd7f4-8d74-4184-af64-5de59d59b23c;CUST_16149;PROD_4376;16;3158.44;50535.04;2023-06-13;pix;Novais da Serra;RJ;delivered;parceiro_b
26c0be40-965a-c27c-3f09-7680769cb605;CUST_34879;PROD_0054;6;1504.07;9024.42;2023-06-29;credit_card;Ramos;DF;delivered;parceiro_a
5e115b28-2ac4-b252-3bc3-bd5fc0e01a4f;CUST_34183;PROD_3750;1;3153.7;3153.7;2023-06-27;boleto;Moreira;PR;delivered;parceiro_b
b96245c2-170e-9f5f-9ecc-278885e5efb6;CUST_14275;PROD_1304;13;2091.26;27186.38;2023-06-14;pix;Pinto Grande;SP;delivered;parceiro_a
5d863005-c29a-d9e1-a5b7-982b8008f219;CUST_01485;PROD_4448;8;3706.97;29655.76;2023-06-27;credit_card;Gomes;SP;delivered;parceiro_b
aac598da-3387-99f4-e3f9-d28046496317;CUST_43067;PROD_0154;13;2122.12;27587.56;2023-06-22;credit_card;Porto do Sul;PR;cancelled;parceiro_b
615929ac-7c4a-4eab-495a-ac06e9ea7bf9;CUST_41844;PROD_3504;14;2420.79;33891.06;2023-06-12;pix;Cunha do Campo;MG;pending;parceiro_a
b300cd16-94fe-40c1-4c4c-77361b93eb58;CUST_45220;PROD_3852;1;816.91;816.91;2023-06-25;debit_card;Carvalho;CE;delivered;parceiro_c
c246f613-bac0-fbbf-227a-61908897fc4e;CUST_05352;PROD_3008;7;2787.54;19512.78;2023-06-28;pix;Costela de Barbosa;RJ;delivered;parceiro_a
4402f285-81d8-9806-45c7-164e6ac2724a;CUST_12568;PROD_0412;17;1750.86;29764.62;2023-06-21;credit_card;Mendes do Sul;SP;cancelled;parceiro_b
42ec85de-4135-a4c6-8032-f58d6542cdee;CUST_38140;PROD_4405;2;4309.84;8619.68;2023-06-17;credit_card;Lima do Galho;PR;cancelled;parceiro_a
12574c8a-2481-24da-e669-1fb7424af89d;CUST_45826;PROD_1244;5;2787.52;13937.6;2023-06-04;debit_card;Moreira;SP;shipped;parceiro_c
d7fd5c95-dbfe-04d4-cdae-1dbeba63a504;CUST_11317;PROD_4930;18;3061.66;55109.88;2023-06-07;credit_card;Campos;SP;delivered;parceiro_c
c5d9383a-0744-c875-cd40-7a10765d4433;CUST_39994;PROD_1694;20;200.09;4001.8;2023-06-23;boleto;Alves;MG;delivered;parceiro_a
7004b5ff-04c9-8b4d-bf55-2329ddb19951;CUST_35035;PROD_0483;8;3577.15;28617.2;2023-06-17;boleto;Pimenta dos Dourados;SC;delivered;parceiro_c
e1ebfa67-2d8a-4b0d-382d-a5d24550d8a2;CUST_34492;PROD_0250;7;4519.08;31633.56;2023-06-03;pix;Ramos;SP;delivered;parceiro_a
cf2d39e5-1431-7daf-b67f-a526b17fdfbb;CUST_33835;PROD_2005;15;1775.52;26632.8;2023-06-21;boleto;Lima;SP;delivered;parceiro_a
d2d32367-906b-1e45-9e22-855b74478b34;CUST_09584;PROD_4298;13;258.71;3363.23;2023-06-08;credit_card;Rios;SC;delivered;parceiro_c
4d9de139-6cd1-35d6-95f8-4509428b4c07;CUST_04112;PROD_2995;5;2173.92;10869.6;2023-06-27;pix;Sá Grande;RJ;delivered;parceiro_a
27db52b4-9540-eae5-742b-220d737f72f0;CUST_18395;PROD_4153;4;427.45;1709.8;2023-06-01;boleto;Sales;SC;delivered;parceiro_c
38477ccf-ade7-b3df-2f6c-dc248e0c9a21;CUST_48792;PROD_1978;6;2295.27;13771.62;2023-06-14;debit_card;Freitas do Sul;SP;delivered;parceiro_a
f63a8161-8152-358f-0526-d2302c017b05;CUST_34009;PROD_4830;4;334.78;1339.12;2023-06-07;debit_card;Camargo Paulista;SP;delivered;parceiro_b
390dcf05-457f-3244-fac5-21db1cb61f8c;CUST_27694;PROD_1244;13;1351.2;17565.6;2023-06-08;debit_card;Vasconcelos do Campo;RJ;delivered;parceiro_b
2b33b1b6-b009-faef-ba86-f3ae11c887af;CUST_16237;PROD_4646;6;1986.98;11921.88;2023-06-26;pix;Cardoso do Amparo;PE;delivered;parceiro_b
07e2580d-70e4-1aea-89dc-fcd05389fa81;CUST_05251;PROD_2961;15;4761.79;71426.85;2023-06-02;credit_card;da Mota de Pacheco;SC;delivered;parceiro_b
20e714f4-e522-8d13-c68f-19f49ff277e7;CUST_09656;PROD_4933;8;1950.71;15605.68;2023-06-24;debit_card;Souza da Prata;PR;delivered;parceiro_b
38772086-bc60-56e8-b108-4d12a11d8a00;CUST_44726;PROD_2305;12;2144.91;25738.92;2023-06-28;boleto;Sá;RS;pending;parceiro_a
5943899c-10b7-cc9f-3f0e-e1b5e9c597f0;CUST_26150;PROD_0472;9;3446.44;31017.96;2023-06-10;boleto;Pinto de Alves;SP;shipped;parceiro_b
e2489e98-39f9-4ca6-6cd4-3017571f993b;CUST_43668;PROD_4588;6;2797.86;16787.16;2023-06-21;debit_card;Alves Paulista;MG;delivered;parceiro_b
293bebfa-c226-adef-6667-359777374997;CUST_02551;PROD_4154;6;1240.01;7440.06;2023-06-23;credit_card;Santos do Campo;RS;delivered;parceiro_c
6d688c59-664b-7fbc-e308-511a8ee1bfae;CUST_09449;PROD_1968;7;4263.01;29841.07;2023-06-08;credit_card;Pimenta do Norte;PE;delivered;parceiro_c
80c53acc-a371-30d4-2b02-448582bd8e34;CUST_36259;PROD_3520;1;3655.91;3655.91;2023-06-04;credit_card;Gonçalves da Prata;RS;delivered;parceiro_a
1dabbbd2-772a-82d8-410f-18c685dcd7ac;CUST_28269;PROD_4629;11;4550.54;50055.94;2023-06-25;boleto;Novais do Sul;SP;delivered;parceiro_a
150d684c-4375-bc47-2555-f28f5273211a;CUST_27672;PROD_4713;15;2458.29;36874.35;2023-06-18;credit_card;da Mata da Prata;RJ;delivered;parceiro_a
9daace54-1d74-4d9d-5dc5-34fa4b956c83;CUST_30984;PROD_4122;7;4720.98;33046.86;2023-06-29;credit_card;da Cunha de Goiás;SP;delivered;parceiro_c
e759eaf6-b14f-7952-361b-4dca92ca04b7;CUST_02537;PROD_4955;1;905.24;905.24;2023-06-02;pix;Vargas;SP;delivered;parceiro_a
b652a4c9-85ff-b26a-274e-1dddca5eb0eb;CUST_38450;PROD_2380;19;4635.26;88069.94;2023-06-11;debit_card;Camargo;SP;delivered;parceiro_b
71292a61-fb8d-685d-48f8-451a1a4051f1;CUST_02673;PROD_0792;5;539.23;2696.15;2023-06-02;credit_card;Vargas do Amparo;MG;delivered;parceiro_b
55d75a6f-21c2-eda5-0749-c5a59e3a433c;CUST_47745;PROD_1761;12;4559.14;54709.68;2023-06-22;pix;Oliveira de Almeida;MG;pending;parceiro_c
dcec7d2f-8304-d97e-5a1e-9a39ff6d2de3;CUST_13588;PROD_1900;17;2398.14;40768.38;2023-06-08;debit_card;Siqueira das Pedras;PI;delivered;parceiro_b
c8826b59-2e08-1276-3ef9-7e1fe5e4ef64;CUST_40368;PROD_3563;4;907.67;3630.68;2023-06-16;debit_card;Caldeira;SP;delivered;parceiro_c
efb9ac54-5eb4-7aec-2ede-e16d171f61fd;CUST_13584;PROD_4496;18;4037.65;72677.7;2023-06-19;credit_card;Montenegro do Sul;SE;delivered;parceiro_c
fbc82de1-cf26-a85c-c571-6a42d90c7218;CUST_17270;PROD_2023;17;742.76;12626.92;2023-06-19;pix;Albuquerque;PA;delivered;parceiro_a
5032710b-e464-4b1f-09f4-decfe5b822bd;CUST_40856;PROD_0504;19;1655.02;31445.38;2023-06-06;pix;Rocha;RN;shipped;parceiro_c
03006426-f9c0-2467-00d4-012480a27064;CUST_31879;PROD_4360;12;4063.02;48756.24;2023-06-18;boleto;Pires;RJ;cancelled;parceiro_c
e69b2100-40a5-541a-cbdc-92518f50a044;CUST_43526;PROD_3436;11;10.38;114.18;2023-06-16;debit_card;Fernandes de Gonçalves;MA;pending;parceiro_a
6909df43-3a57-92a8-19b0-de720c8ec42e;CUST_13586;PROD_0401;7;1234.3;8640.1;2023-06-24;boleto;Monteiro de Cassiano;BA;delivered;parceiro_b
0574b70a-260d-1ac4-3d80-405ef47bfa9f;CUST_15851;PROD_1312;19;3303.74;62771.06;2023-06-07;boleto;Fogaça de Minas;BA;delivered;parceiro_c
0f524ac4-cfb8-182b-4b0c-f28357dc82e1;CUST_24446;PROD_2048;4;661.07;2644.28;2023-06-17;debit_card;Porto;PR;delivered;parceiro_b
3bdabee3-30fd-d94a-3db7-5611358bf2e5;CUST_10995;PROD_4906;14;1830.75;25630.5;2023-06-04;credit_card;Guerra;RS;delivered;parceiro_b
3acf135d-f87c-9fdc-3b53-f6686f7b2365;CUST_32249;PROD_2139;9;1224.74;11022.66;2023-06-08;credit_card;Silveira;SP;shipped;parceiro_a
f9122eb2-e8c3-50e7-89ff-e43b7e1c8643;CUST_42280;PROD_1832;19;3336.3;63389.7;2023-06-01;boleto;Gomes do Campo;PR;shipped;parceiro_c
386b13a3-4891-b11a-e91d-84dcec3eb71f;CUST_37330;PROD_2274;2;3737.46;7474.92;2023-06-07;boleto;da Cruz da Serra;SE;shipped;parceiro_c
484d5e31-f30b-5726-8940-7962a8de7a44;CUST_31400;PROD_3124;5;2148.61;10743.05;2023-06-10;boleto;Ferreira;SP;delivered;parceiro_b
d9f3613e-8cb2-4581-8a1a-3e6ac46e6a5b;CUST_14062;PROD_3794;12;1928.65;23143.8;2023-06-24;credit_card;Pinto dos Dourados;SP;shipped;parceiro_c
6aff96eb-ebaf-8628-31a2-998a00dc9e44;CUST_03426;PROD_4460;19;1620.25;30784.75;2023-06-01;pix;Jesus;RJ;shipped;parceiro_a
b15fe456-a346-c3bb-c661-93d240f8f001;CUST_21699;PROD_2086;18;4677.43;84193.74;2023-06-09;pix;da Luz;BA;delivered;parceiro_b
a1d62948-553c-e0c1-9b32-a082baf64ef7;CUST_05281;PROD_3135;2;4926.79;9853.58;2023-06-16;pix;Casa Grande;BA;delivered;parceiro_b
4e18d00f-3a01-ff4e-b7c7-3aafd194ecd0;CUST_09134;PROD_1674;6;883.48;5300.88;2023-06-25;credit_card;Sá;BA;delivered;parceiro_a
addcd596-fb7d-4bc4-9e8b-0a3e871db604;CUST_33047;PROD_4174;12;3441.78;41301.36;2023-06-16;pix;da Rosa das Flores;RS;delivered;parceiro_a
e79b8ecb-8953-2adb-566d-e27f7967212e;CUST_38083;PROD_4281;20;65.46;1309.2;2023-06-18;debit_card;Pinto;MG;pending;parceiro_b
2ad46bf8-ae4a-bc17-11b9-6ac93a44a72a;CUST_28378;PROD_0676;17;19.76;335.92;2023-06-30;credit_card;Aparecida de Moreira;GO;pending;parceiro_b
c71234b9-baa6-fedf-0dcd-32e69479db3a;CUST_00826;PROD_0849;7;1370.31;9592.17;2023-06-23;credit_card;da Rosa;RO;pending;parceiro_a
be3c5c96-83f1-14d4-764d-d9fc26889fd9;CUST_13907;PROD_2088;17;3796.15;64534.55;2023-06-16;pix;Monteiro de Goiás;PA;delivered;parceiro_a
5ab2e0fc-5cc5-db80-884b-3d19f347fed0;CUST_40352;PROD_1800;10;3571.89;35718.9;2023-06-22;debit_card;Cunha;AC;cancelled;parceiro_b
219fcbbd-b1a6-727c-df35-48dd9a29b3d6;CUST_06790;PROD_3593;18;929.35;16728.3;2023-06-12;credit_card;Cavalcanti;SP;cancelled;parceiro_a
a195f5be-1cb1-469b-f043-9ef9ab1329df;CUST_07994;PROD_2373;8;4277.17;34217.36;2023-06-28;pix;Vieira;SP;delivered;parceiro_a
aae7da59-9a4f-338a-c30c-c9e29ec8e623;CUST_10922;PROD_1025;15;2761.78;41426.7;2023-06-09;boleto;Moura de Abreu;MG;pending;parceiro_b
9f3bf87c-0b7a-60f4-2e1e-5bdfe574f058;CUST_08259;PROD_2178;15;1459.65;21894.75;2023-06-08;debit_card;Souza Grande;RJ;pending;parceiro_b
01e5e156-7f7e-b019-0943-f6ccf8b4096a;CUST_40425;PROD_2954;1;816.89;816.89;2023-06-25;debit_card;Santos;SC;pending;parceiro_c
9c231a07-3413-0769-ad34-e38bf9f4a5ce;CUST_49764;PROD_4386;7;4843.96;33907.72;2023-06-07;boleto;Peixoto;RO;pending;parceiro_a
464cff40-1ccd-fc0b-2dbb-f26975b24654;CUST_06232;PROD_1289;3;1179.11;3537.33;2023-06-05;debit_card;Rios da Mata;SP;delivered;parceiro_b
a3ef95b9-95ab-2ef8-dccd-ab9a81da9db0;CUST_43071;PROD_0577;6;3673.55;22041.3;2023-06-10;credit_card;Souza de Minas;RJ;delivered;parceiro_b
2da6fc3c-5691-b45d-d7c1-2ed42335d327;CUST_28871;PROD_4282;16;2071.31;33140.96;2023-06-30;credit_card;Rezende;SP;delivered;parceiro_a
71aad8ff-8a6a-95c8-d906-7f4575e43455;CUST_21832;PROD_2651;16;4497.13;71954.08;2023-06-11;credit_card;Barbosa do Campo;SP;delivered;parceiro_a
03621dcf-d377-51b4-baf8-7a28432c4135;CUST_35931;PROD_1446;11;1919.61;21115.71;2023-06-01;boleto;Pimenta de Alves;MG;delivered;parceiro_c
2dee857d-3926-88a6-58b2-a58667e58d57;CUST_08313;PROD_2111;3;73.15;219.45;2023-06-16;pix;Camargo dos Dourados;SP;delivered;parceiro_a
f0c81415-c2cd-c8f0-d3de-1405ed85428d;CUST_42324;PROD_1663;17;3058.43;51993.31;2023-06-06;credit_card;Moreira da Praia;ES;shipped;parceiro_a
6900b13a-5fff-d5a6-ad3b-83f8828b4e2f;CUST_12675;PROD_2475;5;1560.52;7802.6;2023-06-10;pix;Garcia;SP;delivered;parceiro_b
245db521-5afe-f2b3-1b28-4c900945d590;CUST_15775;PROD_0600;17;4162.78;70767.26;2023-06-30;credit_card;Teixeira;SC;delivered;parceiro_c
c0c32d9d-0995-bc9c-45e2-ac742ec9a35d;CUST_35181;PROD_4319;18;2179.7;39234.6;2023-06-23;credit_card;Freitas do Galho;RJ;shipped;parceiro_a
574b4194-4521-2ffa-d335-c9df4c43fb7d;CUST_39997;PROD_2596;16;138.92;2222.72;2023-06-28;pix;Leão do Norte;SP;delivered;parceiro_a
fb8a9e7b-06d4-8359-f524-cca4725ef7a7;CUST_15899;PROD_0780;1;3670.1;3670.1;2023-06-05;credit_card;Casa Grande de Duarte;BA;delivered;parceiro_a
9ea9dbb5-f2bc-d8c5-f742-ae3af7b7c459;CUST_28296;PROD_3713;12;4036.1;48433.2;2023-06-19;credit_card;Peixoto de Marques;RO;delivered;parceiro_c
a3bb6a3a-4a11-9fa9-8193-1e482b3fe15e;CUST_42964;PROD_4931;12;2110.92;25331.04;2023-06-20;pix;Cavalcante do Amparo;ES;cancelled;parceiro_b
d7c16a1d-09f9-56c0-1d73-c2b8dda8e148;CUST_05549;PROD_1719;16;424.86;6797.76;2023-06-10;debit_card;Fonseca da Serra;DF;delivered;parceiro_a
82ded328-2d5e-3850-88c6-5e5aef66587a;CUST_46930;PROD_0559;5;3514.79;17573.95;2023-06-28;boleto;Sousa de Minas;MG;pending;parceiro_a
bf84dff3-bed2-6936-0a6c-8a4330adc938;CUST_31898;PROD_0257;14;2962.94;41481.16;2023-06-09;boleto;Rocha Verde;SP;delivered;parceiro_a
9312bc5f-a2ea-1010-23fa-76dc7cb89e1d;CUST_12066;PROD_2970;16;1802.85;28845.6;2023-06-17;pix;Santos;SP;shipped;parceiro_c
4d54a397-b216-7d41-29b2-2699b799f8e8;CUST_46829;PROD_1753;15;3746.92;56203.8;2023-06-01;debit_card;da Cruz;RJ;delivered;parceiro_c
138429bc-06d8-0c7b-3794-5f9ba092ba7f;CUST_11993;PROD_4786;17;1667.44;28346.48;2023-06-24;credit_card;Almeida do Norte;PR;delivered;parceiro_a
c81a6c6d-c17f-6cd7-aee6-f27f9f76e0b0;CUST_35041;PROD_0346;12;4972.18;59666.16;2023-06-14;pix;Pastor de Goiás;BA;shipped;parceiro_b
580a67ae-d864-a9a6-448f-6ae80542961e;CUST_39821;PROD_0258;18;2942.96;52973.28;2023-06-28;pix;Mendonça das Pedras;MG;pending;parceiro_c
d00d8cf6-5af0-4f8d-37c7-59c109abc98c;CUST_19305;PROD_2506;10;38.25;382.5;2023-06-12;pix;Borges;SP;pending;parceiro_a
9c71659a-fb7d-67f5-3380-a62d7fdecd39;CUST_17182;PROD_2817;2;1677.4;3354.8;2023-06-12;debit_card;Lopes;RO;delivered;parceiro_a
3119b0ce-69d4-2fa4-89e0-16642b0af984;CUST_35758;PROD_3673;6;126.0;756.0;2023-06-01;credit_card;Porto da Praia;MT;delivered;parceiro_a
9ac43d85-c965-f6b1-0ca8-9f42c0d814c1;CUST_27265;PROD_4239;18;3431.72;61770.96;2023-06-17;credit_card;Castro;RS;delivered;parceiro_c
d6e14675-ddd1-a868-5414-f345ccc3acaf;CUST_33767;PROD_4348;17;2829.2;48096.4;2023-06-09;debit_card;Nunes das Pedras;SP;delivered;parceiro_a
50192836-3fcf-182e-c74b-c1b6d655dcaf;CUST_37287;PROD_4971;16;695.82;11133.12;2023-06-22;credit_card;Montenegro do Oeste;SP;delivered;parceiro_c
bd6fcf4c-228d-00a2-feed-f3647c60d021;CUST_35837;PROD_0130;17;4841.86;82311.62;2023-06-16;pix;Carvalho da Serra;RJ;cancelled;parceiro_b
165df114-a9bf-7510-9927-148ecd09b3fb;CUST_20036;PROD_0129;15;2469.07;37036.05;2023-06-18;pix;Caldeira;SP;cancelled;parceiro_b
e6f6c236-30a7-9ec5-2ede-c39ba3f2a70f;CUST_21426;PROD_2549;5;4084.98;20424.9;2023-06-24;credit_card;Mendes;RS;delivered;parceiro_b
18d38ce8-8e06-c7b7-f37a-9340f420b5eb;CUST_44542;PROD_1699;6;329.5;1977.0;2023-06-05;credit_card;Barros do Amparo;BA;delivered;parceiro_a
3b5b7743-5b82-d0e7-cdb5-834d4b9388aa;CUST_16137;PROD_0455;10;3321.36;33213.6;2023-06-07;pix;Correia do Oeste;RS;shipped;parceiro_b
7df8baeb-546c-1754-1da6-81d4566c58db;CUST_19184;PROD_1889;10;3943.68;39436.8;2023-06-17;credit_card;Freitas Alegre;RS;delivered;parceiro_b
56cb4a8f-9f7b-9155-2053-28d46d1ddc51;CUST_04112;PROD_3691;16;4518.94;72303.04;2023-06-24;pix;Silveira;RJ;pending;parceiro_a
e955009f-6245-c8b4-51e7-62fe05527df1;CUST_36150;PROD_4855;20;526.65;10533.0;2023-06-01;debit_card;Rios Grande;MG;cancelled;parceiro_b
4dd553ed-b87c-ed1d-0a99-34cbc5233bdc;CUST_39134;PROD_4046;20;1983.08;39661.6;2023-06-30;credit_card;Gonçalves;RJ;delivered;parceiro_b
20e6981b-f691-151d-4d2f-8aa969bf751d;CUST_44610;PROD_2532;11;2651.07;29161.77;2023-06-05;debit_card;da Rosa;SP;delivered;parceiro_a
986166bb-9fb5-5f75-8ebb-d2ec9655406c;CUST_47501;PROD_3121;4;4296.78;17187.12;2023-06-16;credit_card;Correia da Mata;SP;pending;parceiro_c
e8fc8114-23c0-f19b-7229-c76208cfcb9c;CUST_21656;PROD_4091;6;407.96;2447.76;2023-06-22;credit_card;Pires do Galho;PB;pending;parceiro_b
7069a73a-2cb3-8359-3fd4-0649f14c4d7a;CUST_12181;PROD_1631;7;2565.14;17955.98;2023-06-04;pix;da Costa Paulista;SP;delivered;parceiro_c
f1dbcf68-3572-fa4f-d65c-405d1edc2577;CUST_37624;PROD_4872;3;1149.05;3447.15;2023-06-09;credit_card;Garcia de Goiás;SP;delivered;parceiro_a
a867daf1-80e3-4ed3-6992-4fc2e5b3b68e;CUST_34835;PROD_2603;15;2361.75;35426.25;2023-06-24;credit_card;Silva de Duarte;PE;shipped;parceiro_a
3288f562-3985-ed5c-63a0-cf47f22a6413;CUST_42404;PROD_3090;12;3151.21;37814.52;2023-06-02;credit_card;Vieira;PA;delivered;parceiro_b
8bc620a8-4937-82e1-86d9-96ec5b8b049a;CUST_34842;PROD_1944;17;291.63;4957.71;2023-06-12;debit_card;Lopes de Ribeiro;SC;delivered;parceiro_a
c78627ec-ff5f-6ffd-3592-f62d921830f6;CUST_29847;PROD_4769;7;4311.15;30178.05;2023-06-12;credit_card;Castro de Mendes;RS;delivered;parceiro_b
20b62de9-cc83-2448-7995-40a5d55bdca1;CUST_45010;PROD_1333;16;4581.73;73307.68;2023-06-04;credit_card;da Luz;RS;shipped;parceiro_c
1b885906-0939-0c18-7521-d0b80ded2218;CUST_42811;PROD_3556;3;1468.74;4406.22;2023-06-23;credit_card;Cavalcante;MG;shipped;parceiro_b
8164e0eb-e818-1f68-c92f-e47fa69e2695;CUST_26374;PROD_2915;10;466.55;4665.5;2023-06-24;pix;Almeida de Azevedo;MG;shipped;parceiro_c
c0286a17-7c61-9e6b-151f-a3da4483edde;CUST_03625;PROD_4138;15;2609.63;39144.45;2023-06-09;credit_card;Vasconcelos Verde;SP;delivered;parceiro_c
f0981da3-2350-828b-d365-fd23cfef7fd2;CUST_23862;PROD_1077;2;2356.1;4712.2;2023-06-01;debit_card;da Luz Alegre;PE;delivered;parceiro_b
05b3922e-e290-4a1f-07db-c0b3d6ee6af2;CUST_21914;PROD_4983;17;4666.71;79334.07;2023-06-10;boleto;Caldeira;CE;delivered;parceiro_c
68420ba3-bd42-ae38-cb62-746fa1fbfc67;CUST_46577;PROD_0619;9;475.71;4281.39;2023-06-22;debit_card;Lima;PR;delivered;parceiro_a
31a79516-620e-418f-2a1c-0207bf0fc003;CUST_28462;PROD_3354;5;3910.68;19553.4;2023-06-18;pix;Fogaça do Sul;PR;pending;parceiro_b
ddd60d50-0833-8985-6712-0a20b6b8fac8;CUST_47183;PROD_2798;2;3616.64;7233.28;2023-06-16;debit_card;da Conceição;SP;pending;parceiro_b
6306986d-307d-1d92-bbcd-91e8fdfdfb26;CUST_19634;PROD_1003;17;3735.88;63509.96;2023-06-11;credit_card;Vieira de Goiás;PR;delivered;parceiro_a
fc377d64-289f-fb6d-f5cc-4e230206f697;CUST_15122;PROD_1925;4;4725.02;18900.08;2023-06-13;credit_card;Sousa;PR;pending;parceiro_c
069fc581-81b3-6e07-e9fd-e95bbf6144b5;CUST_26441;PROD_4870;5;3922.35;19611.75;2023-06-01;debit_card;Borges da Mata;MA;delivered;parceiro_b
05eaee72-0f69-64bd-5941-751ae4bd43ca;CUST_28788;PROD_1384;1;4060.62;4060.62;2023-06-19;boleto;Lopes;SP;pending;parceiro_c
6a389ce6-2603-f4ff-5e93-bcc84df6bff6;CUST_36790;PROD_0936;6;1177.62;7065.72;2023-06-26;credit_card;Câmara;AM;delivered;parceiro_b
cddb9d53-96da-1abc-0a22-1621fbb7db2f;CUST_15341;PROD_1726;5;4111.37;20556.85;2023-06-20;credit_card;Garcia de Alves;PR;delivered;parceiro_a
0ae7c31a-3bdf-be3b-6133-fa0dbd03e330;CUST_17630;PROD_3555;12;2020.36;24244.32;2023-06-14;pix;Silveira;SC;delivered;parceiro_a
6d79e93d-b301-66e4-f131-e8acd7acd0b4;CUST_28676;PROD_0473;3;42.89;128.67;2023-06-11;pix;Cirino dos Dourados;SP;delivered;parceiro_c
00c6c169-d060-ff9b-4c38-4a6318dda568;CUST_15608;PROD_2270;10;3970.36;39703.6;2023-06-07;credit_card;Barros dos Dourados;CE;delivered;parceiro_a
97379ac4-5b71-c339-a6e0-0f85d02d8abe;CUST_01359;PROD_1168;15;2185.25;32778.75;2023-06-29;credit_card;Costa da Prata;SP;delivered;parceiro_a
a3c0010a-7da3-3ebf-9825-36444fdf24d6;CUST_38979;PROD_1544;20;4578.92;91578.4;2023-06-17;pix;da Luz das Pedras;PE;pending;parceiro_a
551fe387-a3ac-afd7-d8c2-a9beff8c0de0;CUST_11854;PROD_2799;16;1207.83;19325.28;2023-06-24;boleto;Moraes Alegre;SP;delivered;parceiro_a
be7d3efc-55fe-5f80-cf4e-87f823c45f7a;CUST_27021;PROD_1595;3;1193.37;3580.11;2023-06-11;credit_card;Moreira dos Dourados;SP;shipped;parceiro_a
7689cace-a683-3305-4560-81e6fba1fc8b;CUST_21025;PROD_2843;8;4680.6;37444.8;2023-06-18;pix;Abreu;CE;delivered;parceiro_c
c5137bad-49be-d1a7-2a77-1653ded9e2a9;CUST_45715;PROD_0892;10;4182.36;41823.6;2023-06-11;boleto;Leão;SC;delivered;parceiro_a
56161ca7-1bf0-a8ba-da5f-8c5a016bc55d;CUST_12953;PROD_1737;14;313.39;4387.46;2023-06-20;pix;Pinto;PR;shipped;parceiro_b
eee94d49-ed90-58cf-582f-05649e9bcc3d;CUST_06087;PROD_1118;7;300.27;2101.89;2023-06-29;pix;Macedo;MG;shipped;parceiro_a
50ba9921-4bd7-582c-117c-dec64974f1e2;CUST_24531;PROD_0214;14;1046.92;14656.88;2023-06-14;credit_card;Moura;RJ;delivered;parceiro_b
7277dbe4-3c58-1cfb-6098-56b39ae1653d;CUST_12280;PROD_4287;8;4579.59;36636.72;2023-06-27;boleto;Ramos;RJ;delivered;parceiro_c
9eed0953-041b-d4e3-c1ac-f431c352fc18;CUST_22432;PROD_4875;2;207.28;414.56;2023-06-15;pix;Montenegro;CE;delivered;parceiro_a
b1f8d4a5-e863-2c94-8310-5f374a8dad41;CUST_38074;PROD_3044;2;562.24;1124.48;2023-06-03;pix;Oliveira;DF;pending;parceiro_b
d493813a-4170-9c89-92e4-6694fb7ea3aa;CUST_12151;PROD_1491;9;2371.71;21345.39;2023-06-22;credit_card;das Neves;SP;delivered;parceiro_a
198a1d57-5a2f-8aea-1566-eea1ef1fe268;CUST_38422;PROD_3386;16;243.14;3890.24;2023-06-30;pix;Fernandes de Montenegro;GO;cancelled;parceiro_a
d21120d8-f4a8-c3c9-a49a-9e8d2150d755;CUST_22506;PROD_0974;4;2419.95;9679.8;2023-06-25;pix;Mendonça;MG;cancelled;parceiro_b
8daa28cc-0162-212e-d1f8-b0990d928f61;CUST_41978;PROD_1203;8;1249.02;9992.16;2023-06-23;credit_card;Fernandes;RJ;delivered;parceiro_a
91509aca-cae2-f63c-93f4-af8192f0a34d;CUST_22227;PROD_2405;14;4739.72;66356.08;2023-06-06;pix;Rodrigues;BA;delivered;parceiro_a
8f7253dc-c392-f848-48f1-da62544be53a;CUST_01665;PROD_2975;17;2334.27;39682.59;2023-06-10;debit_card;Azevedo;SP;delivered;parceiro_a
077379d9-60a5-0943-78ea-fa78bc36c2a3;CUST_49048;PROD_1989;15;4751.69;71275.35;2023-06-23;pix;Novaes da Serra;SP;shipped;parceiro_c
e61a7c39-8715-bd8d-879c-0565907a2c79;CUST_37625;PROD_0233;9;4625.1;41625.9;2023-06-22;debit_card;Santos Paulista;RS;delivered;parceiro_b
2732df2d-c3c0-aea9-5954-aaae792d37da;CUST_43983;PROD_0767;7;2688.55;18819.85;2023-06-23;credit_card;Pires;DF;delivered;parceiro_a
b847c5fb-26fd-a562-59e2-9819ff9ab0f1;CUST_11410;PROD_2426;4;4597.74;18390.96;2023-06-07;debit_card;da Costa de Goiás;SP;delivered;parceiro_b
31b7ab25-d019-127d-e948-aa9953bf96ae;CUST_48281;PROD_3417;12;4499.68;53996.16;2023-06-23;credit_card;da Mata da Serra;MS;shipped;parceiro_c
b6083e2c-e47f-11c3-7598-7429f7c3cdff;CUST_35472;PROD_3519;11;99.83;1098.13;2023-06-18;debit_card;Macedo Paulista;PA;delivered;parceiro_a
090d44fa-d6d5-b77c-babe-3cc188391cb8;CUST_10432;PROD_2374;17;225.5;3833.5;2023-06-28;pix;Pereira dos Dourados;PR;delivered;parceiro_b
6efd5b6e-4e60-5a2e-1e2b-e4f8228f79a6;CUST_47557;PROD_2695;16;3042.65;48682.4;2023-06-15;debit_card;Cardoso;SC;pending;parceiro_a
39046a9c-778d-7bd0-1566-b80dd481ea73;CUST_25229;PROD_1377;10;2055.03;20550.3;2023-06-28;debit_card;Cavalcante do Norte;PR;delivered;parceiro_b
1bf20a0c-848e-5c2a-109f-c1bce4b43623;CUST_20496;PROD_1574;9;4822.24;43400.16;2023-06-18;debit_card;Silva do Galho;MG;pending;parceiro_a
391edc92-0dff-f0d1-e77e-36ab3855a798;CUST_31210;PROD_4837;11;2672.65;29399.15;2023-06-14;credit_card;Costela de Viana;SP;delivered;parceiro_a
141e3043-0f03-caa7-9f33-75ac81c82df1;CUST_43912;PROD_0449;19;1217.57;23133.83;2023-06-16;credit_card;Camargo de Silva;SP;delivered;parceiro_b
a8082bc1-10cc-e24b-c3fe-bec5fd0a0612;CUST_47021;PROD_1504;15;1577.89;23668.35;2023-06-09;pix;Silveira;PR;delivered;parceiro_a
2b9e34d1-8354-8ce8-3b0c-af3c4f00c87b;CUST_00259;PROD_2262;12;2212.6;26551.2;2023-06-16;credit_card;Melo das Flores;MG;delivered;parceiro_c
4c0de115-7d7b-a5f9-f921-acc1188f3f70;CUST_12822;PROD_1106;8;3399.18;27193.44;2023-06-10;pix;Fogaça da Serra;BA;delivered;parceiro_a
f2c40a0e-07c3-7c4d-ecb0-80b70b0b0c80;CUST_42107;PROD_1007;17;2123.46;36098.82;2023-06-30;pix;Cavalcanti Alegre;SP;delivered;parceiro_b
e600258d-a54f-9846-1158-fa02366266cb;CUST_06785;PROD_2242;8;2511.53;20092.24;2023-06-29;pix;Monteiro de Minas;RJ;shipped;parceiro_c
8c74881f-2d34-0efa-824c-4c4cfd8e20fb;CUST_47451;PROD_2039;20;1219.55;24391.0;2023-06-28;credit_card;Leão da Praia;PR;delivered;parceiro_c
171c8c91-6a88-e21c-6573-a892c866bd36;CUST_40262;PROD_0753;17;1903.93;32366.81;2023-06-15;credit_card;Marques;ES;delivered;parceiro_b
70f67e3a-c979-b793-d131-00a42cd92331;CUST_26762;PROD_1552;1;93.4;93.4;2023-06-25;credit_card;Machado das Flores;RS;pending;parceiro_c
78f520ea-c51a-3400-ae1f-26f92933a704;CUST_33032;PROD_3648;6;431.55;2589.3;2023-06-16;debit_card;Leão de Ribeiro;AC;cancelled;parceiro_b
003f9d15-abc3-03e1-8121-628bf2bd6fa4;CUST_11138;PROD_3492;5;1453.42;7267.1;2023-06-17;credit_card;Araújo;PR;delivered;parceiro_a
11f3b13d-7df7-b419-ecbd-eba46258f000;CUST_34614;PROD_3031;20;4820.79;96415.8;2023-06-26;debit_card;Cassiano do Campo;CE;delivered;parceiro_c
ba844231-0705-6fda-3b33-0b11a45d9d0b;CUST_37077;PROD_1658;4;4761.02;19044.08;2023-06-02;credit_card;Sousa da Prata;MG;pending;parceiro_a
74ebf08e-a2ca-47b1-d4d7-70817570d0c3;CUST_39480;PROD_3709;7;419.46;2936.22;2023-06-18;pix;Montenegro de Pastor;SP;delivered;parceiro_b
a5fa6ca5-e7c7-e351-488d-779e6418aa4f;CUST_16071;PROD_1625;5;1626.21;8131.05;2023-06-07;pix;Nascimento de Pastor;PE;delivered;parceiro_b
a173379e-ec1b-bb57-4266-ca49d005b4cb;CUST_10001;PROD_3372;18;1088.35;19590.3;2023-06-15;boleto;Aragão do Campo;RS;shipped;parceiro_b
b9179341-ce18-2853-868a-d397da297786;CUST_00361;PROD_1177;19;4454.91;84643.29;2023-06-06;debit_card;Almeida do Amparo;RS;delivered;parceiro_c
a4af4ff4-0a27-d2ef-6dfc-071bb0a925d9;CUST_34391;PROD_4248;14;1435.29;20094.06;2023-06-05;credit_card;Teixeira de Minas;SP;shipped;parceiro_b
1ab731b8-56b0-6e68-c90a-e15815845649;CUST_47539;PROD_2611;18;1932.21;34779.78;2023-06-13;credit_card;Gonçalves;MG;delivered;parceiro_a
fcad430e-e0e7-f034-7ea9-2e13eb9c8954;CUST_47375;PROD_2601;7;4282.37;29976.59;2023-06-29;boleto;Viana;MG;cancelled;parceiro_b
8f83c24c-dfa3-2a1c-11c0-e9124c1b6f47;CUST_30217;PROD_1772;1;1737.21;1737.21;2023-06-29;credit_card;Caldeira;SP;shipped;parceiro_b
caaf310e-dd96-40ec-a6f4-ef71a8154f87;CUST_17524;PROD_1985;16;1655.8;26492.8;2023-06-24;pix;Brito dos Dourados;PR;delivered;parceiro_a
8bdcab24-efc4-1924-44ee-7eb21b9da7d3;CUST_22913;PROD_0740;3;3963.42;11890.26;2023-06-05;boleto;Sales;PE;delivered;parceiro_a
6df48199-5afe-83c6-a806-b14510f7259c;CUST_28769;PROD_1855;15;1618.13;24271.95;2023-06-13;credit_card;Cardoso;GO;shipped;parceiro_a
4ea25a9b-d382-1bcb-5335-6886c4d9c9c6;CUST_44290;PROD_3897;18;3947.51;71055.18;2023-06-16;pix;Pastor do Sul;MG;cancelled;parceiro_b
a001c395-9522-b3ca-1939-6161093dc882;CUST_14340;PROD_0742;7;1732.65;12128.55;2023-06-22;credit_card;Barbosa;PB;shipped;parceiro_b
396bd593-08ee-2f69-f75b-eae6beff740c;CUST_42088;PROD_1802;4;4608.4;18433.6;2023-06-23;pix;Lima;SP;delivered;parceiro_c
8cf1d196-3db9-e4ad-3d7e-5fe53923c0a2;CUST_19284;PROD_2032;6;1575.38;9452.28;2023-06-10;credit_card;da Mota;ES;shipped;parceiro_a
499915c2-467c-ff77-b43b-08a1af2dba97;CUST_19692;PROD_3413;11;2926.02;32186.22;2023-06-30;credit_card;Fonseca;BA;pending;parceiro_c
37a64804-751b-08ff-255c-c1cb91c66f34;CUST_31829;PROD_1711;3;171.7;515.1;2023-06-22;credit_card;Souza;SC;pending;parceiro_a
27101515-fae4-257d-bb00-c1e1e78f6af7;CUST_39938;PROD_2245;2;4105.05;8210.1;2023-06-03;credit_card;Brito;SP;shipped;parceiro_a
ace6e3ce-cdbe-39f7-095e-3c5b06837ca1;CUST_19546;PROD_2164;20;2588.85;51777.0;2023-06-13;pix;da Rocha Paulista;RJ;delivered;parceiro_c
4d577fb0-d0ac-e5ff-adda-74918bb11dab;CUST_09056;PROD_4809;5;225.66;1128.3;2023-06-06;credit_card;Gomes de Goiás;PE;delivered;parceiro_a
bb8647de-9648-b084-89f4-47757ce938a9;CUST_00469;PROD_4685;18;3642.88;65571.84;2023-06-05;pix;Andrade de Sales;RJ;shipped;parceiro_c
63c07754-bc18-5d3c-28c1-4fa49fb26ead;CUST_16302;PROD_0820;11;1680.91;18490.01;2023-06-24;credit_card;da Mota do Sul;RS;shipped;parceiro_c
9c2c65ef-9850-eaa7-1c94-94af0c04d872;CUST_19864;PROD_3071;16;1676.33;26821.28;2023-06-08;pix;Araújo da Prata;MG;cancelled;parceiro_a
6512f57f-692b-90f4-c4a1-37b8a35fe41c;CUST_27065;PROD_1277;17;4936.12;83914.04;2023-06-11;pix;Castro;SP;delivered;parceiro_a
c730fe71-c877-9767-485b-880841cbee2c;CUST_20874;PROD_0103;13;2746.3;35701.9;2023-06-13;credit_card;Guerra de Viana;RS;delivered;parceiro_b
e603b558-661d-0d60-dd8a-3adceebe468c;CUST_15468;PROD_4183;3;2940.6;8821.8;2023-06-05;credit_card;Fonseca Alegre;MG;delivered;parceiro_a
0efd3222-b7ac-8680-0a58-7480b979d1ce;CUST_40444;PROD_0813;17;3234.41;54984.97;2023-06-27;pix;Pimenta de Cirino;SP;cancelled;parceiro_b
0e7559ba-26d8-82d7-4cad-7ea28f1bac1c;CUST_14827;PROD_0940;13;2232.43;29021.59;2023-06-26;pix;da Paz do Campo;SP;shipped;parceiro_b
c2531d96-b3c2-7c81-ab1d-f0231b816aa0;CUST_12711;PROD_2249;4;2788.86;11155.44;2023-06-25;boleto;Cassiano;PI;delivered;parceiro_c
a4e389ab-85e8-e658-b7ed-b0d7c6b7ff89;CUST_32771;PROD_1103;16;2912.34;46597.44;2023-06-28;credit_card;Sousa do Oeste;MG;delivered;parceiro_c
cc24d5ec-380d-ecd4-228d-d4dc43b4e0cc;CUST_09779;PROD_1702;9;3943.74;35493.66;2023-06-08;boleto;Mendes;RJ;pending;parceiro_a
8ad3f9ec-40d6-c828-f287-f30ca0fe6dad;CUST_12248;PROD_3822;16;1901.82;30429.12;2023-06-03;debit_card;Sá;ES;delivered;parceiro_a
263db668-2d49-3cf7-d3b1-c65116807bd6;CUST_08103;PROD_0433;2;2526.03;5052.06;2023-06-26;pix;da Conceição;MG;shipped;parceiro_a
00156b7b-24c4-66c9-5b84-48c1a9873e90;CUST_45332;PROD_2903;16;4290.19;68643.04;2023-06-13;pix;Novaes;SP;delivered;parceiro_b
21e29697-1a62-7125-bc7e-2f4fb6235517;CUST_49779;PROD_1691;5;995.19;4975.95;2023-06-10;debit_card;Pacheco da Serra;GO;delivered;parceiro_c
37a0c360-bc52-24d5-a7af-399a2d2af3ac;CUST_44634;PROD_3627;20;3589.55;71791.0;2023-06-19;boleto;Rios;SC;delivered;parceiro_b
52a97785-268d-c466-29df-6bc31ba0177c;CUST_23573;PROD_0450;16;1775.16;28402.56;2023-06-07;credit_card;Pastor dos Dourados;RS;delivered;parceiro_a
d6d779ab-607f-1238-df4f-c60f47ccf2d8;CUST_10716;PROD_4459;16;17.93;286.88;2023-06-18;debit_card;Sousa do Norte;CE;delivered;parceiro_a
7978d0e4-d413-f296-e916-dcc488e6fb01;CUST_48272;PROD_1081;7;3845.69;26919.83;2023-06-09;credit_card;Mendonça;SP;delivered;parceiro_a
5ac6cfb0-50e4-c2d3-e490-89e2a2c82b27;CUST_22064;PROD_3288;16;1250.04;20000.64;2023-06-03;credit_card;Novais de Teixeira;SP;cancelled;parceiro_c
f59348eb-62c1-1093-4797-423611de2d78;CUST_32992;PROD_3314;4;771.05;3084.2;2023-06-14;debit_card;Macedo;DF;pending;parceiro_b
7bce20a2-24a7-51c1-3b6a-774f0f372453;CUST_11240;PROD_4520;1;2088.71;2088.71;2023-06-28;pix;Rodrigues;SP;delivered;parceiro_b
6934b102-bb4c-d086-35a4-2ce8a5b8cd71;CUST_17737;PROD_2099;9;3431.24;30881.16;2023-06-06;credit_card;Jesus;CE;cancelled;parceiro_b
85dcfe2b-aeb4-edd0-6eb7-f14a98f02b7f;CUST_40399;PROD_1021;14;3932.24;55051.36;2023-06-10;debit_card;Montenegro de Sampaio;PR;delivered;parceiro_a
0d71cbce-833e-06aa-a2a5-8ec2e45fb68a;CUST_12505;PROD_2329;2;4959.7;9919.4;2023-06-21;pix;Caldeira;SP;delivered;parceiro_b
b857525d-db91-2716-090a-70725e081475;CUST_47534;PROD_3845;10;660.45;6604.5;2023-06-18;pix;Barros da Serra;RJ;shipped;parceiro_b
664f4122-35ef-6830-95e7-cdee0031584a;CUST_17845;PROD_4921;16;4382.18;70114.88;2023-06-02;pix;da Luz do Galho;PE;delivered;parceiro_a
1515a330-730d-cd48-848f-3e1196553423;CUST_40652;PROD_4559;18;2847.81;51260.58;2023-06-10;boleto;Cassiano;PR;delivered;parceiro_b
0a34ea29-5f4d-d862-0e0d-fc8fc13a6ab9;CUST_44894;PROD_4482;6;2330.3;13981.8;2023-06-21;credit_card;Santos de Goiás;GO;delivered;parceiro_b
926820e3-f6e7-d209-4842-bca853e5c09a;CUST_00943;PROD_4115;7;1589.8;11128.6;2023-06-22;debit_card;da Rosa;PR;delivered;parceiro_a
d9a37494-bcaf-3270-833c-74ef4c84ecb9;CUST_16854;PROD_3860;15;1027.84;15417.6;2023-06-05;debit_card;Costela das Pedras;DF;cancelled;parceiro_c
f9791eca-aa90-afad-a8c2-a0488dfe77e7;CUST_19985;PROD_1361;18;4713.1;84835.8;2023-06-10;pix;Aparecida da Serra;AM;delivered;parceiro_c
f40080df-245d-a99d-7c47-71087f8264d3;CUST_23004;PROD_4120;13;4468.17;58086.21;2023-06-06;credit_card;Sá da Prata;SP;delivered;parceiro_b
c5f30535-8a07-423d-e5e4-124ab4984d78;CUST_28061;PROD_3206;5;3419.42;17097.1;2023-06-07;credit_card;Abreu;MG;pending;parceiro_a
7fe14ede-0cca-7d71-b957-ea0fa1805d13;CUST_42835;PROD_4607;1;2862.28;2862.28;2023-06-22;pix;Freitas;DF;cancelled;parceiro_c
101f4060-301f-d957-8fe8-8630bc410d4f;CUST_38493;PROD_0693;5;1595.09;7975.45;2023-06-04;boleto;Costela Grande;SP;delivered;parceiro_a
717eea87-5b2d-b31b-eb6b-4792891672d6;CUST_26482;PROD_0729;10;4531.19;45311.9;2023-06-26;credit_card;Moura;PE;cancelled;parceiro_a
25ed25e3-f5dd-cd9a-8f3d-edae4300a09a;CUST_03322;PROD_2993;8;1281.85;10254.8;2023-06-14;pix;da Paz Verde;PI;delivered;parceiro_c
b6591399-1db5-d15a-b482-7fcd249b9170;CUST_07490;PROD_2401;13;824.44;10717.72;2023-06-17;debit_card;Garcia de Costela;SP;pending;parceiro_a
88b20b80-44f3-98be-3daf-f05a9b6f8937;CUST_27299;PROD_1193;7;250.1;1750.7;2023-06-09;debit_card;Porto;SP;cancelled;parceiro_c
80ce1e23-df23-c336-7d2f-80cbd9abe0a0;CUST_14271;PROD_2220;19;1916.92;36421.48;2023-06-11;debit_card;Cassiano;GO;delivered;parceiro_a
248cc49a-8512-7861-c8dd-cf2ce2a6175e;CUST_07281;PROD_1075;10;363.53;3635.3;2023-06-09;pix;Duarte;SP;delivered;parceiro_b
15c36534-f632-2f9e-67fc-d8b702fd5a94;CUST_22240;PROD_1939;6;1668.13;10008.78;2023-06-13;credit_card;Dias;PI;shipped;parceiro_b
05cf7712-d8c8-8b2d-61cd-0dc081d9089b;CUST_06147;PROD_0842;13;3395.16;44137.08;2023-06-29;debit_card;Dias;SP;shipped;parceiro_a
64dd1ad2-8abc-62fe-5ce6-22b18cf41712;CUST_12763;PROD_1326;10;4231.57;42315.7;2023-06-01;credit_card;Silva;RJ;delivered;parceiro_b
11c003c2-a323-cf93-1734-e356debd2d97;CUST_44833;PROD_2418;12;3165.29;37983.48;2023-06-15;debit_card;Moraes;RJ;delivered;parceiro_c
5818e279-2d46-5dbf-f1e9-e44b5ea6d9ee;CUST_04902;PROD_0734;13;4702.3;61129.9;2023-06-05;boleto;Costela;SP;delivered;parceiro_c
5268ad79-c28d-5948-3d04-c9cd201ed20c;CUST_36903;PROD_4970;16;3396.42;54342.72;2023-06-13;pix;Duarte das Flores;MG;delivered;parceiro_b
43731d31-29f3-a6a1-cf1c-cfafd6914463;CUST_24813;PROD_2756;14;1039.65;14555.1;2023-06-11;debit_card;Nunes de Peixoto;BA;delivered;parceiro_b
a56e3261-53d2-f75d-6c6a-9040ba6cb53d;CUST_22950;PROD_3277;6;4989.44;29936.64;2023-06-17;credit_card;Alves do Campo;PR;delivered;parceiro_b
3513334e-23be-45af-7bb1-d0310f9a0ca1;CUST_14030;PROD_3424;3;2692.19;8076.57;2023-06-01;boleto;Sampaio;BA;delivered;parceiro_b
b5169a49-c7e4-caa4-6e27-579a122356b2;CUST_03401;PROD_2304;6;1854.12;11124.72;2023-06-30;debit_card;Aparecida do Amparo;GO;delivered;parceiro_a
d0d16690-2059-3cbf-5366-84311e41e7cf;CUST_46964;PROD_4205;9;1074.34;9669.06;2023-06-20;boleto;Porto;RJ;delivered;parceiro_a
a7714ce1-f413-8434-00bc-aab30512a62b;CUST_20977;PROD_0466;5;1719.26;8596.3;2023-06-29;pix;Aparecida;SP;delivered;parceiro_b
d91855c8-6117-5b25-79d6-21ab8177550e;CUST_41122;PROD_2327;16;2065.56;33048.96;2023-06-03;credit_card;Mendes de Ribeiro;RN;delivered;parceiro_b
36db9832-f1d0-43f4-8955-1e6cd81cd56a;CUST_20111;PROD_3378;3;4686.1;14058.3;2023-06-11;debit_card;Monteiro;RS;cancelled;parceiro_b
2696d40d-d786-5ccf-0045-e57a60726033;CUST_11547;PROD_2218;16;1436.03;22976.48;2023-06-06;debit_card;Leão de das Neves;BA;delivered;parceiro_c
cd7672c6-cdf0-60f0-2a47-208bb2a6d2ce;CUST_13349;PROD_4307;16;3937.9;63006.4;2023-06-14;credit_card;Novaes Alegre;RJ;delivered;parceiro_b
8b2333c9-91b5-b5fc-51fc-2d4e1e8724a2;CUST_22509;PROD_1982;20;1500.43;30008.6;2023-06-24;pix;Marques;RJ;delivered;parceiro_a
1b92085a-6427-bc5d-fc59-eaf7727c9598;CUST_18076;PROD_2868;10;2570.15;25701.5;2023-06-28;credit_card;da Mota;SP;delivered;parceiro_b
3b8da633-d147-ee61-3d87-73801f397c5c;CUST_36881;PROD_0367;1;265.16;265.16;2023-06-12;pix;da Mota da Praia;SP;delivered;parceiro_a
20b4075b-b19f-61cd-60d4-bd15cba7dc0a;CUST_10048;PROD_2166;1;1864.96;1864.96;2023-06-16;debit_card;Albuquerque Grande;RS;delivered;parceiro_c
41846f12-a248-ffe6-e5f0-2f3505bafbdd;CUST_42120;PROD_0928;17;2287.9;38894.3;2023-06-06;credit_card;da Paz Grande;SP;cancelled;parceiro_c
e797498d-5877-9fa5-8156-e2a88f1bcf49;CUST_23022;PROD_1879;6;1792.35;10754.1;2023-06-28;credit_card;Fogaça das Flores;MG;shipped;parceiro_c
408b57cb-5e33-9adc-58f6-9f4b98aec96b;CUST_20916;PROD_0135;3;4424.69;13274.07;2023-06-18;credit_card;Silva da Prata;RJ;delivered;parceiro_c
4b726c43-fda3-495e-209f-de0aa0fb6765;CUST_08567;PROD_3532;7;102.1;714.7;2023-06-04;pix;da Rosa;MG;delivered;parceiro_a
f821b846-603a-6044-c1d3-47632296d45f;CUST_06516;PROD_2751;5;3010.88;15054.4;2023-06-16;pix;da Rocha de Minas;GO;pending;parceiro_a
9ea13cf8-d341-c63e-edb2-a16282c9bc59;CUST_18608;PROD_0249;2;3529.39;7058.78;2023-06-30;credit_card;Cavalcanti;SP;delivered;parceiro_a
4e4a1eb5-1398-640e-b8a5-5b44bb56f6cb;CUST_07887;PROD_2786;12;2649.26;31791.12;2023-06-20;credit_card;Viana;RS;pending;parceiro_a
0f14a61a-94c3-6d6c-e057-6cd5f34df194;CUST_36898;PROD_3626;3;4375.44;13126.32;2023-06-21;credit_card;Rios;SC;delivered;parceiro_b
301406af-d5ca-fc08-5e85-dbb081db07a0;CUST_10190;PROD_3906;19;4628.75;87946.25;2023-06-23;boleto;Farias;BA;delivered;parceiro_a
0a249870-e565-83f4-3948-16c1e4b180a8;CUST_08869;PROD_1501;6;2766.32;16597.92;2023-06-18;pix;da Conceição de Sousa;SP;shipped;parceiro_a
7a4cf869-9b62-41a2-28b2-3d435507d2ce;CUST_45283;PROD_1095;9;2850.36;25653.24;2023-06-21;debit_card;Santos do Oeste;PB;delivered;parceiro_c
771a8b11-09fc-3082-074c-0b188373bd21;CUST_29862;PROD_1348;4;1855.43;7421.72;2023-06-29;credit_card;Novais;PR;delivered;parceiro_c
d860db9b-46ed-fd81-300b-223bac5ffe53;CUST_35116;PROD_3893;15;4720.57;70808.55;2023-06-29;debit_card;Mendonça Paulista;RS;delivered;parceiro_b
062b4021-a868-df5a-0173-a58f2751362b;CUST_04669;PROD_2706;19;3972.3;75473.7;2023-06-04;credit_card;Novais;SP;delivered;parceiro_c
d9e6f60e-ef1d-1141-295d-2f13824ebde2;CUST_01277;PROD_4866;17;2152.08;36585.36;2023-06-10;debit_card;Peixoto;ES;delivered;parceiro_b
49d62486-49c3-c73e-c5aa-62ef158e29fb;CUST_26305;PROD_4227;10;411.1;4111.0;2023-06-09;debit_card;da Mota da Praia;PA;delivered;parceiro_a
b66ada4d-19ca-3a66-08f7-d3c98ab555e2;CUST_18145;PROD_3285;11;959.18;10550.98;2023-06-01;pix;Moura Grande;SP;shipped;parceiro_b
9ed67791-4a53-6d23-4f2b-084c54bd6f94;CUST_03337;PROD_3549;13;1462.58;19013.54;2023-06-07;boleto;Ramos;MG;delivered;parceiro_b
3ac1b3b6-0750-c78d-bb84-567628ea7380;CUST_09264;PROD_2454;14;4385.47;61396.58;2023-06-29;debit_card;Dias;SP;delivered;parceiro_a
c7d9ccf0-5c06-d6a0-24d0-e5006c0606d4;CUST_04484;PROD_4065;5;4694.86;23474.3;2023-06-26;boleto;Garcia;PR;delivered;parceiro_c
0e092242-b5b7-0059-2c27-d279e8e1baa3;CUST_13227;PROD_3241;8;4670.11;37360.88;2023-06-24;credit_card;Castro dos Dourados;SP;delivered;parceiro_c
8f952445-644d-b8f8-dd5d-edafc13af4d4;CUST_44278;PROD_0101;11;15.45;169.95;2023-06-27;boleto;Freitas Paulista;SP;delivered;parceiro_a
3cef11bb-07c9-7bad-6bf7-40e5d4bd6901;CUST_06590;PROD_3329;19;564.43;10724.17;2023-06-17;credit_card;Aparecida do Oeste;RJ;pending;parceiro_b
575a005b-28d3-c02f-fa82-ee961176150a;CUST_30644;PROD_0620;5;1484.88;7424.4;2023-06-15;pix;Costela;MG;shipped;parceiro_a
e1ea881b-c093-4ede-0a21-8e674ef6b538;CUST_47610;PROD_1639;7;4976.05;34832.35;2023-06-30;boleto;Siqueira;RJ;delivered;parceiro_b
720639e2-8657-009e-c959-ac7c9d71b3f1;CUST_06920;PROD_2412;14;3182.87;44560.18;2023-06-02;pix;Leão;PR;delivered;parceiro_a
e8ed9b7a-eabd-3058-0926-b4f8e5a36196;CUST_15289;PROD_1710;17;2639.39;44869.63;2023-06-15;pix;Novaes de Pastor;MG;delivered;parceiro_a
bd653504-6837-10cc-b8ea-b78bb4f133fc;CUST_19585;PROD_2935;6;516.49;3098.94;2023-06-15;credit_card;Rios;RJ;pending;parceiro_b
216ebfc8-a2e8-72a1-872c-c083818bdb9d;CUST_33555;PROD_3022;15;4911.71;73675.65;2023-06-13;pix;Ramos Verde;RJ;delivered;parceiro_c
8a6109fd-2403-82f5-53ec-b89fe4f33558;CUST_04517;PROD_2652;10;4469.76;44697.6;2023-06-17;pix;Teixeira;CE;delivered;parceiro_a
a3255442-57fb-cf4e-d969-bcc5420e9bc8;CUST_28658;PROD_4593;9;4456.83;40111.47;2023-06-16;boleto;Lopes das Flores;SC;delivered;parceiro_b
8a109929-5718-506f-181a-0ec3d1e401ae;CUST_01097;PROD_1825;9;1710.91;15398.19;2023-06-26;pix;Costa do Campo;PE;cancelled;parceiro_a
55d1a4b2-b26a-c7ff-067f-03552b625a89;CUST_32631;PROD_2346;11;1878.12;20659.32;2023-06-10;pix;Nascimento do Sul;MG;delivered;parceiro_c
8b77bbe2-c9d8-7a66-868c-1aad1f2176b5;CUST_08631;PROD_4703;12;1550.81;18609.72;2023-06-14;pix;Rezende Verde;SP;delivered;parceiro_a
1595e9da-8b49-da1c-0978-e6c155f91e15;CUST_13319;PROD_4731;9;1714.84;15433.56;2023-06-11;debit_card;Marques do Campo;RS;delivered;parceiro_a
b43690be-98fd-f001-9bc0-4086d49a80a4;CUST_33469;PROD_3492;11;222.9;2451.9;2023-06-13;credit_card;da Conceição de Goiás;AM;delivered;parceiro_a
e88f1608-fa18-8653-30cc-d9af4700a9a0;CUST_17908;PROD_1407;13;1509.88;19628.44;2023-06-13;pix;Moreira;SP;cancelled;parceiro_a
30f2df0d-0c7f-458f-4113-3961f97b5e12;CUST_23170;PROD_4332;7;4529.84;31708.88;2023-06-15;pix;Rocha do Norte;GO;delivered;parceiro_b
cb72930a-ad28-e6de-3dee-d88dff9b996f;CUST_46336;PROD_4526;11;469.44;5163.84;2023-06-08;debit_card;Costela do Sul;RJ;delivered;parceiro_a
7bde4a14-8b6e-2c06-bd76-87d793efe458;CUST_29936;PROD_4536;9;2061.34;18552.06;2023-06-17;credit_card;Costa da Mata;PR;pending;parceiro_a
0f0129ae-7819-af6a-9ebb-374162b739c5;CUST_03914;PROD_3655;11;2033.17;22364.87;2023-06-04;debit_card;Vargas;SP;delivered;parceiro_a
6c868b21-bf13-6cce-0a00-220a32ae0830;CUST_37946;PROD_2322;12;3551.07;42612.84;2023-06-15;boleto;Costela Grande;SP;delivered;parceiro_a
d79aefa1-4e7a-0c49-da4b-169b9369d0dd;CUST_43291;PROD_0439;18;4551.64;81929.52;2023-06-16;debit_card;Monteiro das Flores;AL;pending;parceiro_b
4fa3f026-64c7-6c91-db59-c22df1c638f9;CUST_46166;PROD_1627;14;3260.58;45648.12;2023-06-15;pix;Aparecida;SP;pending;parceiro_a
3e648582-e907-7547-ef4d-62c0808d7e60;CUST_40111;PROD_4102;2;4269.44;8538.88;2023-06-10;credit_card;Freitas de Pires;SP;delivered;parceiro_c
0413ccdf-4ac5-474e-2e75-f8a643c47541;CUST_15035;PROD_2741;5;2859.63;14298.15;2023-06-19;pix;da Rosa;SP;shipped;parceiro_a
a2ec65f3-aa25-38e0-324d-0c4eb8378029;CUST_22737;PROD_2944;6;4204.69;25228.14;2023-06-19;credit_card;da Costa;SP;delivered;parceiro_a
e2a9c129-3786-6c0b-ff0e-9fa51c578550;CUST_10890;PROD_3460;2;4102.15;8204.3;2023-06-20;credit_card;Oliveira;MG;delivered;parceiro_b
4955e9ea-7786-8ef1-a200-f055b502662a;CUST_39440;PROD_2347;16;3587.95;57407.2;2023-06-05;debit_card;Nunes de Câmara;DF;delivered;parceiro_b
54c80146-bb70-9230-2496-75e08fd987af;CUST_14756;PROD_2427;7;1541.96;10793.72;2023-06-13;credit_card;Pires do Oeste;RS;shipped;parceiro_b
c3156652-eed2-84ac-1eb8-f37bd32b7d89;CUST_04637;PROD_3176;7;3879.16;27154.12;2023-06-14;credit_card;Fogaça;MG;shipped;parceiro_c
450c7fc6-04ec-c7e6-4638-d40d8301b1c7;CUST_04125;PROD_0939;19;3720.83;70695.77;2023-06-20;credit_card;Moraes Alegre;RJ;shipped;parceiro_c
4c40d17e-4cef-ed7e-8e38-931382fa4596;CUST_38610;PROD_3202;2;664.84;1329.68;2023-06-19;credit_card;Cardoso de Alves;MG;delivered;parceiro_c
cdb04ecf-0328-7418-b3ca-88efc21ea175;CUST_12836;PROD_3019;5;1958.89;9794.45;2023-06-07;credit_card;Leão dos Dourados;SP;delivered;parceiro_a
7cb71124-90b3-cf7d-a277-cde93aa3816e;CUST_42609;PROD_1707;4;2406.13;9624.52;2023-06-06;credit_card;Albuquerque;MG;delivered;parceiro_b
dcc7b666-542b-a8a6-351f-98669671acc0;CUST_30515;PROD_4484;20;3362.08;67241.6;2023-06-30;debit_card;Barros;SP;delivered;parceiro_a
6b64102e-5f68-c051-2c95-49b46e7ada5c;CUST_35339;PROD_1530;5;2592.49;12962.45;2023-06-22;debit_card;Camargo do Amparo;RJ;delivered;parceiro_b
b5c2fa81-936e-b31e-d221-72106d390ca8;CUST_03939;PROD_4057;13;1245.99;16197.87;2023-06-15;boleto;Vargas do Norte;BA;pending;parceiro_b
67294ef7-149b-24d4-59e5-edc419087253;CUST_13540;PROD_2768;20;1227.79;24555.8;2023-06-27;pix;da Conceição;RS;shipped;parceiro_a
1927f324-41ba-2c24-88e3-95af03488a55;CUST_20518;PROD_1475;15;4020.58;60308.7;2023-06-17;pix;Albuquerque;SP;pending;parceiro_b
680b8f74-c088-408f-df10-359b3e87288d;CUST_13321;PROD_3655;15;2961.32;44419.8;2023-06-27;pix;Moura;SP;delivered;parceiro_a
9dc52f25-66d8-da0e-1d1a-7a167a225bb8;CUST_43240;PROD_4244;11;4098.98;45088.78;2023-06-06;pix;Cunha;RS;shipped;parceiro_a
aa9dc4e8-09e7-d668-358b-cdaca1ff62f2;CUST_46034;PROD_3802;6;3242.82;19456.92;2023-06-19;credit_card;da Conceição;SP;shipped;parceiro_c
c76366ef-aa3f-1262-bbc1-9bf4cde2639a;CUST_11123;PROD_1630;12;4616.44;55397.28;2023-06-30;credit_card;Cavalcante;DF;pending;parceiro_a
52c4b3a3-36fc-8cfa-a0ca-15fed2c55520;CUST_22251;PROD_1475;10;4246.38;42463.8;2023-06-03;pix;Garcia Paulista;RJ;pending;parceiro_a
bd0a4cc9-94f5-d31b-06fe-6c14b235f0a3;CUST_16304;PROD_2181;9;2747.02;24723.18;2023-06-18;boleto;Cassiano;PR;shipped;parceiro_c
7f421653-7596-0767-d0d6-adaf826eef69;CUST_44911;PROD_1060;11;822.96;9052.56;2023-06-11;debit_card;Rodrigues de Gomes;CE;pending;parceiro_a
d859e5d0-56ce-a902-03bb-8d963cfa2df9;CUST_19876;PROD_3386;8;4732.26;37858.08;2023-06-29;boleto;da Rocha do Campo;MG;delivered;parceiro_a
6043da4b-2012-7acd-32da-cfbad8b044f8;CUST_08782;PROD_0126;13;3430.96;44602.48;2023-06-22;credit_card;Rezende;SP;delivered;parceiro_a
cd122307-5408-4120-b3ef-f99f2434b9bd;CUST_22927;PROD_1882;13;4969.79;64607.27;2023-06-10;boleto;Souza;RN;delivered;parceiro_b
db1a0494-d74c-3180-adf6-fd05dd6ba4e4;CUST_47431;PROD_2072;17;1477.77;25122.09;2023-06-13;credit_card;Cunha;RO;delivered;parceiro_a
9eeb6ef7-c4e9-5cbf-f48d-9a745b03145f;CUST_22664;PROD_1216;13;4355.97;56627.61;2023-06-12;pix;Castro do Norte;PE;delivered;parceiro_b
dbc47ae3-2472-24af-1aae-3cd1d701070c;CUST_17884;PROD_3270;7;4496.58;31476.06;2023-06-14;credit_card;da Paz Verde;RS;delivered;parceiro_c
fa8163d9-3233-5fbd-f05e-b2064716c18b;CUST_02613;PROD_0658;11;1272.47;13997.17;2023-06-15;pix;das Neves de Minas;RJ;cancelled;parceiro_a
bd520aac-3f0a-f385-430c-fac9d82d832a;CUST_39292;PROD_1657;4;3208.78;12835.12;2023-06-26;debit_card;Cardoso de Rezende;SP;delivered;parceiro_a
c83f5631-bc75-1748-69bc-6b8e3f19f6ae;CUST_47828;PROD_3740;3;3596.85;10790.55;2023-06-20;credit_card;Sá;RJ;delivered;parceiro_c
a560c635-091a-7120-461a-da1dd29ba8a4;CUST_35870;PROD_0735;19;3360.52;63849.88;2023-06-23;pix;Brito;SP;shipped;parceiro_b
144a81ea-9b25-0ecc-ddf5-69069bb04094;CUST_01733;PROD_2182;11;3825.6;42081.6;2023-06-11;credit_card;Borges;SP;cancelled;parceiro_a
40f32fa0-c3b5-0ab5-9b4b-5ef32b26ea4b;CUST_10887;PROD_2308;12;4999.02;59988.24;2023-06-08;boleto;Viana do Sul;SP;shipped;parceiro_b
f3f6435e-240b-c2fd-d32b-ad45c7ab7978;CUST_21918;PROD_3509;19;583.48;11086.12;2023-06-07;credit_card;Costa de Fogaça;BA;delivered;parceiro_a
30b62796-a914-8e5d-e7fa-5d5d1614d177;CUST_15510;PROD_4761;16;1915.77;30652.32;2023-06-02;credit_card;Moraes;GO;delivered;parceiro_a
a4c22686-6571-9ae5-5017-125d516bfd65;CUST_11049;PROD_0191;9;989.72;8907.48;2023-06-09;pix;Duarte;RJ;shipped;parceiro_b
a5e3b31f-9647-a49a-13b3-8a0e18f9bf6d;CUST_11800;PROD_1473;10;133.69;1336.9;2023-06-30;pix;Albuquerque de Minas;BA;shipped;parceiro_b
d02834a9-5f44-1ec1-3d35-fe4e16bc39f7;CUST_23715;PROD_1515;16;1062.15;16994.4;2023-06-15;debit_card;da Rocha;SP;delivered;parceiro_b
751b5305-9ac5-81d2-e700-a9031429f650;CUST_21525;PROD_0647;7;4005.06;28035.42;2023-06-05;credit_card;Barbosa do Campo;SP;pending;parceiro_a
54c8936b-eae8-faf4-dcc7-034859ffc716;CUST_35126;PROD_3741;1;1093.13;1093.13;2023-06-19;pix;Vieira;MG;delivered;parceiro_a
a35807a2-6c17-d3a5-89ed-7e13b9eccd46;CUST_35005;PROD_3057;15;3972.84;59592.6;2023-06-15;pix;Vieira;SP;shipped;parceiro_a
dfd6165d-7cfc-19fc-6744-1c2539fa79db;CUST_25288;PROD_2880;6;2705.09;16230.54;2023-06-07;pix;Viana do Norte;RS;pending;parceiro_a
dc2f0598-1d5a-01b1-e5ab-e9bf9a1d3619;CUST_12341;PROD_0666;15;237.26;3558.9;2023-06-17;credit_card;Cunha;RJ;delivered;parceiro_b
5a3d9d95-5dc1-3f46-63c5-8734e4886e8b;CUST_37580;PROD_2642;17;2347.11;39900.87;2023-06-14;pix;Fogaça das Pedras;TO;delivered;parceiro_a
123b88e7-7940-3c1e-c17f-5d839c5980eb;CUST_13863;PROD_4956;13;396.18;5150.34;2023-06-19;credit_card;Lopes da Prata;SP;shipped;parceiro_b
a862a84a-375a-1fab-0d9e-c3430f9f1da1;CUST_14486;PROD_1123;5;2892.58;14462.9;2023-06-21;debit_card;Monteiro do Galho;CE;shipped;parceiro_c
cc8b14b9-b0ca-61b6-a094-11640bde238a;CUST_10348;PROD_2488;19;1624.01;30856.19;2023-06-15;boleto;Caldeira das Flores;PE;delivered;parceiro_a
34ff328c-7727-fbfd-fe0f-3c098a2af76c;CUST_10796;PROD_1107;14;3806.97;53297.58;2023-06-18;debit_card;Andrade do Sul;GO;delivered;parceiro_a
202f5bf7-6320-0d2f-e6b5-f73494ef856e;CUST_49712;PROD_4156;20;4606.59;92131.8;2023-06-01;credit_card;Peixoto do Galho;SP;delivered;parceiro_b
5d0957b2-4720-f7f8-9c54-4323bfebc2a9;CUST_43588;PROD_4787;11;3734.46;41079.06;2023-06-13;pix;Ribeiro;RJ;shipped;parceiro_a
6f5b910f-feaa-6c6d-8937-0b2540e78c5e;CUST_21451;PROD_4231;15;3864.21;57963.15;2023-06-30;pix;Nunes dos Dourados;SC;delivered;parceiro_c
a58984fa-2764-901f-7825-3564c1de0992;CUST_09448;PROD_1109;18;1914.5;34461.0;2023-06-08;credit_card;Jesus;SP;delivered;parceiro_c
4e9df2c3-79b2-2d0d-486d-a036a52bb824;CUST_43180;PROD_0536;13;186.99;2430.87;2023-06-13;credit_card;Cavalcanti dos Dourados;GO;pending;parceiro_a
a98f271b-d8cd-e997-a88a-7b3a409e2950;CUST_08299;PROD_1048;11;2382.1;26203.1;2023-06-03;credit_card;Brito do Campo;SP;delivered;parceiro_b
4e498f22-0568-c547-1d32-b9da4f7585e5;CUST_46021;PROD_4321;19;183.45;3485.55;2023-06-13;pix;Monteiro;SC;delivered;parceiro_a
40872702-31fd-7ac7-bc03-d5f4fa7d37af;CUST_18993;PROD_4183;2;4811.93;9623.86;2023-06-30;credit_card;Borges das Pedras;BA;delivered;parceiro_c
24ff768e-e028-eb76-4100-ab7f5b16a668;CUST_27507;PROD_1387;14;1382.18;19350.52;2023-06-24;credit_card;Ribeiro das Flores;SP;delivered;parceiro_c
5bbb126f-4155-f98f-d4d9-388fe24186a0;CUST_45571;PROD_2128;10;723.24;7232.4;2023-06-06;credit_card;Pinto;SP;shipped;parceiro_b
787b0ed4-8b78-c859-b188-92fdc6931af6;CUST_36416;PROD_0234;14;2768.63;38760.82;2023-06-19;debit_card;Vasconcelos do Oeste;RJ;delivered;parceiro_b
2aafe440-580c-61f2-1f43-a5528b2db8a4;CUST_12989;PROD_2327;1;665.37;665.37;2023-06-07;credit_card;Azevedo;RJ;pending;parceiro_a
fd313ebc-3b6d-6d19-35f2-f305600654d2;CUST_37999;PROD_0029;14;4695.53;65737.42;2023-06-19;boleto;Cirino dos Dourados;SP;delivered;parceiro_b
d30f697c-7221-f9b1-cbe4-68d0580645e4;CUST_10649;PROD_0809;15;4521.67;67825.05;2023-06-25;credit_card;da Cruz de Vasconcelos;CE;delivered;parceiro_c
d91437c0-985b-b5fd-91d9-d6c5d082b4f8;CUST_41050;PROD_4614;12;1611.95;19343.4;2023-06-02;credit_card;Pastor de Vasconcelos;PE;shipped;parceiro_b
4eff7b15-f255-a9d9-f001-e569797ffa95;CUST_12662;PROD_4644;9;4168.52;37516.68;2023-06-27;debit_card;da Mata;PR;delivered;parceiro_b
e15462de-b136-0070-69db-e7d63af2a113;CUST_01325;PROD_3438;1;1549.67;1549.67;2023-06-30;pix;Castro;SP;delivered;parceiro_b
f01265c5-7033-da40-2ca5-323567fa8f61;CUST_15359;PROD_3186;4;120.07;480.28;2023-06-16;credit_card;Barros Verde;SP;delivered;parceiro_b
a4184d6d-9c5b-8b55-83c6-a22f2d7477e7;CUST_30663;PROD_1375;11;1034.49;11379.39;2023-06-13;pix;das Neves de Fogaça;SP;cancelled;parceiro_b
f81ba8dc-e3e4-4018-41c2-5c805b129688;CUST_21304;PROD_1657;19;3481.37;66146.03;2023-06-17;pix;das Neves;SP;pending;parceiro_b
6b6bd63f-d61a-add4-8196-fa9081181ab9;CUST_19343;PROD_0873;3;1306.31;3918.93;2023-06-29;pix;da Cunha;RS;cancelled;parceiro_b
5e41ab84-76ed-101b-cc3f-7a0c374bd9f7;CUST_23131;PROD_1378;14;1118.1;15653.4;2023-06-09;credit_card;Pimenta das Flores;RJ;delivered;parceiro_c
64508579-b235-42e6-2d72-0353079436ca;CUST_19277;PROD_3455;17;1172.29;19928.93;2023-06-08;pix;Viana de Minas;SE;delivered;parceiro_a
813289a7-b73d-047a-5bce-b4079f492bc1;CUST_08844;PROD_1288;15;3655.35;54830.25;2023-06-12;credit_card;Pinto da Prata;MG;delivered;parceiro_a
71d368b5-2772-2ddd-0a4a-a28fa3a335bb;CUST_09165;PROD_0791;2;1517.3;3034.6;2023-06-15;boleto;Alves;BA;shipped;parceiro_a
8d257c26-3a4e-705c-5e6a-9f7b1928cf52;CUST_42200;PROD_2486;7;1223.28;8562.96;2023-06-05;credit_card;Abreu de Fernandes;SP;shipped;parceiro_b
e2568c15-d41f-1744-a754-46dae865fb42;CUST_06463;PROD_2913;13;3623.96;47111.48;2023-06-02;debit_card;Brito Alegre;RS;delivered;parceiro_b
eac8e0f1-f59c-7a7b-c74d-c7213f233c20;CUST_46378;PROD_3460;19;4975.21;94528.99;2023-06-17;pix;Correia;BA;pending;parceiro_a
ae4cc7fe-8f8b-6ca9-034b-994dd2aa7058;CUST_30238;PROD_2965;18;2328.21;41907.78;2023-06-23;credit_card;Vasconcelos dos Dourados;PB;delivered;parceiro_c
1d184b61-95d2-50aa-4439-3799e51f88d6;CUST_15732;PROD_1699;18;4474.78;80546.04;2023-06-28;credit_card;Costa Paulista;MG;cancelled;parceiro_b
41762ce9-21ce-b8bc-28c3-df3b08088ccf;CUST_00968;PROD_3521;3;1762.03;5286.09;2023-06-17;debit_card;Martins;RJ;pending;parceiro_b
df76cef7-8827-a4db-9db0-2fb8090db9ec;CUST_48356;PROD_2872;6;3056.37;18338.22;2023-06-28;debit_card;Farias de Souza;AC;pending;parceiro_c
a55cc155-a2f0-540d-b3b7-b846947f0538;CUST_45633;PROD_3697;9;1833.71;16503.39;2023-06-14;pix;Gomes;SP;delivered;parceiro_c
8aaf29f9-04b5-efd4-4bdd-c68a6354c827;CUST_32952;PROD_0945;5;377.85;1889.25;2023-06-01;credit_card;Ferreira de Souza;PR;delivered;parceiro_a
9a52893f-d969-3328-8e81-a7226106b85d;CUST_28111;PROD_1648;2;4566.92;9133.84;2023-06-25;debit_card;Lopes Verde;SP;shipped;parceiro_b
4eca2a31-a56e-5973-53f6-68724d077f7c;CUST_25594;PROD_1048;18;849.46;15290.28;2023-06-14;credit_card;Gonçalves;SC;delivered;parceiro_b
851b9095-f04b-63d2-504e-8673b18dc678;CUST_22434;PROD_0303;7;1367.52;9572.64;2023-06-11;pix;Macedo da Praia;SC;delivered;parceiro_a
efae90bd-7395-fa40-4465-92c269922f1b;CUST_20991;PROD_4179;9;4210.11;37890.99;2023-06-29;debit_card;da Costa de Minas;MG;shipped;parceiro_a
cc069065-1feb-735e-9f39-d46ccf5b3e6e;CUST_16610;PROD_1762;18;1095.03;19710.54;2023-06-19;credit_card;Camargo de Fernandes;RS;delivered;parceiro_a
2ae330ee-b5ae-1fd6-d2b0-db06ce6f58ce;CUST_23038;PROD_3165;5;1188.67;5943.35;2023-06-17;debit_card;Porto de Cardoso;PR;shipped;parceiro_c
d97fa975-75dc-c790-e0d8-52d40f74eec1;CUST_13657;PROD_1081;14;834.15;11678.1;2023-06-30;pix;Castro;PE;delivered;parceiro_c
da825a53-2bec-c76e-daa9-a6747fc4c1a7;CUST_04943;PROD_0897;19;4926.13;93596.47;2023-06-23;pix;da Cruz Alegre;RO;delivered;parceiro_b
1e01fbea-061a-2743-1a1c-ff6540bc7978;CUST_46532;PROD_4831;8;4406.2;35249.6;2023-06-16;debit_card;Vieira dos Dourados;RJ;delivered;parceiro_b
7ba49342-b6e9-82c7-cab1-1f9ac9737447;CUST_37430;PROD_3810;17;2640.31;44885.27;2023-06-01;boleto;da Luz;RJ;delivered;parceiro_a
3ccd2f61-6d85-afa7-18e4-c65cbc9a2f00;CUST_06513;PROD_0811;6;3661.28;21967.68;2023-06-02;boleto;da Mota;MG;delivered;parceiro_b
3d0744be-fc2b-9e20-37bb-763ac016a4aa;CUST_30440;PROD_4418;20;4768.93;95378.6;2023-06-26;boleto;Novais do Sul;ES;delivered;parceiro_c
0ad08181-a241-b60f-8624-370742f2af5d;CUST_12845;PROD_4633;10;2853.98;28539.8;2023-06-15;boleto;Andrade;MG;delivered;parceiro_c
2a143086-6399-ea80-f25e-818998363b08;CUST_01556;PROD_3805;5;1868.38;9341.9;2023-06-02;credit_card;da Cunha;RN;delivered;parceiro_b
0886be19-8103-038a-e551-f7d316ec89aa;CUST_07428;PROD_2452;17;1743.65;29642.05;2023-06-29;debit_card;Pastor;MG;pending;parceiro_b
7bd3066a-a65d-f452-7308-ea65b60f7047;CUST_08242;PROD_4128;10;4721.45;47214.5;2023-06-17;credit_card;Aragão da Serra;SE;delivered;parceiro_a
085c2ff8-b1a4-d134-3a3f-3af7e1ca604f;CUST_27215;PROD_0802;5;3109.36;15546.8;2023-06-01;pix;Abreu;RJ;delivered;parceiro_b
ac6dbf6f-0e73-c2c3-702e-443f9df04752;CUST_46720;PROD_4608;16;3582.0;57312.0;2023-06-10;credit_card;Cunha da Praia;SP;shipped;parceiro_a
d5123f4a-28e1-9b52-89c5-797fe6cacea3;CUST_15563;PROD_0852;8;2563.85;20510.8;2023-06-07;debit_card;Pastor;DF;pending;parceiro_a
99af0bbc-f02c-1e1a-da0c-2e3b0a9a8443;CUST_45419;PROD_1311;13;308.39;4009.07;2023-06-29;debit_card;Ferreira de Minas;MG;cancelled;parceiro_a
b5cea119-5d44-0d50-74b2-6dafaacbef43;CUST_08521;PROD_4938;20;2878.98;57579.6;2023-06-16;pix;Gonçalves Grande;RJ;cancelled;parceiro_c
3bd8337a-5736-199e-d9cf-2cb528f76121;CUST_03938;PROD_3376;11;706.31;7769.41;2023-06-20;boleto;Cirino Paulista;SP;delivered;parceiro_a
484cc52e-444d-0d2d-de3a-df5b2a555869;CUST_06101;PROD_0380;3;1853.97;5561.91;2023-06-18;credit_card;da Rocha;PB;delivered;parceiro_a
648ab296-dbc5-ac14-676d-00eff5b5a5a1;CUST_43634;PROD_0906;19;1408.12;26754.28;2023-06-18;debit_card;Aparecida;MG;delivered;parceiro_a
002c5b40-853f-29d6-fbd8-6726959f0e47;CUST_36547;PROD_4210;15;1029.38;15440.7;2023-06-23;pix;Nogueira Paulista;SP;delivered;parceiro_c
2e6d111e-4470-da25-014a-e22f74337d90;CUST_43876;PROD_0252;10;855.89;8558.9;2023-06-12;boleto;da Mata;SP;delivered;parceiro_c
49ee948a-c3e6-b98b-8af5-7b8092d84e25;CUST_44312;PROD_1588;15;783.68;11755.2;2023-06-03;pix;Borges de da Mata;SP;pending;parceiro_b
93089b76-1391-083e-d1ab-201199545976;CUST_28045;PROD_1098;3;3931.5;11794.5;2023-06-17;pix;Ribeiro do Oeste;PR;shipped;parceiro_b
bd36c9dd-43bc-b850-eff0-4bc2f614dd25;CUST_24957;PROD_4793;16;4267.65;68282.4;2023-06-10;pix;da Mata Alegre;PA;delivered;parceiro_c
520d5aa2-781f-2e2f-da34-d68d98fe3895;CUST_31488;PROD_0641;8;974.76;7798.08;2023-06-21;debit_card;Porto;DF;delivered;parceiro_b
cef3274a-0935-1f2f-0b9a-1d5601a21f12;CUST_04488;PROD_3414;6;4920.96;29525.76;2023-06-18;pix;Nogueira;SC;delivered;parceiro_b
cdb6b2a8-50ac-d594-8acf-e0ffdcd7a9b8;CUST_20267;PROD_4833;2;495.77;991.54;2023-06-30;credit_card;Costa de Correia;CE;delivered;parceiro_b
645af3e8-42cf-0863-8f4f-a70fa29e0e8a;CUST_25613;PROD_4834;9;4880.18;43921.62;2023-06-09;pix;da Luz;SP;shipped;parceiro_a
db4d20b8-a321-210b-efc4-b0ad75322941;CUST_15747;PROD_1888;15;1527.31;22909.65;2023-06-26;credit_card;Souza de Peixoto;SC;pending;parceiro_b
ceadb864-0d07-06b5-502c-ac8b1e566834;CUST_21731;PROD_3330;5;462.21;2311.05;2023-06-20;pix;Fernandes;SP;delivered;parceiro_a
2bc93fb5-3f30-aa2f-fc0f-5c20bc78fd5a;CUST_35694;PROD_1488;15;1192.47;17887.05;2023-06-23;credit_card;Nogueira das Pedras;RJ;pending;parceiro_b
cd815f8b-01d4-8270-02d5-2a91898ad2f4;CUST_24838;PROD_1074;12;3451.2;41414.4;2023-06-21;credit_card;Mendonça Grande;SP;delivered;parceiro_c
b87f9e8c-b13e-769d-05c1-11bb1ab1ae0c;CUST_11331;PROD_1335;15;1866.85;28002.75;2023-06-19;pix;da Conceição da Praia;PE;shipped;parceiro_c
36780a3b-2c81-2d5c-2993-78c59cd58ccd;CUST_15928;PROD_1354;14;42.07;588.98;2023-06-13;credit_card;Oliveira;PB;cancelled;parceiro_c
9f9b21ae-2892-7a59-1bb3-25a2e3b14950;CUST_45858;PROD_3037;9;4367.86;39310.74;2023-06-08;credit_card;Souza da Serra;SP;delivered;parceiro_b
72af111f-a639-d5d0-6d61-d86e63548b8d;CUST_19654;PROD_3481;7;3043.84;21306.88;2023-06-13;credit_card;da Costa de Minas;BA;shipped;parceiro_a
9f9728e0-4656-a288-c3f5-8b2f84b031f9;CUST_19059;PROD_3648;8;4516.24;36129.92;2023-06-15;pix;Melo de Pacheco;BA;pending;parceiro_a
5f49a17e-9b03-6791-1144-8e64a1bcf995;CUST_25851;PROD_1684;14;304.48;4262.72;2023-06-21;boleto;Cirino dos Dourados;SP;shipped;parceiro_b
25ba9641-c4b7-869b-6564-9834faefeaee;CUST_30602;PROD_0934;10;2652.98;26529.8;2023-06-26;pix;Sampaio;PI;delivered;parceiro_a
296902ba-a552-ab49-5bc7-bdcee09a8188;CUST_42330;PROD_1922;1;3837.69;3837.69;2023-06-18;boleto;Pinto de Fonseca;PE;delivered;parceiro_c
afdfd448-6849-d40c-8dea-7eb6e8f4cab4;CUST_20769;PROD_2264;5;4820.84;24104.2;2023-06-08;credit_card;Pastor de Abreu;PE;delivered;parceiro_c
3cd88e21-a3cd-a859-5288-7f3117af7d43;CUST_13501;PROD_4692;6;4306.35;25838.1;2023-06-08;debit_card;Gomes;RJ;delivered;parceiro_b
c9d37262-3c34-8ac9-ce0a-922d72bcbd27;CUST_21493;PROD_4751;12;3511.57;42138.84;2023-06-18;credit_card;Melo;AM;pending;parceiro_b
3fbd268f-c1c7-0492-137f-dd6bdc7435be;CUST_03109;PROD_3489;3;2855.17;8565.51;2023-06-18;credit_card;Fogaça;RJ;cancelled;parceiro_a
da5b7a1b-af60-693e-81ab-48cd62fd9ff6;CUST_20847;PROD_2725;4;962.3;3849.2;2023-06-04;credit_card;da Mota;SP;shipped;parceiro_a
083e9b5e-0f2c-ae3c-85fd-3cd6141a165e;CUST_46722;PROD_2523;20;3974.4;79488.0;2023-06-29;debit_card;Cassiano;RS;shipped;parceiro_a
2403eecf-0485-1979-c09e-15045a0973f6;CUST_47490;PROD_1810;14;2186.62;30612.68;2023-06-27;pix;Novaes da Prata;RS;delivered;parceiro_a
300a8b5b-d837-5701-9510-da12d135e938;CUST_26899;PROD_4432;14;2196.61;30752.54;2023-06-02;credit_card;Fogaça Alegre;PR;delivered;parceiro_a
c9984b15-5884-4666-2c29-5faa74876776;CUST_32726;PROD_0041;3;2824.27;8472.81;2023-06-07;boleto;Viana;PR;pending;parceiro_a
3bcdb4eb-4fd7-bb9c-40e2-6df7004b7c9c;CUST_27068;PROD_1438;3;4334.66;13003.98;2023-06-12;pix;Ramos;PE;delivered;parceiro_a
2ccfb15d-73d8-ff04-7cf4-4343da3cfbbb;CUST_36695;PROD_0052;10;628.26;6282.6;2023-06-04;boleto;Freitas do Campo;SP;delivered;parceiro_b
3e46c9ad-ec80-404c-3a38-bc7bfac93462;CUST_45256;PROD_0728;2;1894.78;3789.56;2023-06-30;boleto;Rodrigues;SC;cancelled;parceiro_c
f54b747a-9e3d-4bb3-d69c-675b709b58f9;CUST_20047;PROD_4330;5;3163.27;15816.35;2023-06-14;debit_card;Barbosa de da Mata;PA;delivered;parceiro_a
57b97499-78bf-9a9e-95e1-e5e43614b963;CUST_18350;PROD_3649;17;174.28;2962.76;2023-06-20;credit_card;Fonseca;SP;delivered;parceiro_a
880730d8-63cb-c911-256a-b41b2830e68a;CUST_27266;PROD_4312;7;1899.68;13297.76;2023-06-27;boleto;Caldeira;PB;pending;parceiro_a
35853ae2-9701-37e9-d083-74e97a5d6084;CUST_14980;PROD_4770;6;2917.29;17503.74;2023-06-03;debit_card;Abreu do Norte;SP;delivered;parceiro_a
d92fe293-e7b0-7d7b-041a-8952ad414a1c;CUST_30177;PROD_1029;12;2408.05;28896.6;2023-06-14;credit_card;Machado da Prata;MG;delivered;parceiro_a
eb2d63c8-c025-7516-12e9-d9878c75c9eb;CUST_16180;PROD_0134;16;4638.39;74214.24;2023-06-26;credit_card;Macedo do Sul;RJ;cancelled;parceiro_b
dab4ffaa-163c-1d40-53e7-4974b5d80425;CUST_13604;PROD_0346;9;1598.2;14383.8;2023-06-06;pix;Moraes;SP;delivered;parceiro_a
5c390255-3777-fbb6-b94d-6406f3481031;CUST_38562;PROD_3944;19;1591.01;30229.19;2023-06-01;pix;Fernandes de da Paz;RJ;cancelled;parceiro_a
3a5e4645-c898-c20a-9906-50e9837d33ba;CUST_24925;PROD_4425;4;4159.08;16636.32;2023-06-27;credit_card;Nascimento de Porto;SP;pending;parceiro_a
43bdda2c-cd0f-9106-bb1f-b81afa3dc549;CUST_05320;PROD_4791;9;4865.85;43792.65;2023-06-10;boleto;da Conceição;RO;delivered;parceiro_a
c485cd33-ecc4-7b1a-e574-ecdacbbaf1fd;CUST_27840;PROD_3317;13;37.4;486.2;2023-06-16;pix;Rios;SP;delivered;parceiro_a
7cec3139-9183-ca67-f89d-94b6aa0c12cf;CUST_06245;PROD_2747;7;4990.61;34934.27;2023-06-14;pix;Pastor;MT;delivered;parceiro_a
71579f0b-f080-24bf-f8fc-6fa6e9837496;CUST_49814;PROD_2970;16;3458.96;55343.36;2023-06-05;debit_card;Cassiano de Cavalcanti;RS;delivered;parceiro_b
3fbc16a4-0908-41a6-7603-f64dedc369df;CUST_21004;PROD_0099;6;2765.59;16593.54;2023-06-25;debit_card;Porto;GO;cancelled;parceiro_a
c81c9dca-d01e-3088-9482-ddd4db93c577;CUST_38228;PROD_3894;8;4206.96;33655.68;2023-06-14;pix;Albuquerque;SP;delivered;parceiro_b
1825e61a-f906-326d-5eb4-6fc55e73bd16;CUST_47751;PROD_3888;18;4787.36;86172.48;2023-06-25;credit_card;Montenegro do Norte;RJ;delivered;parceiro_a
db7dbd0e-b79a-4123-9173-faed7496e10a;CUST_05780;PROD_1798;8;4104.22;32833.76;2023-06-17;pix;Machado;PR;delivered;parceiro_c
a3aa04dc-1f5e-239a-7d9f-3acbc451614b;CUST_15252;PROD_4108;6;4771.07;28626.42;2023-06-17;pix;Cavalcante;SP;delivered;parceiro_c
f712abf2-9345-8c46-7b74-dedc6056bd14;CUST_38824;PROD_1554;13;3750.38;48754.94;2023-06-27;debit_card;Cavalcante;RS;delivered;parceiro_a
7e2f3ed2-540f-bef1-97fc-9655801c48ca;CUST_26711;PROD_3322;10;4506.58;45065.8;2023-06-07;boleto;Souza Paulista;SC;shipped;parceiro_a
54c95ea9-9aa9-833a-6bdf-a3c8cfdae75a;CUST_28625;PROD_4521;8;113.32;906.56;2023-06-11;credit_card;Cavalcanti do Sul;RJ;delivered;parceiro_a
ebaa5abf-aff8-89f0-73ce-3b98e50ef144;CUST_34493;PROD_2428;7;4628.01;32396.07;2023-06-28;boleto;Abreu de Marques;MG;delivered;parceiro_c
1b3f8e43-02a3-b7dc-fa40-ca726e5e8091;CUST_03338;PROD_0422;14;2228.02;31192.28;2023-06-15;debit_card;Freitas;GO;delivered;parceiro_a
aea0c8fb-de71-1db1-f575-ab5d19f3821f;CUST_27697;PROD_3604;10;1361.35;13613.5;2023-06-07;credit_card;Lopes;PA;delivered;parceiro_a
46408ed6-d6e7-ac01-b4df-191ea0a94c98;CUST_10346;PROD_4202;17;2618.99;44522.83;2023-06-16;pix;Abreu;MG;delivered;parceiro_b
4784581c-fffa-f569-74af-0a2ee6227ec3;CUST_25468;PROD_4009;18;1148.77;20677.86;2023-06-07;credit_card;Rezende do Oeste;ES;shipped;parceiro_a
6209fb41-0fce-258e-0aed-56b8b6b4b9c2;CUST_02952;PROD_2156;4;335.83;1343.32;2023-06-07;pix;Costa do Campo;PR;pending;parceiro_b
de3a2944-fae7-bba1-1711-45a8e2850f9a;CUST_25865;PROD_3079;12;2244.22;26930.64;2023-06-12;debit_card;Vieira;MG;delivered;parceiro_b
57792ce8-7dbd-0b67-34ef-fc9a5cad349b;CUST_04129;PROD_2143;2;1091.0;2182.0;2023-06-05;credit_card;Pires;AL;delivered;parceiro_a
019f0680-de5c-8f37-d0de-d5986780d16a;CUST_35525;PROD_1969;4;1181.74;4726.96;2023-06-22;credit_card;Melo Alegre;SC;delivered;parceiro_b
3a027176-7519-fecd-d31d-41ac269f9ef6;CUST_19406;PROD_0001;5;1967.16;9835.8;2023-06-24;pix;Casa Grande;BA;shipped;parceiro_c
259fb7eb-8edc-72c4-dad0-7fdedef53c5a;CUST_48830;PROD_0376;14;3842.73;53798.22;2023-06-25;pix;da Cruz de Goiás;SP;delivered;parceiro_b
ab25b88f-fce7-5f56-33c0-b2492c9b5968;CUST_13991;PROD_4241;10;318.06;3180.6;2023-06-11;debit_card;Aragão;CE;delivered;parceiro_b
d5f7001d-7bd7-f489-d406-f96d20ef178b;CUST_35685;PROD_1565;14;3835.86;53702.04;2023-06-19;credit_card;Correia dos Dourados;BA;delivered;parceiro_a
e51a3621-fe30-5adc-d172-dcad4fd06503;CUST_11981;PROD_2827;5;2589.98;12949.9;2023-06-20;debit_card;Cunha;PE;shipped;parceiro_b
f52f0874-4c9e-d95c-6b09-765d2be02baa;CUST_20773;PROD_2071;16;744.8;11916.8;2023-06-22;boleto;Melo de Caldeira;MG;delivered;parceiro_b
912b4c97-5ec8-ff2c-f419-f4af48bb094c;CUST_45668;PROD_2046;4;1430.69;5722.76;2023-06-02;debit_card;Pimenta;SP;cancelled;parceiro_a
ec1bc0a8-df24-5282-4e2f-f7b4a3227102;CUST_11899;PROD_0235;6;736.65;4419.9;2023-06-16;credit_card;Lopes de Rodrigues;RS;delivered;parceiro_a
8346f409-07d1-c72a-9b83-6799d0dcc6cd;CUST_29435;PROD_0007;16;1201.08;19217.28;2023-06-24;debit_card;Teixeira;SP;delivered;parceiro_a
8e4bd9ba-a481-6a1b-0369-2d1530264ad5;CUST_30749;PROD_1898;10;4124.75;41247.5;2023-06-17;credit_card;Rezende Grande;PB;delivered;parceiro_c
942a5b3f-45e7-b3b4-ce08-5c50d2482677;CUST_44854;PROD_4506;7;539.81;3778.67;2023-06-05;boleto;Almeida;PA;delivered;parceiro_a
c9fd1db0-2c6d-bf82-5f57-b13dfceab733;CUST_19620;PROD_4659;9;1049.49;9445.41;2023-06-06;boleto;Campos;ES;delivered;parceiro_c
e6900e25-fe8f-17eb-ebaf-fc56f8022816;CUST_25631;PROD_3152;17;1615.46;27462.82;2023-06-23;credit_card;Abreu;DF;shipped;parceiro_b
63a10dd9-956d-b8c7-ec81-46428d362905;CUST_18521;PROD_1708;4;4422.55;17690.2;2023-06-26;credit_card;Sousa;RJ;delivered;parceiro_a
b1722e0e-c145-84c8-475f-296770ded8a5;CUST_12194;PROD_3303;18;379.35;6828.3;2023-06-21;boleto;Albuquerque do Norte;SP;delivered;parceiro_a
516d9c40-6c4d-e628-2433-9c2b98b1fda4;CUST_40195;PROD_2829;10;2004.24;20042.4;2023-06-22;credit_card;Ribeiro Grande;RJ;delivered;parceiro_b
f0cc584e-9624-d5c9-aebf-fd270ebc66cc;CUST_17327;PROD_4637;4;4213.03;16852.12;2023-06-23;credit_card;da Cunha;DF;shipped;parceiro_b
c798cdd6-8dc7-0c1e-95dc-dbe5e139345b;CUST_43193;PROD_4381;17;3140.39;53386.63;2023-06-28;credit_card;Gomes;RS;cancelled;parceiro_b
f6e3236a-9571-15c0-f702-dd1fb120e361;CUST_20343;PROD_3894;12;3326.6;39919.2;2023-06-02;pix;Albuquerque;PR;delivered;parceiro_a
81a4bd92-b6ed-7d02-5393-232ebf7f81da;CUST_39309;PROD_3038;19;3621.57;68809.83;2023-06-07;debit_card;Cavalcante de Pires;MG;delivered;parceiro_c
82425e5e-b44a-7b91-60d2-3c17786d1811;CUST_39942;PROD_3214;10;3113.03;31130.3;2023-06-08;credit_card;Garcia;SC;delivered;parceiro_c
1f52633b-48c8-55b2-ae92-376e40bc89f3;CUST_33442;PROD_1533;2;2122.77;4245.54;2023-06-28;credit_card;Souza;PB;delivered;parceiro_b
b0be45a8-c21d-51bb-44d6-af44cddc898b;CUST_13160;PROD_1616;19;1318.47;25050.93;2023-06-07;credit_card;Castro da Serra;MT;pending;parceiro_c
c8592db7-7ae1-1ca2-b7f7-1a7d8fb62dc1;CUST_02403;PROD_1868;2;4091.16;8182.32;2023-06-11;credit_card;Cunha;BA;delivered;parceiro_b
7e8066f7-c214-acbf-2403-dfa4a5ad3afa;CUST_20050;PROD_4295;7;1812.21;12685.47;2023-06-28;credit_card;Pacheco da Serra;MA;shipped;parceiro_c
c81e6d4d-1afc-5a3f-141f-93e84bbfc0f1;CUST_48508;PROD_4488;3;2369.1;7107.3;2023-06-15;debit_card;Araújo;MG;delivered;parceiro_c
2929cec4-5ada-c51d-c2e3-bbce13f3cf23;CUST_14419;PROD_3598;18;4548.14;81866.52;2023-06-04;credit_card;Borges da Serra;AL;delivered;parceiro_c
9b9cfac3-4809-3227-3536-d9d41ffa7889;CUST_15426;PROD_2302;6;2928.67;17572.02;2023-06-08;pix;da Rosa;SP;shipped;parceiro_c
17653d54-8c01-442d-7905-0f2c40aa3990;CUST_27440;PROD_2741;16;4588.86;73421.76;2023-06-26;credit_card;Campos Alegre;BA;delivered;parceiro_b
21f61cc0-b7ef-6504-ad24-a291f2ef2772;CUST_07442;PROD_2762;15;3055.97;45839.55;2023-06-30;boleto;Moraes;RS;delivered;parceiro_b
fa5ca875-8b1c-994e-bcec-61b8ac35ed77;CUST_08882;PROD_0154;14;2834.69;39685.66;2023-06-05;credit_card;Silva de Ribeiro;SP;delivered;parceiro_b
a2666d82-ee02-0bee-c814-bd36dfa8be95;CUST_28852;PROD_3750;2;956.49;1912.98;2023-06-13;credit_card;Farias do Sul;PR;delivered;parceiro_c
8b9df027-d39e-d95e-d813-a4209f65db5e;CUST_11624;PROD_0510;6;436.12;2616.72;2023-06-07;credit_card;Mendonça da Prata;SP;shipped;parceiro_c
f9f88e28-33e8-2e2d-4446-dc4657412d6a;CUST_04744;PROD_4781;1;315.89;315.89;2023-06-12;credit_card;da Rocha das Flores;SC;delivered;parceiro_a
b96fd4e4-193e-fa96-50e0-ae4ac2804f40;CUST_21424;PROD_1730;17;1518.44;25813.48;2023-06-20;pix;Siqueira de Moreira;RJ;delivered;parceiro_a
90de8de9-812f-1874-e328-1d70f3768e7f;CUST_48390;PROD_0329;18;1813.29;32639.22;2023-06-05;credit_card;Porto Alegre;SP;shipped;parceiro_c
b44843e5-8a00-c7ab-8a29-f913660e28fc;CUST_33461;PROD_4980;6;3119.33;18715.98;2023-06-24;debit_card;Rodrigues de Pereira;RJ;delivered;parceiro_b
b8de2d13-2106-8a1b-dc0d-2b061acbd943;CUST_15320;PROD_1419;4;3809.61;15238.44;2023-06-29;boleto;Castro do Sul;RJ;delivered;parceiro_b
b67d8a1b-5231-e665-7aff-5cde934f71f0;CUST_44533;PROD_0562;20;3376.3;67526.0;2023-06-24;credit_card;Costa da Mata;RJ;cancelled;parceiro_b
3a135612-5f66-45f6-976d-28d210a71520;CUST_23413;PROD_0637;14;2229.97;31219.58;2023-06-08;pix;Gonçalves;DF;delivered;parceiro_b
38c086d6-7c8f-dc2c-6ee7-3c6d7203945f;CUST_10217;PROD_3249;9;4057.69;36519.21;2023-06-23;pix;Leão;GO;delivered;parceiro_a
8316272f-fba4-d160-36ea-10577204b51d;CUST_34051;PROD_0762;4;1807.76;7231.04;2023-06-07;credit_card;da Luz;AM;cancelled;parceiro_c
0ff2ceca-c0a4-827e-263d-a72ec0936cdc;CUST_01834;PROD_4490;15;1778.79;26681.85;2023-06-30;credit_card;da Rosa;GO;delivered;parceiro_c
92255191-5a3b-cb7d-2f14-976d01b06782;CUST_47833;PROD_2985;7;3221.65;22551.55;2023-06-30;debit_card;Aragão de Minas;BA;delivered;parceiro_a
865e4e23-c7e9-5ec2-ffc4-c44a99902aaa;CUST_15070;PROD_2320;16;1139.35;18229.6;2023-06-15;credit_card;da Mota da Praia;BA;cancelled;parceiro_a
7a0d7d5a-929e-71f6-3fce-2f76f4441b63;CUST_21695;PROD_2626;11;2793.15;30724.65;2023-06-25;debit_card;Abreu Paulista;SP;cancelled;parceiro_a
f07933cf-60ff-590e-5f84-8daed07991c1;CUST_46011;PROD_4813;1;1211.26;1211.26;2023-06-06;credit_card;Araújo Alegre;RS;delivered;parceiro_a
fe3a8ca7-7c40-ac91-c894-02a242d96d58;CUST_26139;PROD_0771;4;2328.51;9314.04;2023-06-19;credit_card;Novais;BA;delivered;parceiro_a
36394189-a18b-ad8f-a426-48849e9240e4;CUST_35678;PROD_1896;9;2428.54;21856.86;2023-06-27;boleto;Araújo;ES;delivered;parceiro_a
27f51370-9955-eb88-e2f5-f659d0e3c116;CUST_16032;PROD_2025;9;4139.67;37257.03;2023-06-01;boleto;Barbosa;RJ;shipped;parceiro_a
ede4a684-cd84-7519-abbe-6471f3f4882b;CUST_04145;PROD_2289;2;2647.76;5295.52;2023-06-14;pix;Garcia do Galho;ES;delivered;parceiro_a
34f4b004-af32-a9fe-b220-121c1464ac2e;CUST_20895;PROD_2241;5;3015.6;15078.0;2023-06-07;boleto;da Cruz da Prata;CE;cancelled;parceiro_c
e07f8ad3-3164-407f-d724-e0ba2616b957;CUST_00987;PROD_1964;19;350.18;6653.42;2023-06-05;credit_card;da Rosa;SP;delivered;parceiro_a
03275c90-e95e-2d5a-234b-38a654dfbcd2;CUST_37791;PROD_1744;18;297.32;5351.76;2023-06-01;pix;Pimenta do Sul;RJ;shipped;parceiro_b
dac98cbc-b927-0daf-8634-ffa92d9ea4c1;CUST_45998;PROD_2484;5;2385.64;11928.2;2023-06-27;debit_card;Monteiro;CE;delivered;parceiro_c
092e9569-9b26-8658-aa4f-ab5f6f848f7a;CUST_27490;PROD_0109;12;4087.75;49053.0;2023-06-22;credit_card;Câmara das Pedras;RJ;delivered;parceiro_b
012dbb2e-4349-43a8-1573-46bbcb272b75;CUST_19802;PROD_4194;20;1756.67;35133.4;2023-06-18;credit_card;Gonçalves Grande;SP;delivered;parceiro_a
612e9fe3-521b-557b-3862-fbb447561037;CUST_19111;PROD_0472;17;1295.05;22015.85;2023-06-18;boleto;Pereira Verde;SC;pending;parceiro_b
8b05b8ea-6b39-04ce-55b1-0d16d484904c;CUST_49089;PROD_2855;3;4052.34;12157.02;2023-06-08;pix;Guerra de Minas;PA;delivered;parceiro_a
9687f6e9-6a62-20cb-89ea-e3bd2a71dada;CUST_39476;PROD_3027;4;4527.2;18108.8;2023-06-19;credit_card;Pereira;PA;cancelled;parceiro_b
0cd201fe-4f86-4154-9158-4a44b6e9a214;CUST_48025;PROD_2414;13;1480.18;19242.34;2023-06-05;boleto;Carvalho;BA;delivered;parceiro_c
f7d6d6f3-af46-aaa3-bc51-2d4133ec1c9f;CUST_39270;PROD_4993;11;4482.0;49302.0;2023-06-25;credit_card;Rocha;RJ;delivered;parceiro_a
680835c1-0443-d513-6856-d02980c8f920;CUST_23265;PROD_3682;9;1295.77;11661.93;2023-06-18;pix;Moraes das Flores;DF;shipped;parceiro_b
bb3f1131-f392-a481-0070-3c07fa824a1a;CUST_39854;PROD_0076;19;3094.33;58792.27;2023-06-19;debit_card;Pimenta de Minas;ES;delivered;parceiro_b
ea2a530f-51f4-231e-34f4-ede9049d49fb;CUST_46015;PROD_4312;9;3312.31;29810.79;2023-06-02;pix;Leão de Porto;PI;cancelled;parceiro_b
8e067dba-fede-27e8-acf1-2811ce52baae;CUST_32002;PROD_1702;17;3010.42;51177.14;2023-06-02;boleto;Pastor;MG;cancelled;parceiro_c
acb1f1c0-db25-6348-df9a-11bf532df8dd;CUST_30773;PROD_3608;18;1973.14;35516.52;2023-06-22;debit_card;da Rocha da Mata;MG;delivered;parceiro_a
db256788-da10-d857-eb72-57eabbbb23c6;CUST_16609;PROD_3735;15;4764.6;71469.0;2023-06-06;debit_card;Mendes;SP;delivered;parceiro_a
6e232562-beea-7394-90f1-6b08502e310c;CUST_45377;PROD_4561;17;4954.91;84233.47;2023-06-23;debit_card;Cavalcante do Norte;MG;delivered;parceiro_a
b61cbf7e-3c37-f6e9-a8a4-224588e3ea99;CUST_28124;PROD_0151;10;4511.24;45112.4;2023-06-06;pix;Pastor;MG;delivered;parceiro_c
9c917e4b-916b-2241-2fb1-c7b22a0fabf9;CUST_31333;PROD_4485;3;1172.87;3518.61;2023-06-04;pix;Cunha;ES;shipped;parceiro_a
3da949aa-c553-5704-51eb-670ca3a67a93;CUST_43942;PROD_0492;8;4019.21;32153.68;2023-06-05;debit_card;Câmara;PA;cancelled;parceiro_a
8b81b816-2e57-35fa-8bc2-7443be2eeb06;CUST_42062;PROD_4200;12;2278.8;27345.6;2023-06-15;debit_card;Cavalcanti do Sul;SC;delivered;parceiro_b
bd57a519-585c-baa7-0ad2-f7bc02a43142;CUST_45394;PROD_4176;3;3123.08;9369.24;2023-06-03;pix;Moreira Verde;AL;shipped;parceiro_c
9eaa6078-00de-661c-3cb5-da587d709f09;CUST_26208;PROD_3487;14;2416.16;33826.24;2023-06-03;credit_card;Guerra de Castro;ES;delivered;parceiro_b
b423e9c1-88bc-f6f6-dbd6-e8003964ec77;CUST_24698;PROD_0525;4;3476.47;13905.88;2023-06-30;boleto;Abreu de Minas;RJ;cancelled;parceiro_b
5b799f8a-7b22-8462-cc79-d82ca430954c;CUST_45622;PROD_4734;18;3759.64;67673.52;2023-06-07;debit_card;Cavalcanti;SP;delivered;parceiro_b
c6c1d25d-80df-4039-6e8f-0b80cc7a55aa;CUST_10792;PROD_3934;2;776.59;1553.18;2023-06-03;debit_card;Mendonça;SP;delivered;parceiro_b
729ad1fd-db48-6c0e-9a30-5f8b08568917;CUST_41849;PROD_3739;6;3266.69;19600.14;2023-06-26;credit_card;Siqueira;CE;cancelled;parceiro_b
71af7cc7-1b2e-108a-267a-61058c12560c;CUST_41726;PROD_2931;7;2949.93;20649.51;2023-06-19;boleto;Lopes da Serra;RS;shipped;parceiro_a
a23dc8c4-6af8-3b0b-d03d-13cd7fb7e972;CUST_25384;PROD_4623;20;4594.8;91896.0;2023-06-07;credit_card;Gonçalves;SC;delivered;parceiro_a
82bd2b28-18a0-3d69-2ee1-1ac9f164ea5e;CUST_22324;PROD_0732;14;1582.4;22153.6;2023-06-06;credit_card;Rodrigues de Goiás;PR;delivered;parceiro_c
282463ae-8796-bc77-19d8-7a6d71eac7a0;CUST_43770;PROD_1699;10;733.15;7331.5;2023-06-02;credit_card;da Paz do Oeste;RJ;cancelled;parceiro_b
903685be-f59f-6962-a273-5146902337b4;CUST_23485;PROD_4225;13;2351.32;30567.16;2023-06-26;boleto;Santos do Oeste;SP;delivered;parceiro_b
58506f90-d71a-c55a-78c9-815d465d618f;CUST_06818;PROD_1410;10;4469.08;44690.8;2023-06-19;debit_card;Novais;SP;delivered;parceiro_a
a2248b96-c627-399a-c2e3-11117ce66de3;CUST_21497;PROD_1960;15;1732.3;25984.5;2023-06-19;credit_card;Caldeira Verde;SP;delivered;parceiro_b
84791c81-580c-3a21-ca2b-b765cb5bc26a;CUST_47795;PROD_0154;12;1904.71;22856.52;2023-06-15;pix;Freitas da Praia;MG;shipped;parceiro_b
3694e6ce-e3af-b157-c10c-fc203ec9784b;CUST_33436;PROD_0948;14;3623.3;50726.2;2023-06-08;credit_card;Guerra;MA;delivered;parceiro_a
208eb8ea-00f8-9bf6-2df6-2e974a829c73;CUST_47751;PROD_4024;2;2004.27;4008.54;2023-06-08;pix;Aragão das Pedras;DF;pending;parceiro_b
29ef64b5-67f7-d2ad-79af-dfcc4cfb7e6e;CUST_48609;PROD_4188;16;2314.61;37033.76;2023-06-20;credit_card;da Mata;PR;cancelled;parceiro_b
5d2ad5f5-5369-86dc-a404-11f273d035f1;CUST_09717;PROD_0648;11;2727.05;29997.55;2023-06-20;credit_card;Pinto das Flores;AL;delivered;parceiro_b
8ab8ce5e-6d68-6d76-c690-31df7a29477e;CUST_17863;PROD_0187;19;4716.43;89612.17;2023-06-05;credit_card;Ferreira do Norte;SP;cancelled;parceiro_a
3b6fd843-cdaf-d648-bb76-9d1885ab870e;CUST_36344;PROD_2785;11;662.67;7289.37;2023-06-26;debit_card;Pires;BA;delivered;parceiro_b
fc328814-9c7a-b18a-578e-f8914f0caa38;CUST_36222;PROD_2954;14;2734.62;38284.68;2023-06-13;boleto;Pires;MG;delivered;parceiro_b
f7166702-70ef-5bf9-b7b3-e21b8a81e556;CUST_45767;PROD_3303;11;2504.92;27554.12;2023-06-30;pix;Melo Paulista;RJ;delivered;parceiro_b
4853ce0e-aa5c-353d-c60e-3cf254350b24;CUST_30890;PROD_1580;14;1841.32;25778.48;2023-06-12;pix;Camargo;GO;delivered;parceiro_a
e70f9615-01bd-7191-2fc1-43e3c2815c1e;CUST_30365;PROD_0436;13;3067.23;39873.99;2023-06-22;pix;Montenegro;RJ;delivered;parceiro_a
53e19e4f-f6c0-35db-53ce-1fa743bc72b1;CUST_16522;PROD_4238;18;17.74;319.32;2023-06-14;credit_card;Teixeira de Moura;RS;delivered;parceiro_b
20c3cf47-30d4-fa7d-fe56-080216ee7fda;CUST_19617;PROD_3049;13;4731.75;61512.75;2023-06-30;boleto;Mendonça da Prata;CE;delivered;parceiro_b
428a805d-e633-6061-4514-adc0abb8a185;CUST_19612;PROD_3296;18;2448.5;44073.0;2023-06-29;boleto;Rocha do Oeste;SP;shipped;parceiro_a
513220cb-413e-4708-a100-20d676ae81cf;CUST_21013;PROD_1551;20;2227.67;44553.4;2023-06-09;debit_card;Rocha Paulista;SP;delivered;parceiro_c
34151902-1f46-1c21-e809-5e9a3cb07035;CUST_20604;PROD_1857;19;3892.23;73952.37;2023-06-06;pix;Gonçalves de Goiás;GO;delivered;parceiro_b
64682654-4034-b266-b0ab-1711bc2e9752;CUST_29283;PROD_3700;4;3688.02;14752.08;2023-06-15;pix;Peixoto;PR;delivered;parceiro_a
9f601dfe-40a3-6472-eaf4-e50cc09b6e62;CUST_10187;PROD_4972;14;3482.17;48750.38;2023-06-04;credit_card;Andrade;MG;delivered;parceiro_c
e230a4ba-9908-db0e-81cf-6c071093be66;CUST_27713;PROD_1696;16;4690.94;75055.04;2023-06-02;debit_card;Almeida de das Neves;PR;cancelled;parceiro_b
dbb506a0-fa24-7c6c-296d-9a3e945baffe;CUST_33473;PROD_0904;3;3068.34;9205.02;2023-06-14;pix;Mendes;SP;delivered;parceiro_a
c6659b5e-c640-fcf9-5158-1cf9b60866fd;CUST_45876;PROD_3257;11;1688.53;18573.83;2023-06-13;credit_card;Aragão;RJ;delivered;parceiro_b
15ceea23-54d7-7a05-e930-ef6c9901fc10;CUST_46081;PROD_3308;19;3398.86;64578.34;2023-06-26;credit_card;Ramos da Mata;DF;delivered;parceiro_b
bc34dc3e-51cd-cbb7-7f82-3d8407b3d192;CUST_21251;PROD_0539;11;528.49;5813.39;2023-06-13;credit_card;Peixoto;MA;delivered;parceiro_b
f35ad55f-4f87-877d-d083-fa4556a85122;CUST_14120;PROD_3699;17;4430.43;75317.31;2023-06-22;pix;Mendes;MG;delivered;parceiro_a
f0de8df5-5ee4-530b-c8b4-e17327c01e19;CUST_39700;PROD_0599;6;4902.24;29413.44;2023-06-23;pix;Jesus;SC;delivered;parceiro_b
4779a28a-ae26-ad3b-4b17-63b104a8a7a6;CUST_41492;PROD_2003;10;1469.43;14694.3;2023-06-23;credit_card;Vieira;RJ;delivered;parceiro_b
399caf55-b04b-0c50-67b8-67149f2c9739;CUST_42575;PROD_1450;15;3233.76;48506.4;2023-06-18;pix;Ramos;SP;delivered;parceiro_a
f01129da-d48c-d7d6-0181-15354682ff96;CUST_33024;PROD_0797;1;116.07;116.07;2023-06-15;pix;Abreu de Ferreira;AM;delivered;parceiro_a
de0a7843-7480-61e0-a0f9-ea6e964136b6;CUST_41968;PROD_0364;10;4028.76;40287.6;2023-06-25;debit_card;Viana;MG;delivered;parceiro_c
07b93de0-49af-7f86-b018-db76abbbf9dc;CUST_47670;PROD_0818;13;2365.18;30747.34;2023-06-19;credit_card;Pinto;SP;pending;parceiro_b
78020c98-8806-cc37-29b8-b1bb1f3da284;CUST_05126;PROD_3467;7;1905.54;13338.78;2023-06-30;debit_card;Siqueira do Campo;ES;delivered;parceiro_a
2b517250-e09c-7ba6-97d7-c4c442354054;CUST_11027;PROD_1206;14;1598.46;22378.44;2023-06-05;credit_card;Monteiro;RJ;delivered;parceiro_b
35952e10-f974-e04e-2117-196174a18c1d;CUST_42558;PROD_2281;13;3982.01;51766.13;2023-06-16;debit_card;Freitas;RJ;delivered;parceiro_b
13620836-2d24-f17d-548c-a9bb6c05b0c2;CUST_38817;PROD_0700;15;3654.72;54820.8;2023-06-01;credit_card;Cavalcanti de Goiás;CE;shipped;parceiro_c
8322505e-2a13-bd8d-786e-f70176a3d431;CUST_45432;PROD_2711;13;1062.29;13809.77;2023-06-15;credit_card;Nogueira;SP;cancelled;parceiro_a
9b8910e3-fc03-aa63-8f57-6fbc662bad9e;CUST_23621;PROD_2806;18;3956.43;71215.74;2023-06-25;credit_card;da Mota das Flores;GO;delivered;parceiro_a
324f0eb5-2536-16e5-efcc-797e12341908;CUST_49713;PROD_2602;9;3362.85;30265.65;2023-06-13;credit_card;Cirino;BA;shipped;parceiro_c
85a5817b-4f8e-2f19-d204-cd20e879fcaf;CUST_42601;PROD_2139;12;2607.82;31293.84;2023-06-21;pix;Correia de Casa Grande;BA;delivered;parceiro_c
16d191c4-abaa-cb4a-af41-c52c0dd87535;CUST_13926;PROD_0622;3;3613.12;10839.36;2023-06-12;credit_card;Nunes de Guerra;DF;delivered;parceiro_a
a175ec00-a8d3-0206-338f-e3ac13a53897;CUST_20208;PROD_4304;14;2173.76;30432.64;2023-06-27;pix;Nunes;RS;delivered;parceiro_a
1d413eec-20ec-6178-b01b-a53271f40721;CUST_05095;PROD_2674;11;1649.02;18139.22;2023-06-04;debit_card;Santos;SP;cancelled;parceiro_b
a59b415f-3ceb-7f9f-33e2-71b7cd0a709a;CUST_02153;PROD_0726;18;1940.76;34933.68;2023-06-15;boleto;Casa Grande de Nascimento;PE;shipped;parceiro_a
644a4cc7-4285-456b-6d97-36ca462bef5a;CUST_26628;PROD_2954;15;1057.46;15861.9;2023-06-11;debit_card;Azevedo;RJ;cancelled;parceiro_a
11832939-8eee-acb2-9fc7-b1a032f4c4fb;CUST_15206;PROD_1132;17;1787.31;30384.27;2023-06-26;boleto;Oliveira;MG;delivered;parceiro_c
9807c43c-3074-b25c-2d8f-86627edd5016;CUST_38820;PROD_0361;20;3376.12;67522.4;2023-06-21;boleto;Pinto Alegre;SP;shipped;parceiro_b
1ebe5d92-4f51-35a2-182b-64308ec83a8f;CUST_37726;PROD_0267;10;1123.2;11232.0;2023-06-27;debit_card;Novais;SC;delivered;parceiro_a
aa03cb64-e115-f30b-b114-21ef5da82004;CUST_48019;PROD_3178;13;4883.05;63479.65;2023-06-21;credit_card;Araújo do Norte;MT;delivered;parceiro_b
91a38fe0-1f09-80a4-f318-2614b07b86f9;CUST_23527;PROD_2657;4;2683.01;10732.04;2023-06-23;pix;Melo;RJ;delivered;parceiro_b
6fcc81b8-4b28-e7c5-dd37-cd65d6a65dd3;CUST_35737;PROD_1213;4;11.12;44.48;2023-06-28;pix;Freitas do Oeste;RJ;delivered;parceiro_b
5f4a2cf9-daaa-ac2f-763f-5f8dfbe5b5aa;CUST_12082;PROD_0045;14;4314.06;60396.84;2023-06-26;debit_card;Cavalcanti;SP;pending;parceiro_c
cded8db9-a860-d3c5-14ce-f70d251d58ca;CUST_35166;PROD_3542;12;418.23;5018.76;2023-06-06;debit_card;Ferreira de Minas;ES;shipped;parceiro_a
93273ee2-501a-20f5-8c87-1439f2c5d7cc;CUST_01290;PROD_4892;4;2876.16;11504.64;2023-06-25;pix;Dias;MA;pending;parceiro_b
7da7bcda-d449-9a06-3c5c-447cfe62f97a;CUST_23879;PROD_1615;9;1426.53;12838.77;2023-06-22;pix;Gomes;MA;delivered;parceiro_a
78911c7c-48fc-0257-6ab3-7f9309985d3d;CUST_10562;PROD_3449;19;3874.77;73620.63;2023-06-16;debit_card;Mendonça de Caldeira;RS;delivered;parceiro_b
905e7879-7f2a-af84-5e4b-6a32144057d9;CUST_21662;PROD_1097;8;354.29;2834.32;2023-06-02;pix;Rezende do Amparo;PE;delivered;parceiro_b
2dfe60b1-f216-0290-2d9d-73a869a1ac29;CUST_36423;PROD_0558;8;2823.46;22587.68;2023-06-08;boleto;Aparecida;SP;pending;parceiro_a
d7a28f73-64b1-a590-a4fc-389ba7f72862;CUST_14987;PROD_1559;19;1456.95;27682.05;2023-06-01;credit_card;Martins;RS;cancelled;parceiro_a
daccaad4-d7e4-97b3-dc4e-31e70bb73d02;CUST_35930;PROD_2373;8;1442.88;11543.04;2023-06-27;boleto;Ribeiro;SP;shipped;parceiro_a
44ce8a97-a792-befe-4e54-3bb2aec83a2a;CUST_09246;PROD_2954;4;3018.81;12075.24;2023-06-10;debit_card;Fonseca;RS;delivered;parceiro_a
f55eca6c-1a58-5785-1b47-3f7fbb9fc422;CUST_07607;PROD_4277;12;301.44;3617.28;2023-06-06;boleto;Ribeiro;RS;delivered;parceiro_c
23fa0b3a-8586-c662-0678-7132608f9398;CUST_07146;PROD_4089;8;1906.62;15252.96;2023-06-05;credit_card;Lima do Norte;SP;delivered;parceiro_c
a07c908d-34c3-4db5-905e-6df701b87793;CUST_32848;PROD_1661;8;1046.18;8369.44;2023-06-28;debit_card;Pereira;MG;delivered;parceiro_a
52b47fda-d143-7eb9-8fcb-a307c48fe057;CUST_40426;PROD_3381;11;2115.64;23272.04;2023-06-28;pix;Pastor;PE;delivered;parceiro_a
8a7d9229-b99a-0967-8dcd-3d538e477e78;CUST_20255;PROD_3110;18;1963.98;35351.64;2023-06-13;pix;Novais de Minas;MG;delivered;parceiro_a
66480e9d-b32e-475b-bb6c-4b3cfa5cfbc5;CUST_15072;PROD_4178;11;3528.3;38811.3;2023-06-06;credit_card;Ribeiro;RJ;delivered;parceiro_c
2d1e4d41-9eb5-c18d-57d7-c8274f0c6c32;CUST_10133;PROD_2598;2;1335.39;2670.78;2023-06-23;credit_card;Sousa de Abreu;SP;delivered;parceiro_a
939ddf78-93ef-3cf7-030c-f5573be5d91e;CUST_13471;PROD_1227;3;4158.63;12475.89;2023-06-27;debit_card;da Paz de Barbosa;RS;delivered;parceiro_b
31ca8e70-688e-013c-0467-0f21a1ba157f;CUST_30600;PROD_1480;14;1487.99;20831.86;2023-06-24;pix;Pinto;MG;pending;parceiro_c
0b318792-91b9-dec6-c17b-d195ab367136;CUST_18205;PROD_3733;6;2253.34;13520.04;2023-06-28;credit_card;Araújo;MG;delivered;parceiro_b
da867807-6e2c-66e0-87ec-e478fea3d9e4;CUST_01204;PROD_1245;8;4928.24;39425.92;2023-06-08;debit_card;Pires;CE;delivered;parceiro_b
b78ebb81-b94d-102f-8d9b-2786d2853080;CUST_13400;PROD_2372;5;1633.63;8168.15;2023-06-16;pix;Lima;MG;delivered;parceiro_c
051c8543-4c8f-4832-dfdd-fe11c97b8c6e;CUST_32238;PROD_2937;10;1792.31;17923.1;2023-06-21;pix;Ramos Alegre;CE;delivered;parceiro_c
f5b4edcb-059d-34a3-d0a2-2672794db7a6;CUST_09844;PROD_2907;8;2599.39;20795.12;2023-06-06;debit_card;Duarte de Pereira;SC;cancelled;parceiro_a
15305b08-83df-c42f-ef83-c300e303b06e;CUST_26316;PROD_0906;8;4876.39;39011.12;2023-06-27;debit_card;Siqueira;BA;delivered;parceiro_a
aeaa859d-10a1-c804-1f92-6bc45f4fc51e;CUST_43387;PROD_2711;5;3322.18;16610.9;2023-06-24;pix;da Cruz da Prata;GO;shipped;parceiro_a
6201a223-4d12-7fed-8438-ba2610cd4e2e;CUST_20817;PROD_1958;7;3575.74;25030.18;2023-06-25;credit_card;Oliveira;PE;delivered;parceiro_b
9a6cf2d8-6a5a-95ac-139b-3b3ac4ee028b;CUST_19463;PROD_4235;13;2571.07;33423.91;2023-06-25;pix;Sales da Praia;SE;delivered;parceiro_c
8cfee78a-8cfb-f123-ea8c-d85270aaf2d8;CUST_14986;PROD_3191;10;281.5;2815.0;2023-06-07;pix;da Rocha do Norte;PE;cancelled;parceiro_b
ffabafb1-4c20-9f60-8cc6-ee478713c36f;CUST_48595;PROD_0415;7;514.03;3598.21;2023-06-03;debit_card;Azevedo;RS;delivered;parceiro_b
2e22136d-9080-121c-4651-b211028d0543;CUST_05597;PROD_0470;2;3216.7;6433.4;2023-06-30;pix;Brito;CE;delivered;parceiro_a
a7b80827-0bff-c5d9-d596-e01f0dbbea84;CUST_05241;PROD_3316;5;4299.61;21498.05;2023-06-08;credit_card;Carvalho;SP;delivered;parceiro_b
704aa063-c306-1599-f5c9-f8eb2f76e38a;CUST_41832;PROD_2186;16;4595.67;73530.72;2023-06-30;pix;Nogueira de Fernandes;SP;delivered;parceiro_a
8ad32c51-f62c-3ae0-30dc-a8c1218efe9b;CUST_37279;PROD_0227;14;2535.13;35491.82;2023-06-11;pix;Farias de Jesus;MG;delivered;parceiro_a
c7a2f8cc-a90a-ba43-24d2-a660f171e022;CUST_17944;PROD_3429;11;429.08;4719.88;2023-06-20;debit_card;Montenegro Verde;MG;delivered;parceiro_a
d63bbe2a-0fc1-e59a-c442-0ef463019e6c;CUST_15742;PROD_4013;11;1182.83;13011.13;2023-06-23;pix;Gonçalves;MT;delivered;parceiro_b
f2806e54-0546-2454-4f45-fa468270988a;CUST_06164;PROD_1193;12;4010.17;48122.04;2023-06-26;debit_card;Azevedo;SP;delivered;parceiro_a
851d5cc1-51fc-cffc-7588-d11382ce503a;CUST_19295;PROD_0407;19;2744.54;52146.26;2023-06-20;credit_card;Moraes das Pedras;RR;pending;parceiro_b
bf8d2e42-f366-5065-5357-1f961db553c7;CUST_12577;PROD_1451;2;2865.61;5731.22;2023-06-25;credit_card;Dias;SC;cancelled;parceiro_a
55ca6c15-db36-3ab3-2349-1e6ae5cf0eda;CUST_28224;PROD_4040;3;1902.64;5707.92;2023-06-22;credit_card;Novais do Norte;SP;delivered;parceiro_b
63414a52-cf9c-ce9d-9bdf-983764c835d2;CUST_15691;PROD_4901;6;2985.44;17912.64;2023-06-08;pix;Brito do Campo;PA;delivered;parceiro_b
458ee086-4036-804b-1b2c-9836e11c6adf;CUST_08551;PROD_2827;14;1159.97;16239.58;2023-06-24;debit_card;Fonseca;RS;delivered;parceiro_b
d27e15ed-9116-0092-e498-34487b4f9fe8;CUST_08151;PROD_3638;19;1215.68;23097.92;2023-06-21;debit_card;da Mata;AP;pending;parceiro_c
e28fee7f-1006-21df-2f76-4a51ac97955f;CUST_18860;PROD_4613;16;1230.98;19695.68;2023-06-06;pix;Fonseca de Goiás;SP;cancelled;parceiro_a
c7020bf2-021f-de55-57a9-af264ce90116;CUST_04341;PROD_3676;16;2990.28;47844.48;2023-06-18;credit_card;da Mota das Pedras;CE;shipped;parceiro_a
ac38e9ad-f49c-132a-ac5c-4b7183f4d5a3;CUST_21508;PROD_0627;5;3063.18;15315.9;2023-06-02;boleto;Rocha de da Rosa;ES;delivered;parceiro_a
755b8083-366b-256c-a412-07d6df682ecc;CUST_28585;PROD_1072;7;2226.79;15587.53;2023-06-03;debit_card;Freitas de Montenegro;SP;cancelled;parceiro_b
a3e7d9ba-c712-99d7-99aa-f280a174fa93;CUST_33735;PROD_1167;15;3901.4;58521.0;2023-06-30;debit_card;Alves;PR;delivered;parceiro_a
5fd70070-3038-ae99-4ffc-d30005c00085;CUST_09214;PROD_3667;14;4276.34;59868.76;2023-06-28;credit_card;Fogaça;SP;delivered;parceiro_a
e2f3fca8-b56d-50f6-0fc2-54d750567df5;CUST_12114;PROD_4377;15;2504.29;37564.35;2023-06-16;debit_card;Camargo;RJ;delivered;parceiro_a
e6ef5a56-5a7f-9416-fdc3-0e70d35f69d4;CUST_26295;PROD_0928;15;3668.78;55031.7;2023-06-19;credit_card;Guerra;PR;pending;parceiro_a
5d73396b-26fc-efb6-d15c-2e03263158cb;CUST_23799;PROD_1991;1;3370.01;3370.01;2023-06-13;credit_card;Campos;PA;delivered;parceiro_c
24584ba5-ede6-62f7-e643-b4967d23eb3a;CUST_01843;PROD_2495;3;3736.61;11209.83;2023-06-03;credit_card;Camargo do Sul;GO;shipped;parceiro_a
5d28737c-3c2b-a985-df59-91327acdbe38;CUST_43046;PROD_1566;19;4181.57;79449.83;2023-06-28;pix;Porto;MG;delivered;parceiro_c
c4df85d1-cbe8-8392-7aed-a042b7650901;CUST_37908;PROD_0563;19;4484.42;85203.98;2023-06-29;boleto;da Mota;RJ;delivered;parceiro_c
0929b4bf-4693-357a-1971-4852ed0c205a;CUST_22397;PROD_0364;13;463.27;6022.51;2023-06-14;credit_card;Pereira da Mata;RS;delivered;parceiro_b
b78e7149-d789-b46b-0406-2ccb5afeb6ff;CUST_30220;PROD_0294;5;2932.7;14663.5;2023-06-02;credit_card;Gomes do Norte;BA;delivered;parceiro_a
6a133fc3-b928-2c3e-2256-6d8ef51cb554;CUST_39643;PROD_2966;6;2822.61;16935.66;2023-06-06;credit_card;Moraes;MA;shipped;parceiro_b
3f1cc79a-04d3-f321-471b-979bef6fe3e1;CUST_31054;PROD_0745;20;2373.02;47460.4;2023-06-07;pix;da Luz Paulista;RJ;pending;parceiro_a
bc12dabd-c267-4885-4a5a-cbee2d0128af;CUST_21684;PROD_1273;17;2960.6;50330.2;2023-06-13;credit_card;Sales;RJ;shipped;parceiro_a
d1f78311-4f29-c430-bb1a-c53ed1f87e37;CUST_28979;PROD_3508;10;3545.23;35452.3;2023-06-16;credit_card;Gomes das Pedras;GO;pending;parceiro_b
fd11fd3a-7a2d-9f9d-8729-e3551ef15726;CUST_42745;PROD_2284;12;3051.64;36619.68;2023-06-14;credit_card;Carvalho;RS;delivered;parceiro_c
0b712af2-9df3-7127-f1f7-96a033b5ea61;CUST_09701;PROD_0025;7;1586.83;11107.81;2023-06-28;boleto;Fernandes do Sul;SP;shipped;parceiro_b
8eee9fd8-d385-b3a2-3016-be9fec2f260e;CUST_22862;PROD_2103;20;4228.41;84568.2;2023-06-10;boleto;Lima;PR;delivered;parceiro_b
b9e2368a-c18c-8f4a-211c-c38389671046;CUST_47336;PROD_3572;9;47.61;428.49;2023-06-10;credit_card;Caldeira do Galho;SP;shipped;parceiro_b
dd969b0e-2d2d-6ad4-963c-5f65be42405f;CUST_39089;PROD_1510;4;3797.9;15191.6;2023-06-19;debit_card;Peixoto;PE;delivered;parceiro_a
c0d7e2d0-90aa-6ef7-fd4e-2ea68c366753;CUST_41054;PROD_2496;3;464.74;1394.22;2023-06-28;pix;Pastor de Marques;CE;shipped;parceiro_b
01f0b437-01a0-72f3-ec16-b4cf9edcd9e5;CUST_28470;PROD_0539;17;175.1;2976.7;2023-06-18;debit_card;Alves do Amparo;RS;delivered;parceiro_a
cea8309e-384b-c177-52fa-29474ca8b96d;CUST_44419;PROD_3952;16;661.31;10580.96;2023-06-20;credit_card;Rios dos Dourados;AM;delivered;parceiro_a
9fae1280-0b25-4a20-a7fc-fa41269a2033;CUST_06420;PROD_2215;5;1442.63;7213.15;2023-06-26;pix;Viana;RJ;shipped;parceiro_a
c0176473-008c-189b-e8e8-b3f334b8e77d;CUST_36586;PROD_1395;12;2018.86;24226.32;2023-06-19;pix;Melo;GO;delivered;parceiro_a
35ac7cef-c93e-70c0-64b8-e3981896968d;CUST_17247;PROD_2662;13;4410.49;57336.37;2023-06-21;boleto;da Cunha;SP;delivered;parceiro_a
5bb688ac-14da-4861-d584-26a0216e672a;CUST_41086;PROD_2840;4;599.2;2396.8;2023-06-20;credit_card;Martins;PE;cancelled;parceiro_b
4b28d262-81a9-912f-bfc4-86be438846f3;CUST_41680;PROD_3018;11;4031.36;44344.96;2023-06-22;boleto;Pereira do Amparo;MG;delivered;parceiro_c
26945154-bef3-7f23-4798-fd42d803a59b;CUST_23917;PROD_4724;11;4277.37;47051.07;2023-06-12;credit_card;Caldeira da Praia;PB;shipped;parceiro_b
0b251265-8ed1-ea50-9c29-f6167f8f30fa;CUST_48909;PROD_1321;5;3365.55;16827.75;2023-06-11;debit_card;Guerra de Araújo;SP;cancelled;parceiro_b
dff24afa-1644-13c4-948c-da58f58a9bcb;CUST_15981;PROD_2347;1;3822.19;3822.19;2023-06-22;credit_card;Fernandes das Pedras;SP;delivered;parceiro_b
b6a25bc7-b096-03fe-ec4d-09d2992fb553;CUST_19693;PROD_2149;3;3438.72;10316.16;2023-06-25;debit_card;Martins das Pedras;MG;delivered;parceiro_a
c779340e-1ff2-5364-17b2-ecfdb48e3e08;CUST_34243;PROD_4501;11;2570.28;28273.08;2023-06-02;boleto;Melo;PR;delivered;parceiro_a
0a647a2e-4cc7-5347-9876-90dca52b92b1;CUST_28687;PROD_1630;16;2784.54;44552.64;2023-06-22;debit_card;Cassiano;RS;delivered;parceiro_a
350c26cb-31c7-faa0-6893-c53b28b8c5a6;CUST_33378;PROD_1581;15;605.63;9084.45;2023-06-29;pix;Castro da Serra;RJ;pending;parceiro_a
a6dc6c94-0749-7bb9-6c00-91e9ec3d2a50;CUST_33109;PROD_3820;13;4666.05;60658.65;2023-06-26;boleto;da Cruz;SP;delivered;parceiro_a
519a15b8-4ea1-54a8-1f68-8691b555e974;CUST_32864;PROD_1066;2;2293.57;4587.14;2023-06-15;pix;Nogueira;GO;delivered;parceiro_c
e5d1d2bb-2e6c-feb9-c034-95794f3bc818;CUST_36707;PROD_0919;8;1216.22;9729.76;2023-06-07;boleto;da Rocha Grande;PA;pending;parceiro_b
c8b13e00-3e52-693e-a983-0c0da7c14c06;CUST_10982;PROD_4397;12;3769.05;45228.6;2023-06-19;credit_card;Garcia;MG;shipped;parceiro_a
4c8a1834-10aa-0b17-3d0c-b0d5dae63e8b;CUST_38414;PROD_2002;18;2401.77;43231.86;2023-06-24;debit_card;Fonseca;SC;delivered;parceiro_b
2c6be10b-d43b-4219-106c-76533664fe8a;CUST_22320;PROD_0858;14;1485.17;20792.38;2023-06-26;debit_card;Sá;GO;delivered;parceiro_b
7aa130d3-38e5-6092-d100-e092641140ac;CUST_23942;PROD_3489;14;2313.13;32383.82;2023-06-08;boleto;da Conceição;RS;delivered;parceiro_a
a75cfb56-ed42-ddde-ffdb-a90c7a6c404b;CUST_48109;PROD_3108;16;1760.7;28171.2;2023-06-19;pix;Pires;RJ;delivered;parceiro_c
959c71ee-f037-4c6c-cbd7-fb019b0700a6;CUST_40359;PROD_0493;5;1430.85;7154.25;2023-06-05;credit_card;Siqueira da Mata;SC;delivered;parceiro_b
c7957482-cf98-169b-720f-7b3b3e7904ee;CUST_28622;PROD_1378;7;2113.2;14792.4;2023-06-13;debit_card;Cavalcanti;MG;cancelled;parceiro_b
200b70bd-6b0e-6d6f-7720-fc53c4cd8672;CUST_27865;PROD_0408;17;1515.76;25767.92;2023-06-17;credit_card;Araújo;SP;shipped;parceiro_c
416331c1-5d8f-03c2-ea4d-4556dbc86b72;CUST_02437;PROD_0600;6;4057.1;24342.6;2023-06-19;debit_card;Silva do Sul;SP;delivered;parceiro_b
21a1f639-9981-b286-1a3d-823a5fbb5415;CUST_27976;PROD_1246;18;3577.03;64386.54;2023-06-18;debit_card;Azevedo de Moraes;PR;delivered;parceiro_a
b558a99c-d5d0-213b-7535-ae3448048552;CUST_43281;PROD_2684;11;3026.2;33288.2;2023-06-09;credit_card;Campos do Oeste;SP;shipped;parceiro_b
517a03cc-b296-90fc-1e68-fbf6afdcc5f7;CUST_45681;PROD_4658;19;4244.76;80650.44;2023-06-06;boleto;Borges do Sul;SP;delivered;parceiro_a
f87b4b64-0e2d-3668-665a-c7c87ab03332;CUST_22261;PROD_0515;14;4073.69;57031.66;2023-06-16;pix;Camargo do Norte;PE;pending;parceiro_c
d3d67a72-21b8-d65e-36a4-94895fc81431;CUST_33814;PROD_1743;15;1488.08;22321.2;2023-06-12;pix;Marques do Norte;PR;delivered;parceiro_c
b6fffb2f-9ded-58ec-4175-ed59f72d5676;CUST_23187;PROD_3021;11;2081.37;22895.07;2023-06-17;credit_card;Santos de da Rocha;SP;pending;parceiro_c
49e016d4-3b95-7a4a-ab33-6431556dfbc8;CUST_14004;PROD_2848;3;4490.3;13470.9;2023-06-17;credit_card;da Cruz;MG;cancelled;parceiro_b
0640d64f-a7b3-8edc-4b81-a23cc2b82d16;CUST_36017;PROD_1212;6;3712.3;22273.8;2023-06-03;pix;Dias;MG;delivered;parceiro_a
9a83950d-369a-2f22-7dcb-854b38cafe4f;CUST_26740;PROD_0325;15;3970.51;59557.65;2023-06-06;credit_card;da Conceição;RS;pending;parceiro_b
10eb0d6d-7295-9d35-b7fe-da92871f2469;CUST_03738;PROD_1653;1;2107.1;2107.1;2023-06-07;pix;Almeida da Mata;SP;delivered;parceiro_b
4fb816d1-b807-e0c1-a88c-525bc4b6cfc9;CUST_20530;PROD_0463;14;1216.83;17035.62;2023-06-09;pix;Fogaça Grande;PR;pending;parceiro_a
87fb7a3e-8930-9294-2d3f-7fd28bbccfbc;CUST_24818;PROD_0891;12;2832.34;33988.08;2023-06-01;credit_card;Aragão de Oliveira;CE;delivered;parceiro_a
b0673d60-a3e8-858d-ac8f-486a5a995e49;CUST_10131;PROD_0812;10;700.53;7005.3;2023-06-18;boleto;Viana;CE;delivered;parceiro_a
c53f1436-5d30-11f2-f51f-3dcdb3685265;CUST_11472;PROD_0551;7;1955.44;13688.08;2023-06-02;debit_card;Montenegro;MG;delivered;parceiro_b
5da68443-31c6-bd8e-d7bd-b98eaa22d0f5;CUST_40515;PROD_3862;11;2043.26;22475.86;2023-06-13;pix;Nunes do Oeste;MS;delivered;parceiro_c
b2a23267-00f6-378c-7e51-71da39f1a2a1;CUST_06205;PROD_4606;17;968.62;16466.54;2023-06-30;credit_card;da Paz;CE;delivered;parceiro_a
eb6cd0de-c3d7-ee03-9051-c115adb5f860;CUST_25642;PROD_3757;11;1767.09;19437.99;2023-06-29;pix;Costela de Vieira;CE;delivered;parceiro_c
9a5bb1b2-f3d4-ce5c-dba5-c96d61feb30b;CUST_24582;PROD_2141;20;1040.8;20816.0;2023-06-05;boleto;das Neves;BA;delivered;parceiro_a
98b3c044-0f0b-468b-2bef-059d7a9c9995;CUST_43889;PROD_0066;11;4564.35;50207.85;2023-06-22;credit_card;Moura;RS;delivered;parceiro_b
cf0c361b-5cef-dbae-01a5-7b52d646a0c8;CUST_46707;PROD_1966;19;3820.21;72583.99;2023-06-25;credit_card;da Luz do Norte;SP;delivered;parceiro_a
202dd3d6-19f8-70e0-0796-a6eff61cbb94;CUST_48707;PROD_4905;13;3863.31;50223.03;2023-06-07;pix;Costela;PA;shipped;parceiro_b
e9370b51-94d0-34af-83f0-80f510ff8654;CUST_44060;PROD_0725;14;3277.75;45888.5;2023-06-30;boleto;Pacheco;RS;delivered;parceiro_a
43cc7800-0139-145f-07f8-8d5436a3bdfb;CUST_40351;PROD_3115;12;3730.53;44766.36;2023-06-30;boleto;Vargas Verde;PB;delivered;parceiro_c
f2f9c2d4-3f6d-aab5-6231-075efbc91aab;CUST_41376;PROD_3217;10;503.91;5039.1;2023-06-10;pix;Aparecida;SP;cancelled;parceiro_b
824b67a7-5996-75a4-7339-c9fcafc03f53;CUST_40692;PROD_2293;10;4709.96;47099.6;2023-06-20;pix;Montenegro;SP;shipped;parceiro_a
c4608ddd-3cc9-f54c-7ad0-13fdd236ae94;CUST_13343;PROD_4087;8;4437.92;35503.36;2023-06-05;pix;Cunha;CE;shipped;parceiro_b
2e6c5440-1b3c-5754-141d-3784e0e71c16;CUST_14197;PROD_2722;17;1557.96;26485.32;2023-06-08;credit_card;Alves;AM;delivered;parceiro_c
dd9f998d-bb38-4d57-3ea1-ea8472fa83c3;CUST_01145;PROD_0655;4;549.65;2198.6;2023-06-20;debit_card;Marques;RS;delivered;parceiro_a
994adf99-76b3-e861-b5c9-08d243ae9e7f;CUST_34185;PROD_0047;15;3685.8;55287.0;2023-06-17;boleto;Pastor de Rocha;SP;delivered;parceiro_c
e2997a96-254a-d512-2595-e0733166c120;CUST_08804;PROD_0081;12;3166.8;38001.6;2023-06-26;debit_card;Nascimento do Sul;MG;delivered;parceiro_b
f227f890-b04c-d62c-c4c9-a5f5f009f517;CUST_23359;PROD_3343;5;4665.71;23328.55;2023-06-24;debit_card;Melo da Serra;GO;delivered;parceiro_b
296690f6-317b-cd01-5eac-4d386289944a;CUST_43197;PROD_3790;4;4046.28;16185.12;2023-06-26;debit_card;Lima da Praia;AM;delivered;parceiro_c
80c393e4-5b45-ba9e-e31b-480d9334fd12;CUST_31497;PROD_1524;13;4655.41;60520.33;2023-06-16;pix;Cassiano;SC;delivered;parceiro_a
9cf1b5dd-956c-dd34-74e7-831a10817a2d;CUST_12901;PROD_4273;7;3513.59;24595.13;2023-06-08;pix;Almeida;DF;shipped;parceiro_a
130784b3-8991-9808-f964-a4d3caff68b7;CUST_12545;PROD_2754;5;130.79;653.95;2023-06-30;boleto;Fonseca de Abreu;SP;delivered;parceiro_a
10c5a2bc-8997-58a8-60d8-2895ecbfe830;CUST_03612;PROD_1201;16;1062.26;16996.16;2023-06-12;pix;Machado;SC;delivered;parceiro_a
a9c47e7a-cdc5-9ed4-6f08-306b1b3ca228;CUST_03645;PROD_0140;19;368.48;7001.12;2023-06-28;credit_card;Fernandes Alegre;SC;shipped;parceiro_c
7a62299e-4951-2114-14f3-f197e810e92a;CUST_30937;PROD_2156;20;616.9;12338.0;2023-06-04;boleto;Rios;SP;delivered;parceiro_b
0f98765c-0f55-88f7-cbe6-90814f0e9fca;CUST_47276;PROD_0168;7;4996.36;34974.52;2023-06-09;credit_card;Montenegro;BA;delivered;parceiro_a
0a084043-96d7-a664-79c7-95d99b0ce45c;CUST_45508;PROD_2658;20;2952.27;59045.4;2023-06-28;boleto;Silva da Serra;SP;pending;parceiro_b
0d7e9dd8-7e68-4dac-0acf-166f308c25a7;CUST_20518;PROD_2251;15;1374.95;20624.25;2023-06-08;pix;Borges Verde;AM;cancelled;parceiro_b
9e4f0d50-8a65-55f3-5df9-c53a4852c411;CUST_32642;PROD_4774;11;3130.59;34436.49;2023-06-20;pix;Sá das Pedras;SP;delivered;parceiro_c
286da265-c77d-9858-e926-0ce5e5ee340a;CUST_48877;PROD_3696;12;3668.35;44020.2;2023-06-28;credit_card;Sales;PA;pending;parceiro_b
c4ab66a7-44fe-19a7-8bb6-77dab871472c;CUST_36461;PROD_2124;2;3724.92;7449.84;2023-06-01;credit_card;Martins;MG;pending;parceiro_c
28e1a056-af46-e31a-e533-a1a6e253f378;CUST_07756;PROD_4812;19;615.02;11685.38;2023-06-09;credit_card;Pereira;SP;delivered;parceiro_a
351e8bbd-90e7-e769-be56-92a3f46a8064;CUST_02913;PROD_0684;13;1591.73;20692.49;2023-06-24;boleto;Fernandes;RJ;delivered;parceiro_a
a39b7a5e-8efa-bb66-9774-422782989118;CUST_03412;PROD_2166;19;3016.6;57315.4;2023-06-27;pix;Pires;MG;cancelled;parceiro_a
cfb3c611-b85d-8ede-fe2c-54b78619f722;CUST_00475;PROD_1450;8;3414.15;27313.2;2023-06-23;credit_card;Rodrigues;RJ;delivered;parceiro_b
82918769-02cd-974c-98c1-2b7dd5dd5d2f;CUST_01877;PROD_3237;5;1701.92;8509.6;2023-06-19;pix;Castro de Goiás;BA;delivered;parceiro_a
4f25af32-daf8-44ab-e6e5-d1bc11dc8fdd;CUST_24865;PROD_0880;14;504.78;7066.92;2023-06-17;boleto;Gonçalves Grande;SP;delivered;parceiro_a
50ca8dd9-fe46-bb0a-2e4d-43a06c74b541;CUST_37767;PROD_0078;8;2421.86;19374.88;2023-06-19;credit_card;Novais do Norte;PR;delivered;parceiro_c
26d5edfb-644a-b4d4-a372-4d2b799526de;CUST_34495;PROD_2631;6;4246.86;25481.16;2023-06-17;pix;da Luz de Farias;ES;cancelled;parceiro_b
ef6f9c0e-92a0-fe5a-462a-7c63f42a0d9b;CUST_09230;PROD_0112;15;615.33;9229.95;2023-06-28;pix;Alves;SP;delivered;parceiro_a
1b133cda-51a7-0789-5685-dcdf560946c3;CUST_39278;PROD_3621;11;2534.29;27877.19;2023-06-17;pix;Pastor da Mata;PR;delivered;parceiro_a
b8f575a2-371a-ad95-16d9-b1f37e9852bd;CUST_09383;PROD_1828;14;2627.12;36779.68;2023-06-25;credit_card;Porto;BA;delivered;parceiro_c
34638a4d-3cd5-436d-227a-c23fd4f337b5;CUST_21293;PROD_2367;13;4826.77;62748.01;2023-06-19;pix;Moraes;DF;cancelled;parceiro_a
4b0940a0-4331-2b69-34fb-f74512cbd5ab;CUST_10547;PROD_3571;7;662.46;4637.22;2023-06-11;pix;Moura da Praia;PR;cancelled;parceiro_c
91a07d27-7c7e-014c-1307-5e27220e94ee;CUST_36675;PROD_1780;7;3639.07;25473.49;2023-06-04;credit_card;Montenegro;ES;delivered;parceiro_a
d72bcd5d-50aa-469d-4e55-af8789b0872b;CUST_41132;PROD_2469;8;2920.99;23367.92;2023-06-19;pix;Vargas;PR;delivered;parceiro_c
328fe8d2-5ec7-0015-5a20-37248e5e041b;CUST_28688;PROD_1451;13;4683.5;60885.5;2023-06-23;credit_card;Cavalcanti de Minas;BA;cancelled;parceiro_a
4d3e2560-22f6-c7af-d7f5-59787b89ee35;CUST_25980;PROD_4318;5;1561.79;7808.95;2023-06-09;pix;Sousa;SP;delivered;parceiro_a
7a8ca45e-d0e7-2af7-8daf-e1a717fb1dad;CUST_43783;PROD_3991;1;4292.06;4292.06;2023-06-16;pix;Borges;BA;pending;parceiro_a
47d5cdaf-7e3c-1c5d-7aae-a65be3b12ee1;CUST_08720;PROD_1325;11;1360.13;14961.43;2023-06-06;debit_card;Cassiano das Pedras;PA;delivered;parceiro_c
edaf73fa-5e7d-4f36-85be-129c352c5d2a;CUST_07195;PROD_1378;16;1215.06;19440.96;2023-06-24;debit_card;Novaes;RJ;delivered;parceiro_c
77f46436-080d-1241-c426-32dfb1cd218e;CUST_24416;PROD_2752;13;1705.87;22176.31;2023-06-23;boleto;Pires do Norte;PR;delivered;parceiro_b
23592182-b20e-ea25-4493-de28bfa79404;CUST_05707;PROD_1121;13;4084.19;53094.47;2023-06-22;debit_card;Vieira do Sul;PR;delivered;parceiro_c
971e5619-9333-152e-cbf5-b915060aedc9;CUST_24456;PROD_4176;8;4252.1;34016.8;2023-06-12;boleto;da Mota das Flores;SP;cancelled;parceiro_b
c37bac03-3b8b-f30b-50d7-c1ab8256f129;CUST_20024;PROD_2647;17;3828.35;65081.95;2023-06-22;credit_card;Siqueira de Goiás;BA;delivered;parceiro_b
6d38c9ed-66d2-6fdf-0653-af8d5d43856d;CUST_03575;PROD_1806;16;2601.7;41627.2;2023-06-18;pix;Moreira da Mata;MT;delivered;parceiro_a
37ec97f3-a257-e407-8ec0-9b5a8b571b47;CUST_10178;PROD_0827;10;892.7;8927.0;2023-06-08;credit_card;Cavalcanti de Pereira;MA;cancelled;parceiro_b
cdded0e1-35c7-d8b4-c50d-26011433403f;CUST_44577;PROD_4623;1;753.21;753.21;2023-06-26;debit_card;Leão das Pedras;BA;delivered;parceiro_b
58207099-75aa-099d-5731-0be0e2ed954a;CUST_25743;PROD_2774;12;2829.42;33953.04;2023-06-30;credit_card;Pinto;AM;delivered;parceiro_c
4952263d-0089-f434-317a-85f6910698e7;CUST_33628;PROD_4152;1;2907.61;2907.61;2023-06-18;debit_card;da Conceição;SP;delivered;parceiro_a
b37ffa8a-edfd-df21-6b2f-c76fd799e235;CUST_49426;PROD_3170;16;4569.4;73110.4;2023-06-05;credit_card;Albuquerque da Prata;GO;delivered;parceiro_a
86b17948-3aa7-ad6f-1b8b-46510aa5de9a;CUST_22617;PROD_3418;10;2179.47;21794.7;2023-06-16;boleto;Vasconcelos de Moreira;RJ;delivered;parceiro_b
4819dcc9-6664-40ef-7711-3a4271682853;CUST_33647;PROD_4442;6;4460.99;26765.94;2023-06-04;debit_card;Barbosa da Serra;BA;delivered;parceiro_b
81a05880-9335-08b0-3de4-491c96366947;CUST_13117;PROD_1782;9;4389.28;39503.52;2023-06-23;credit_card;Barros;SP;delivered;parceiro_b
beaaf731-7615-ee22-ba3d-8c04c1b934b6;CUST_34899;PROD_2720;14;1796.79;25155.06;2023-06-30;credit_card;Lopes;AL;delivered;parceiro_c
8acce8e0-a33b-6487-85da-760f15ed6955;CUST_09973;PROD_3054;18;2494.0;44892.0;2023-06-11;credit_card;Souza Verde;PR;delivered;parceiro_c
2e2d8579-1612-d720-1c5e-e9a099e041cb;CUST_13777;PROD_4113;2;4685.3;9370.6;2023-06-21;pix;Rodrigues de Novaes;BA;delivered;parceiro_a
87bd1655-f415-df2f-316f-53d65a85d115;CUST_16954;PROD_1516;12;4855.58;58266.96;2023-06-15;credit_card;Alves das Flores;BA;delivered;parceiro_b
057c1de6-83bb-3ce6-1918-0beef9147445;CUST_01397;PROD_0052;16;1090.43;17446.88;2023-06-01;credit_card;Costela de Minas;MG;shipped;parceiro_a
0e7cfedc-0091-138f-59ad-3c516c69cdd5;CUST_02103;PROD_0104;12;2326.38;27916.56;2023-06-03;pix;Correia;SC;delivered;parceiro_a
f9341662-6862-b66c-3eda-54c44317dca2;CUST_13413;PROD_4511;7;4221.67;29551.69;2023-06-20;credit_card;Abreu;SP;shipped;parceiro_c
2b271548-d61c-b66c-787c-d3941d8f9885;CUST_49666;PROD_0149;2;1383.71;2767.42;2023-06-18;pix;Pastor da Mata;SE;cancelled;parceiro_a
f9d0530b-a0e4-521e-88b7-90009c7be5d1;CUST_47013;PROD_0441;8;433.12;3464.96;2023-06-14;debit_card;da Mota;RJ;pending;parceiro_c
d693684d-7e20-b2de-e85d-21b10d0bbabc;CUST_12481;PROD_0186;18;1136.77;20461.86;2023-06-30;debit_card;Costela;BA;delivered;parceiro_a
726ff1d0-d4c5-14aa-7939-2b3535646250;CUST_13637;PROD_2538;7;2169.6;15187.2;2023-06-17;pix;Nogueira dos Dourados;RJ;delivered;parceiro_a
e622f1c6-c267-276c-7ca0-5da0e05f2dd8;CUST_30780;PROD_2465;14;2177.34;30482.76;2023-06-20;pix;Lopes;PE;delivered;parceiro_b
6d3b0304-45e3-3abb-8154-8960d7980b40;CUST_21494;PROD_1282;11;2727.09;29997.99;2023-06-24;credit_card;Pimenta;MG;delivered;parceiro_b
2fff97c5-b902-43d8-7ce9-98401d556812;CUST_12317;PROD_0066;4;351.5;1406.0;2023-06-26;debit_card;Dias de Minas;SP;cancelled;parceiro_b
730bffb9-15ae-232a-f2f8-734c0fedb261;CUST_08467;PROD_2643;7;168.03;1176.21;2023-06-06;credit_card;Garcia da Mata;ES;delivered;parceiro_a
0d5488d6-8d3f-8c01-12cc-9d215d739091;CUST_15142;PROD_3658;10;3847.07;38470.7;2023-06-02;debit_card;Lopes de da Cruz;SP;cancelled;parceiro_b
a60ee3cd-c2e9-c9fe-b834-58bb3bfe93ac;CUST_39813;PROD_4587;7;3981.34;27869.38;2023-06-23;debit_card;Gonçalves;ES;pending;parceiro_a
8edf9a13-2388-ab91-7543-76f4ad567422;CUST_44659;PROD_1555;3;4938.06;14814.18;2023-06-23;credit_card;Rios do Sul;SP;delivered;parceiro_a
415d8469-09ae-8d9c-05b2-055c0737822d;CUST_22338;PROD_1247;13;1439.01;18707.13;2023-06-18;pix;Vasconcelos de Vasconcelos;SP;delivered;parceiro_a
8e113af7-42e9-bb9d-6675-7d6446dab0e7;CUST_21546;PROD_1316;15;4356.45;65346.75;2023-06-13;debit_card;Macedo;MS;delivered;parceiro_b
e8ea64d5-5584-04e0-c7f9-337d50b771cb;CUST_19774;PROD_4607;10;3252.6;32526.0;2023-06-18;credit_card;Nogueira do Oeste;PE;delivered;parceiro_a
24814f59-870e-116e-8e78-ca099bf062a7;CUST_37897;PROD_4554;2;2187.67;4375.34;2023-06-24;debit_card;da Mota Grande;BA;shipped;parceiro_a
b95ddce3-df93-0de7-fdb1-4fb9570a0690;CUST_28722;PROD_2294;2;3061.68;6123.36;2023-06-27;credit_card;Camargo;MA;delivered;parceiro_a
3c5ad7ff-2aad-e2cb-0c91-4de16f608881;CUST_04614;PROD_2073;13;4689.08;60958.04;2023-06-25;credit_card;Mendes;RJ;cancelled;parceiro_c
f1cede56-90d5-e346-2adc-da2afa17b62f;CUST_14280;PROD_2517;7;2655.06;18585.42;2023-06-03;debit_card;Siqueira do Galho;MG;shipped;parceiro_c
45d8b90b-4c0f-75b6-feb0-8d48011d5b27;CUST_09523;PROD_0024;1;2443.66;2443.66;2023-06-26;credit_card;Albuquerque das Flores;GO;delivered;parceiro_b
69df2857-ae95-28c0-89f9-15c88c60edab;CUST_32258;PROD_3531;10;689.83;6898.3;2023-06-23;debit_card;Fogaça de Camargo;ES;delivered;parceiro_b
0f9eb982-5bc2-a2e2-db62-bd9de8d5eeb7;CUST_42571;PROD_4909;2;19.14;38.28;2023-06-09;credit_card;Santos das Pedras;PE;delivered;parceiro_a
f1f11cfb-e9e4-e98f-75fe-cd76d1b40f1c;CUST_35913;PROD_4863;14;2436.0;34104.0;2023-06-28;credit_card;Lima do Campo;PR;shipped;parceiro_a
e5035fad-f8f6-7e82-afcf-34885315abf5;CUST_39767;PROD_2988;14;1549.14;21687.96;2023-06-08;boleto;Ramos;RJ;delivered;parceiro_b
e82ad224-6b8d-4f8f-f078-c2f96c025d98;CUST_43414;PROD_0102;19;2157.99;41001.81;2023-06-13;boleto;Dias Grande;RS;delivered;parceiro_c
f483ee31-ed38-5822-840b-3c4f7bbd3189;CUST_16048;PROD_3000;10;3468.37;34683.7;2023-06-06;boleto;Leão dos Dourados;MA;shipped;parceiro_c
feba327f-1657-ac7f-bb0c-6d852e735110;CUST_20990;PROD_2511;18;1271.44;22885.92;2023-06-20;boleto;Monteiro do Galho;SP;delivered;parceiro_c
d39421fd-cf49-c5d6-7781-c92730ae8987;CUST_24159;PROD_4358;1;3253.78;3253.78;2023-06-09;credit_card;Ribeiro;MG;cancelled;parceiro_a
7f37d667-1fe0-5153-a3f0-9a4c05bb3e00;CUST_14064;PROD_4943;2;100.57;201.14;2023-06-25;pix;Fonseca das Flores;PE;delivered;parceiro_b
81cb2e17-1b88-b77d-d8c0-e4ed5b185146;CUST_48260;PROD_4804;7;4881.76;34172.32;2023-06-06;credit_card;Araújo de Minas;MG;delivered;parceiro_a
04bc585c-d54d-46ab-f43d-f2251e316962;CUST_44927;PROD_3064;10;4044.7;40447.0;2023-06-06;debit_card;Correia de Almeida;RN;cancelled;parceiro_c
c49dfef7-6ad1-5a3b-c95c-f7b147cd37d2;CUST_18753;PROD_0581;5;2396.36;11981.8;2023-06-29;credit_card;Abreu de Mendes;SP;shipped;parceiro_a
6ac32d2e-f9db-3ba4-509c-5090fe567cb2;CUST_13912;PROD_2233;2;3782.53;7565.06;2023-06-28;boleto;Cavalcante do Sul;BA;cancelled;parceiro_a
b15c507c-655b-2a43-e807-7416afe6dcb7;CUST_44078;PROD_0609;5;214.62;1073.1;2023-06-03;boleto;Teixeira das Pedras;PR;shipped;parceiro_a
6dce39d1-3991-d771-a2e6-f5f32bd04d7c;CUST_21502;PROD_0711;20;2405.09;48101.8;2023-06-24;credit_card;Oliveira;SC;cancelled;parceiro_a
b040aaab-5e0f-64bd-9342-293ecc78ba14;CUST_40449;PROD_1156;12;2557.04;30684.48;2023-06-06;boleto;Castro;PR;pending;parceiro_a
9743627c-b1fc-7b39-1116-ff239937e230;CUST_39341;PROD_3224;3;2955.46;8866.38;2023-06-12;credit_card;Oliveira da Serra;SC;delivered;parceiro_c
36a45428-8fd4-451e-e3b9-d7b6d97137c3;CUST_35623;PROD_1078;17;3076.7;52303.9;2023-06-16;credit_card;das Neves;PI;shipped;parceiro_a
56d40f95-e413-6059-4483-dbe35bbe45fb;CUST_24309;PROD_3195;4;3416.4;13665.6;2023-06-25;debit_card;Lima;SC;shipped;parceiro_a
8f83eb56-24dc-0052-1eeb-2a341f961138;CUST_27188;PROD_4052;1;387.38;387.38;2023-06-07;pix;Costela do Amparo;SP;delivered;parceiro_a
e08c6b31-d474-136c-c9e9-a88e8d0162ea;CUST_42391;PROD_3915;6;1603.16;9618.96;2023-06-12;credit_card;Fonseca;MG;pending;parceiro_a
9d1b5147-dd39-b0bb-9545-19c3deb733af;CUST_25328;PROD_4930;8;2700.23;21601.84;2023-06-03;debit_card;Porto da Prata;PE;delivered;parceiro_b
b41c838f-69e8-a25b-a96b-cb05963a65b8;CUST_22326;PROD_3306;10;2325.57;23255.7;2023-06-18;credit_card;Farias;MT;delivered;parceiro_c
dbe5ab58-a2db-a7cf-779b-163016b6bb39;CUST_27144;PROD_4464;16;2171.47;34743.52;2023-06-09;credit_card;Melo;GO;shipped;parceiro_a
e2cfaa52-03d2-5862-ba5b-3640493970a4;CUST_12991;PROD_1733;9;3054.62;27491.58;2023-06-09;debit_card;Sousa de Moura;CE;pending;parceiro_c
660a3678-1f33-7502-fd62-a28e1cb72c1d;CUST_12112;PROD_1206;4;3665.74;14662.96;2023-06-09;credit_card;Andrade;RJ;delivered;parceiro_c
502743f4-1d67-dc72-5bc3-523a70b96f9a;CUST_00179;PROD_1053;11;3136.25;34498.75;2023-06-08;boleto;Cassiano Paulista;AP;delivered;parceiro_a
c5ec48c8-8c2e-4543-6144-a2f132721389;CUST_08541;PROD_3621;19;1677.21;31866.99;2023-06-23;pix;Carvalho;MG;pending;parceiro_a
95c6624b-0a24-4c17-e342-16d8734c7eec;CUST_19060;PROD_1468;10;626.74;6267.4;2023-06-01;boleto;Silveira de Goiás;AC;delivered;parceiro_a
abccdc72-fdf2-5b06-43cf-5bc123a14c8f;CUST_02642;PROD_4962;20;4211.69;84233.8;2023-06-07;pix;da Cruz;BA;delivered;parceiro_c
a880ef59-85f6-6b69-4546-8887f119930b;CUST_43662;PROD_3306;10;1094.69;10946.9;2023-06-15;credit_card;Pereira;BA;delivered;parceiro_b
86b76026-d9c6-c151-e1db-870490cf5a4f;CUST_42357;PROD_0886;2;1638.42;3276.84;2023-06-29;debit_card;Azevedo Grande;RS;pending;parceiro_a
7eaeae99-6797-c596-c819-72d33be115eb;CUST_02555;PROD_2277;18;3531.29;63563.22;2023-06-27;pix;Melo Alegre;RJ;shipped;parceiro_c
0018a66a-0bff-a67f-2433-95853e021231;CUST_23576;PROD_2936;9;2316.17;20845.53;2023-06-25;debit_card;Rocha da Prata;PR;shipped;parceiro_a
d5a5bfb9-6c8e-7964-ecd4-fa31743ec394;CUST_11191;PROD_2643;10;3188.87;31888.7;2023-06-04;credit_card;da Conceição Paulista;PA;pending;parceiro_a
ec238501-2631-8b46-95ca-9ac30728fbaf;CUST_19290;PROD_2869;10;1629.37;16293.7;2023-06-07;pix;Porto Grande;MG;delivered;parceiro_b
a411dbeb-2ea6-4983-04a2-9658f24e3273;CUST_02196;PROD_0982;14;3211.98;44967.72;2023-06-18;debit_card;Pastor;SP;cancelled;parceiro_a
67f3c648-8606-0457-b1da-9e48e2ae13cd;CUST_31505;PROD_0258;2;129.08;258.16;2023-06-14;debit_card;Sales do Amparo;RS;shipped;parceiro_a
9b95b6d3-b2b1-8b02-23a3-a57ca4edf79e;CUST_21061;PROD_4307;18;1148.98;20681.64;2023-06-14;credit_card;Peixoto das Pedras;RJ;cancelled;parceiro_b
58ca36d0-b637-1ac9-db5d-8079db123174;CUST_06268;PROD_4803;13;2091.18;27185.34;2023-06-14;pix;Nunes da Mata;RJ;cancelled;parceiro_b
d94d0b64-cce0-62d8-fd93-44d99b5eedf2;CUST_39722;PROD_0179;16;4478.21;71651.36;2023-06-29;pix;Moura Grande;RJ;cancelled;parceiro_b
2f647cfd-7e85-cd9e-1fb3-f31d9b54236b;CUST_01181;PROD_0581;20;4260.45;85209.0;2023-06-19;debit_card;Pereira do Galho;SC;delivered;parceiro_a
d39e94b4-4881-dc84-3c91-b823f4091e33;CUST_00297;PROD_0970;15;199.21;2988.15;2023-06-21;boleto;Pinto;SP;delivered;parceiro_a
699a2c27-9ef8-64d0-e143-65a2622c0fb4;CUST_27545;PROD_2058;3;2161.77;6485.31;2023-06-20;credit_card;Rezende dos Dourados;MT;pending;parceiro_b
64ef38e6-d864-378c-a329-257d108f90de;CUST_10373;PROD_4894;17;3796.61;64542.37;2023-06-29;boleto;Monteiro do Galho;RJ;delivered;parceiro_b
88349ba0-b303-2df1-34b7-ff5c681e51da;CUST_43896;PROD_1792;20;1222.21;24444.2;2023-06-17;credit_card;Silveira;DF;cancelled;parceiro_a
834a14ad-8124-220c-cc60-25274f385a35;CUST_48982;PROD_1856;2;3088.01;6176.02;2023-06-27;credit_card;Dias do Oeste;CE;delivered;parceiro_a
fe17bcfd-dc61-ea3e-afb6-f40cafd0627f;CUST_17544;PROD_1191;11;3187.93;35067.23;2023-06-14;debit_card;Ribeiro;RJ;shipped;parceiro_b
3b96c201-7a62-724b-f18b-2fee7afe23a9;CUST_49621;PROD_0253;11;1064.52;11709.72;2023-06-14;pix;da Mota das Flores;RJ;shipped;parceiro_c
19846e6a-47d4-07e0-6400-a9edaa7712e5;CUST_23845;PROD_3138;5;2725.0;13625.0;2023-06-15;pix;Siqueira;MA;delivered;parceiro_c
10332773-c52d-97bd-3fee-86d0086500b8;CUST_24524;PROD_2892;14;343.08;4803.12;2023-06-14;credit_card;Oliveira;SC;delivered;parceiro_a
b9198e2c-27c8-6e34-27c7-3f0fb36576cd;CUST_34941;PROD_4046;17;4171.9;70922.3;2023-06-03;credit_card;da Costa;SC;delivered;parceiro_c
1d0e2ff4-7b74-8345-3d70-3ca4ce28b3de;CUST_35784;PROD_0915;19;1894.84;36001.96;2023-06-10;credit_card;Albuquerque dos Dourados;RS;delivered;parceiro_a
b464feba-1bcd-63a3-d431-17b62ba2ca6c;CUST_04803;PROD_0586;4;4176.46;16705.84;2023-06-06;pix;Barros;TO;pending;parceiro_c
be30553f-97c0-a33a-8dc5-2400eaf344d1;CUST_38038;PROD_2626;6;2475.35;14852.1;2023-06-16;debit_card;Santos;MS;delivered;parceiro_b
3eec8add-9d98-612d-c7ae-9d82caefc9fc;CUST_20825;PROD_4777;7;1172.92;8210.44;2023-06-16;boleto;Moraes do Sul;RS;delivered;parceiro_b
a4879f6a-d200-8191-8ad5-8cdc004187f6;CUST_10024;PROD_4542;8;3742.38;29939.04;2023-06-10;pix;Mendes;PE;delivered;parceiro_a
ea21984b-d65f-ed61-6526-3006dcefa4c4;CUST_09741;PROD_4127;11;2772.29;30495.19;2023-06-09;credit_card;da Luz das Pedras;RJ;delivered;parceiro_c
18f073c7-ec15-9dd6-0450-acb9dcb206ed;CUST_04059;PROD_4192;9;2778.15;25003.35;2023-06-08;credit_card;Fogaça;SP;cancelled;parceiro_a
596c6b25-bdbe-1c67-ff16-8be65a804f7a;CUST_27449;PROD_4396;10;4766.79;47667.9;2023-06-04;credit_card;Cassiano;PE;pending;parceiro_a
fc1b9e13-924a-9e3a-5884-74d2fbdc37a0;CUST_01730;PROD_1008;11;2043.43;22477.73;2023-06-29;pix;Farias;RS;delivered;parceiro_c
dc4258da-0229-585f-abc0-3526964a3da2;CUST_15632;PROD_2747;20;952.91;19058.2;2023-06-14;boleto;Cavalcante da Praia;MG;pending;parceiro_b
89626dc2-5e3c-795e-8252-5a8d5932d439;CUST_26153;PROD_4609;15;2835.96;42539.4;2023-06-27;credit_card;Marques;DF;delivered;parceiro_b
4971319d-21a9-bd63-8648-71ed666ea5b2;CUST_11618;PROD_2561;11;404.53;4449.83;2023-06-19;credit_card;Pimenta dos Dourados;SP;delivered;parceiro_c
992fc26b-310f-1708-9aa2-f2b631f5bee1;CUST_47253;PROD_0882;17;3950.98;67166.66;2023-06-29;pix;Rodrigues;MG;delivered;parceiro_a
918de130-d025-a7e5-5b44-1feaaba90e1f;CUST_49607;PROD_4238;6;4474.66;26847.96;2023-06-20;debit_card;Aragão de Cavalcante;PR;delivered;parceiro_a
905ca3c6-57cc-1cb7-744f-b3c239e156c8;CUST_34306;PROD_2252;20;3642.98;72859.6;2023-06-27;boleto;Barros;SP;delivered;parceiro_b
a1379d09-a0d9-65e0-6752-ab212e3d1452;CUST_47346;PROD_1377;5;3499.03;17495.15;2023-06-05;boleto;Camargo das Pedras;MG;delivered;parceiro_a
0e43f934-a476-4a6c-4faf-bad8b75ba3f5;CUST_42127;PROD_4092;3;640.89;1922.67;2023-06-03;credit_card;Melo Grande;GO;delivered;parceiro_b
04ebb9ee-b6de-e847-87dc-dab51eaf3c18;CUST_29585;PROD_3607;3;875.65;2626.95;2023-06-08;credit_card;Carvalho de Cunha;ES;shipped;parceiro_b
44fa7aeb-7a7c-1387-0b7e-e5354e3ee297;CUST_41405;PROD_0107;16;2090.96;33455.36;2023-06-05;credit_card;Albuquerque;PR;shipped;parceiro_b
081de3f4-4975-7502-f923-9dad6a45f99a;CUST_08378;PROD_4355;2;2225.6;4451.2;2023-06-19;pix;Rodrigues;GO;delivered;parceiro_c
97f37841-1918-6c2e-6055-8c005e50115a;CUST_37059;PROD_2553;4;2830.07;11320.28;2023-06-10;pix;Viana;SP;delivered;parceiro_b
8aabc7bd-f9dc-cffc-1a39-0c584d07b670;CUST_03481;PROD_0157;13;3620.02;47060.26;2023-06-23;credit_card;Carvalho do Norte;RJ;delivered;parceiro_a
5e558811-f334-5946-160d-232809a8651d;CUST_21047;PROD_1353;16;3034.47;48551.52;2023-06-09;pix;Lima;DF;delivered;parceiro_c
7b3f2b88-b4e6-72c8-a5ac-2383ba1a68de;CUST_37422;PROD_0493;19;3911.99;74327.81;2023-06-05;boleto;Duarte das Pedras;SE;cancelled;parceiro_c
787b3956-37e7-823a-d562-2210dfe344de;CUST_03273;PROD_1081;16;2721.41;43542.56;2023-06-26;pix;Pacheco;PR;delivered;parceiro_c
4e54a427-0570-0afc-1398-06bfaff7cf29;CUST_30129;PROD_1208;19;836.63;15895.97;2023-06-16;pix;Albuquerque;PE;shipped;parceiro_c
95636271-9379-658b-7895-924561df394b;CUST_34755;PROD_2228;12;2337.22;28046.64;2023-06-11;credit_card;Melo;DF;cancelled;parceiro_a
e6944929-263a-02a4-129a-514586eabcc1;CUST_30450;PROD_2779;7;1185.97;8301.79;2023-06-01;credit_card;Costela das Pedras;SP;delivered;parceiro_c
b5b2b7e7-e273-5368-4198-a52249ebc1ac;CUST_37882;PROD_4345;17;2423.3;41196.1;2023-06-29;debit_card;Andrade de Pires;RJ;delivered;parceiro_a
1f464f98-615e-caea-9793-95cf89142ad4;CUST_48397;PROD_0755;11;3366.6;37032.6;2023-06-05;pix;Azevedo Alegre;DF;delivered;parceiro_a
2f784a4a-3e78-b5fe-30a4-95bcbb595ec5;CUST_13314;PROD_0222;7;1158.99;8112.93;2023-06-15;pix;Melo de Nascimento;SP;pending;parceiro_c
d1e24afe-c17a-75c6-e10b-fb37d816ea68;CUST_46516;PROD_3302;6;4097.47;24584.82;2023-06-20;boleto;Sales;MG;delivered;parceiro_a
274b3a11-c00d-68ae-b5d4-ab75d2418421;CUST_38059;PROD_1029;11;3173.73;34911.03;2023-06-29;pix;Cardoso;SP;shipped;parceiro_b
ad65940f-7522-f69f-4859-63eaa9a8a3d6;CUST_30647;PROD_1091;5;2790.63;13953.15;2023-06-16;pix;Pinto;RS;pending;parceiro_b
7760d158-a687-7767-f6e4-5fbf50ffdf8f;CUST_45518;PROD_4164;20;420.28;8405.6;2023-06-01;credit_card;Alves do Sul;SC;delivered;parceiro_c
d9515f06-c33c-7342-9ffc-6352e5c27ba1;CUST_25870;PROD_0318;14;4705.5;65877.0;2023-06-16;boleto;Campos;DF;delivered;parceiro_b
4db4dda6-dbd3-28ff-9f3e-59740460b0be;CUST_24146;PROD_1880;19;4385.08;83316.52;2023-06-04;credit_card;da Cruz das Flores;PR;delivered;parceiro_b
ffacd33c-ce14-6f1c-abe9-eb03d7cda4af;CUST_04197;PROD_2499;2;4340.18;8680.36;2023-06-13;boleto;Sales Verde;PB;shipped;parceiro_b
88b75a55-fa29-dc0d-5bed-af7e5495afc5;CUST_01498;PROD_2337;8;878.71;7029.68;2023-06-05;credit_card;Casa Grande do Amparo;SP;shipped;parceiro_b
36f2596e-2351-f32c-e66d-c3e8dd7ab97c;CUST_46006;PROD_4041;2;1280.61;2561.22;2023-06-21;credit_card;Andrade;RS;delivered;parceiro_a
c882f228-baf5-3936-0643-4591f1d19e61;CUST_09430;PROD_3289;5;2629.89;13149.45;2023-06-02;credit_card;Teixeira;SP;shipped;parceiro_b
ea6e14a4-c753-f119-7dd1-98a58bdc8822;CUST_41650;PROD_3442;9;1644.87;14803.83;2023-06-09;debit_card;Almeida de Peixoto;PB;delivered;parceiro_a
7765a703-d1de-8765-1121-df8cc139c319;CUST_09573;PROD_4746;20;4938.89;98777.8;2023-06-06;boleto;Sampaio;RJ;delivered;parceiro_c
6cfe5bee-e576-4a51-284b-bf3e5ab3bbc9;CUST_40255;PROD_2809;15;1118.39;16775.85;2023-06-27;debit_card;Rezende;PR;delivered;parceiro_c
66cc7ced-6e0f-2d1c-9adf-42cef6d7eb88;CUST_42232;PROD_4923;7;4876.06;34132.42;2023-06-28;pix;Correia de Minas;DF;delivered;parceiro_b
e303ed44-9da9-e851-3150-974d6f6d372b;CUST_47045;PROD_0381;10;3576.46;35764.6;2023-06-08;credit_card;Mendonça da Mata;SP;delivered;parceiro_c
08644f07-eee0-12b4-624b-7128ced2fcee;CUST_14793;PROD_2173;11;1362.61;14988.71;2023-06-27;boleto;Pinto do Oeste;RS;delivered;parceiro_c
e872579a-bb71-25ab-d280-299c30aa4005;CUST_02828;PROD_4558;11;699.61;7695.71;2023-06-23;debit_card;Gonçalves da Serra;BA;delivered;parceiro_b
b030f085-a22c-dfa1-712e-094039831839;CUST_17467;PROD_2527;2;4577.12;9154.24;2023-06-01;credit_card;Pimenta;MG;pending;parceiro_b
8bba46b2-6b19-0caf-3419-7e11533e6350;CUST_21325;PROD_4482;18;2365.94;42586.92;2023-06-26;credit_card;Pacheco;RO;delivered;parceiro_b
10b33721-5b2e-1148-972c-2f2338a70053;CUST_43692;PROD_1183;8;3770.69;30165.52;2023-06-02;credit_card;Rodrigues das Flores;BA;delivered;parceiro_a
d8113263-994e-4d2d-f416-97de5b73554e;CUST_28567;PROD_4811;10;311.41;3114.1;2023-06-10;credit_card;Silva de Minas;SP;shipped;parceiro_a
226efeaf-248d-1344-51b1-bc9277480c05;CUST_04159;PROD_2858;15;3398.66;50979.9;2023-06-18;pix;Mendonça;RS;delivered;parceiro_c
b5f0540b-af49-58d7-5a17-66405ae63981;CUST_38514;PROD_4117;6;1776.58;10659.48;2023-06-01;debit_card;Nunes;CE;delivered;parceiro_a
0d049d3b-d498-6487-9f84-3006e96a2065;CUST_38494;PROD_3129;1;4098.51;4098.51;2023-06-09;debit_card;Siqueira Alegre;SP;delivered;parceiro_c
e186d940-b1dc-0bc6-0c44-0df5a33863ab;CUST_20653;PROD_1473;7;4081.71;28571.97;2023-06-04;boleto;Porto das Flores;GO;delivered;parceiro_b
b52a65d8-2162-0d3f-5375-e7ca6b920307;CUST_15217;PROD_1558;18;2853.56;51364.08;2023-06-02;boleto;Nunes da Praia;MG;shipped;parceiro_c
5c98777e-aa55-f7c0-3e1d-30a1cf090bb3;CUST_30778;PROD_2601;12;4968.81;59625.72;2023-06-13;pix;Fernandes;SP;delivered;parceiro_c
1fd2dffd-4c93-17fd-48fb-713445103c13;CUST_26255;PROD_1260;13;1529.37;19881.81;2023-06-16;pix;Nogueira do Campo;RS;shipped;parceiro_a
20fe4f22-2e05-48dc-9f07-7c53507a9eb7;CUST_00031;PROD_0951;2;717.9;1435.8;2023-06-21;pix;Ferreira de Goiás;GO;delivered;parceiro_a
6301a3a9-c883-ade0-e74b-6331591f8c70;CUST_17929;PROD_2538;10;225.12;2251.2;2023-06-18;debit_card;Rios;MG;delivered;parceiro_c
d5d03588-c738-eb28-5192-b61ad49901b2;CUST_23348;PROD_1634;2;672.17;1344.34;2023-06-29;pix;Monteiro de Monteiro;MS;delivered;parceiro_b
562c3341-ce32-a1f6-9a7d-214588e03358;CUST_28372;PROD_1416;11;4627.41;50901.51;2023-06-08;boleto;da Rocha;RJ;delivered;parceiro_a
0dcb21e0-376d-8951-d9cc-de95f6ed9df9;CUST_17490;PROD_4600;18;1757.26;31630.68;2023-06-26;debit_card;Souza Grande;SC;delivered;parceiro_a
3931ccb9-6606-1498-3fbb-d1c442feeabb;CUST_34893;PROD_3084;5;736.8;3684.0;2023-06-30;debit_card;Lopes Alegre;BA;shipped;parceiro_a
13665615-97ac-bcd9-78fe-5250c8e4f327;CUST_36866;PROD_0942;15;2479.18;37187.7;2023-06-23;debit_card;Gonçalves de Rios;CE;delivered;parceiro_b
f2291824-8926-8b81-8c6a-47d91aa03cb6;CUST_22326;PROD_0755;3;2474.29;7422.87;2023-06-01;credit_card;Almeida;RJ;delivered;parceiro_c
8eccc9c7-f172-8371-1e60-99e49e8edc93;CUST_42553;PROD_2524;15;2221.75;33326.25;2023-06-07;credit_card;Caldeira Paulista;BA;delivered;parceiro_c
0575bbb5-e5f4-018f-707e-d0029b469f2b;CUST_34967;PROD_4890;18;1727.78;31100.04;2023-06-13;pix;Leão de Aragão;PE;delivered;parceiro_c
f7ecf581-1735-6acd-709c-15ba28b18399;CUST_40264;PROD_2286;3;434.22;1302.66;2023-06-15;pix;Rios;CE;delivered;parceiro_b
309c1ddc-316b-f095-950e-a781a6b22459;CUST_37922;PROD_0289;12;4028.48;48341.76;2023-06-22;boleto;Cavalcanti do Galho;PB;pending;parceiro_b
8142a1fe-b15d-7b8d-f383-898ce54f3dc7;CUST_39510;PROD_0042;4;1942.06;7768.24;2023-06-07;credit_card;Rios do Galho;SP;delivered;parceiro_a
789a8b69-421f-7883-7278-ae0049ca78a7;CUST_12246;PROD_2794;19;3502.2;66541.8;2023-06-19;debit_card;Vargas;SC;delivered;parceiro_b
e4af4ad1-658e-de98-df8c-d8631122af19;CUST_28470;PROD_3732;12;1355.77;16269.24;2023-06-17;credit_card;Ferreira de Viana;SP;delivered;parceiro_a
7b3b9d04-7790-5b67-e409-cf90ae025981;CUST_27432;PROD_4903;8;3288.18;26305.44;2023-06-09;credit_card;Abreu da Mata;SP;shipped;parceiro_a
3699a091-cee0-1890-899b-9de99ce0cdd8;CUST_19390;PROD_4721;1;2955.3;2955.3;2023-06-26;boleto;Vieira de Goiás;RN;pending;parceiro_b
1157c061-3db3-cdb5-bce4-30677e7630c4;CUST_47677;PROD_1922;7;4203.3;29423.1;2023-06-02;boleto;Sá de Campos;PR;delivered;parceiro_a
ac6c9b5b-779c-ef8e-09a9-1d237ea0187f;CUST_28687;PROD_3625;3;3149.4;9448.2;2023-06-28;debit_card;Pires Verde;SP;delivered;parceiro_c
0c82c530-2de1-5479-fc52-2390d5acde98;CUST_39619;PROD_3015;5;54.71;273.55;2023-06-20;debit_card;Aragão;RJ;delivered;parceiro_a
f9ddd37c-0d3e-6e2b-c796-c7656458c941;CUST_16024;PROD_4617;3;513.5;1540.5;2023-06-13;credit_card;Nascimento;PI;shipped;parceiro_b
29434a23-f212-a225-1a73-a52100cef752;CUST_43699;PROD_2639;9;498.53;4486.77;2023-06-14;pix;da Paz de Fonseca;RJ;pending;parceiro_b
b50cf307-c0b5-295b-7f9c-d225b5773d08;CUST_36637;PROD_3917;2;4542.61;9085.22;2023-06-21;boleto;da Cruz de Garcia;SP;delivered;parceiro_c
5692af56-df8f-2787-f61d-f5447d499f78;CUST_10776;PROD_2868;3;460.33;1380.99;2023-06-07;pix;Nunes;RJ;delivered;parceiro_b
fcf53c7e-cb77-e9f0-18ed-1ebc43fa1053;CUST_07989;PROD_1062;14;4721.97;66107.58;2023-06-23;credit_card;Correia de Minas;PR;cancelled;parceiro_b
7852309c-42e3-5e71-beac-a884326636b7;CUST_20252;PROD_3900;1;1033.24;1033.24;2023-06-08;boleto;Moraes;SP;delivered;parceiro_a
fe31d169-bfb5-cb4e-5aca-fd4076c5b90f;CUST_01264;PROD_1647;11;2048.95;22538.45;2023-06-21;pix;Borges;RJ;shipped;parceiro_b
568299e0-59e3-7c86-1ae1-2ec8ddb831b9;CUST_19496;PROD_0677;20;2548.63;50972.6;2023-06-06;pix;Moura;AL;shipped;parceiro_c
84336b7a-858f-4262-94b4-b43d452b0ecc;CUST_42654;PROD_1159;19;2173.2;41290.8;2023-06-04;pix;Porto;RJ;delivered;parceiro_a
ed5be3c5-8335-a559-0244-ee0f019c99e1;CUST_21695;PROD_2792;3;4716.89;14150.67;2023-06-02;boleto;Moraes de Goiás;RJ;cancelled;parceiro_c
253f0c51-3d20-da8d-6b20-40a2cf51eb26;CUST_49691;PROD_3326;2;4034.88;8069.76;2023-06-27;credit_card;Sousa;SP;cancelled;parceiro_a
bb3de8f3-ab7d-eb3b-bc53-b5f24310fef2;CUST_25602;PROD_1574;11;355.1;3906.1;2023-06-20;debit_card;Ramos;SC;delivered;parceiro_b
d59ae3ba-3301-ee99-2cb0-0bc3c2351bdc;CUST_48389;PROD_0116;15;991.35;14870.25;2023-06-29;pix;Pires;PA;cancelled;parceiro_a
414608b0-caca-f405-71e6-982832b9e8b3;CUST_38465;PROD_0675;2;1220.95;2441.9;2023-06-09;boleto;Costa do Amparo;PR;pending;parceiro_a
5eb789e4-0bf4-280a-cebf-4a9433726cff;CUST_05827;PROD_2838;16;2637.49;42199.84;2023-06-22;debit_card;Leão da Serra;PR;delivered;parceiro_c
73eea3b9-c13c-020d-781d-e173a4427bb3;CUST_08321;PROD_0995;18;1098.35;19770.3;2023-06-23;debit_card;Pereira;PR;shipped;parceiro_c
26780564-0ac6-6696-1a5f-6b5080706700;CUST_48775;PROD_2972;3;4541.98;13625.94;2023-06-12;boleto;Correia de Vieira;GO;delivered;parceiro_a
23c31b9b-04e2-4d9f-e471-dbe40ca89db9;CUST_14243;PROD_4582;20;1009.84;20196.8;2023-06-30;debit_card;Cavalcanti de Pastor;SP;delivered;parceiro_a
46efda39-4681-8553-8b43-4515526a6c50;CUST_12109;PROD_1854;13;1498.46;19479.98;2023-06-07;credit_card;Caldeira dos Dourados;DF;delivered;parceiro_b
81706715-1296-2e2e-1561-e9783aa6a77d;CUST_20958;PROD_2774;10;2958.39;29583.9;2023-06-16;pix;Montenegro de Siqueira;SP;shipped;parceiro_c
c42644df-b1a1-728d-2909-e6944c704f3d;CUST_02138;PROD_4287;12;1043.88;12526.56;2023-06-19;credit_card;das Neves;SP;delivered;parceiro_b
de1055a9-f84f-ae3f-215d-eea4a5cf3d6b;CUST_49922;PROD_0923;10;3617.34;36173.4;2023-06-09;pix;Jesus do Norte;MG;delivered;parceiro_b
247b063b-1fea-0013-82aa-a41337a158ef;CUST_41618;PROD_2592;7;3120.21;21841.47;2023-06-21;credit_card;Pinto Paulista;RS;delivered;parceiro_b
ef73ecbc-bb77-63f9-dffa-e5cda16a202c;CUST_33948;PROD_1229;6;4184.85;25109.1;2023-06-11;credit_card;Caldeira do Sul;RJ;delivered;parceiro_a
984bc957-9e68-1cfa-618f-3698f03fdad2;CUST_22593;PROD_0295;3;2484.93;7454.79;2023-06-30;pix;Costa;SP;delivered;parceiro_c
881b2bf9-32c5-a133-28cd-9e2a8c0abebb;CUST_22494;PROD_1824;6;4359.61;26157.66;2023-06-11;credit_card;Vargas;PR;shipped;parceiro_a
3c0225b6-2065-c185-3f39-0cbca55788da;CUST_41467;PROD_0448;17;2572.57;43733.69;2023-06-21;pix;Câmara;MG;delivered;parceiro_a
86775105-e9b4-a914-da0c-39b8728d5df5;CUST_17992;PROD_1820;20;26.23;524.6;2023-06-24;pix;Gonçalves da Prata;SP;delivered;parceiro_b
ceba90b0-3fb0-3566-ab0e-2fbdec7e993e;CUST_28893;PROD_2827;13;1334.23;17344.99;2023-06-16;debit_card;Ribeiro;SP;delivered;parceiro_c
1eec1252-ea39-c43a-e550-70a974826258;CUST_18663;PROD_0634;20;3976.83;79536.6;2023-06-30;debit_card;Santos;MA;cancelled;parceiro_c
f7b21188-9c59-787b-7f5d-1ed3b1a558e0;CUST_05104;PROD_1386;7;4845.7;33919.9;2023-06-30;credit_card;Cavalcante;RS;delivered;parceiro_b
fb828efd-fdfe-6c9d-6e69-5b35f7cb86c9;CUST_28546;PROD_3409;11;342.33;3765.63;2023-06-02;pix;Farias;MA;delivered;parceiro_b
accda8a4-2fdb-1bc8-d2a2-02d2197f4c6d;CUST_37839;PROD_1220;11;1488.88;16377.68;2023-06-02;debit_card;Dias Verde;PR;shipped;parceiro_a
382f4625-6649-ee17-2d12-6f7049d6caf5;CUST_03099;PROD_0886;3;1609.73;4829.19;2023-06-07;credit_card;Castro da Praia;BA;delivered;parceiro_b
36764731-5109-a8fd-d217-696763aeb0fc;CUST_18392;PROD_3460;19;1348.21;25615.99;2023-06-14;boleto;Azevedo;SC;delivered;parceiro_c
725e685a-02b4-e72d-f8ea-9b2990ca26ca;CUST_03608;PROD_3016;17;213.01;3621.17;2023-06-02;pix;Mendonça;RO;delivered;parceiro_a
2751014a-8d40-74a7-2c66-e34a6afb1fb5;CUST_40046;PROD_0275;4;4100.18;16400.72;2023-06-01;debit_card;Abreu;PA;delivered;parceiro_a
789faedd-7912-9cf3-d9b0-09850af120cf;CUST_32054;PROD_0177;10;3076.09;30760.9;2023-06-23;boleto;Pinto;PR;delivered;parceiro_a
106a611c-057b-d116-7fe0-fc12b2234a86;CUST_21790;PROD_2768;2;1164.1;2328.2;2023-06-11;debit_card;Cardoso Verde;BA;delivered;parceiro_b
d05abee6-47e3-f26d-6eb4-ecb5864463e3;CUST_39577;PROD_3105;17;1323.04;22491.68;2023-06-17;boleto;da Mota de Goiás;PR;delivered;parceiro_c
9c4eed68-da20-e5fc-c140-eb7018af5780;CUST_18011;PROD_1952;20;2982.85;59657.0;2023-06-17;credit_card;Barbosa da Mata;SP;shipped;parceiro_a
761fac49-c8b0-d06f-3897-0be9f9e857a6;CUST_24958;PROD_4189;16;2748.97;43983.52;2023-06-03;pix;Aragão das Flores;PE;delivered;parceiro_a
3ab45203-1cb9-7b07-85b1-5ca2b5b9c5c3;CUST_26190;PROD_1078;19;2940.61;55871.59;2023-06-13;debit_card;Correia Grande;RS;pending;parceiro_b
e7255cfb-3e27-97c9-b4e7-5f5506f709ee;CUST_43326;PROD_0014;17;3132.57;53253.69;2023-06-10;boleto;da Rosa;BA;delivered;parceiro_a
afab31c0-5c1b-bdef-afac-47391ac3ea76;CUST_49034;PROD_1250;16;306.52;4904.32;2023-06-02;credit_card;Peixoto Paulista;MG;delivered;parceiro_b
f802deab-2ca9-7cf6-f2e3-30e15b0c3212;CUST_30264;PROD_0404;11;3560.38;39164.18;2023-06-23;pix;Freitas;PB;shipped;parceiro_a
9e62a13c-e03c-c3d6-f7c4-087d91dfb668;CUST_13119;PROD_4069;6;1846.55;11079.3;2023-06-19;debit_card;Silva;MG;delivered;parceiro_b
48bf0822-f753-bbfa-58f5-e0781dbb753b;CUST_16584;PROD_4691;3;1367.83;4103.49;2023-06-24;debit_card;Ribeiro da Praia;SP;shipped;parceiro_b
df777f0b-7106-4645-8db0-a5c1915f919c;CUST_01284;PROD_3297;5;2600.73;13003.65;2023-06-03;pix;da Cunha Paulista;PE;delivered;parceiro_a
57726586-8f67-786f-b476-2a14e1bd9c1d;CUST_40214;PROD_4826;3;3378.08;10134.24;2023-06-26;credit_card;Costela;RJ;delivered;parceiro_b
22abb639-b0eb-441a-d892-c72cb518e9e6;CUST_06223;PROD_4246;9;453.27;4079.43;2023-06-01;pix;da Conceição;MG;delivered;parceiro_a
38235b1d-a9ca-b2ba-1733-c1ebf483524e;CUST_13014;PROD_4370;12;823.96;9887.52;2023-06-24;boleto;da Cunha;SP;delivered;parceiro_a
799f4929-548d-9f5a-f1fe-067cacaff4e2;CUST_38703;PROD_2048;12;1628.62;19543.44;2023-06-21;debit_card;Mendonça das Pedras;RJ;pending;parceiro_a
c9e42926-c5e6-bbd0-81c8-785b57c1d756;CUST_32200;PROD_1101;20;17.75;355.0;2023-06-27;credit_card;Ribeiro das Pedras;AM;delivered;parceiro_b
4ccbea7e-1323-24c4-56bb-f190b148d300;CUST_08943;PROD_1621;12;1595.49;19145.88;2023-06-20;pix;Cardoso;MG;delivered;parceiro_a
91ff763d-3be2-e2d4-8a1c-3bac16d7b1ac;CUST_38770;PROD_4780;7;274.97;1924.79;2023-06-02;pix;da Luz;CE;cancelled;parceiro_c
42d70d7a-43c1-b024-cc84-12af43ef8c97;CUST_20253;PROD_2567;5;4028.2;20141.0;2023-06-26;boleto;Leão de Goiás;SP;delivered;parceiro_b
73e0a1ee-b02b-2b2d-0a7c-e25e6612db6d;CUST_24473;PROD_0028;15;3645.49;54682.35;2023-06-14;debit_card;Rodrigues;SP;pending;parceiro_a
fd9c4902-0a2f-5ef2-231e-4eda69370b3e;CUST_03808;PROD_4620;6;539.39;3236.34;2023-06-15;pix;da Mata;RS;delivered;parceiro_a
b0ac850e-15de-55b6-a34b-9d570b928ffd;CUST_34172;PROD_0371;13;1198.0;15574.0;2023-06-29;pix;Cardoso;MG;delivered;parceiro_a
c6eee3e5-fbf0-3da9-9d05-bbbc04a12bfa;CUST_08574;PROD_1838;1;2106.19;2106.19;2023-06-25;credit_card;das Neves do Oeste;PB;delivered;parceiro_a
9de0ba59-42b9-91c8-97cf-e23e170e07b5;CUST_49952;PROD_3918;20;258.29;5165.8;2023-06-12;debit_card;Borges da Praia;RS;shipped;parceiro_a
9456cef0-7f8c-14a2-96f1-72e4f3084cc1;CUST_42301;PROD_3118;11;436.4;4800.4;2023-06-01;debit_card;Moreira da Praia;BA;delivered;parceiro_a
f1f1221e-ae52-d5c7-a15d-6bdfbf359903;CUST_22264;PROD_2594;19;3523.33;66943.27;2023-06-12;pix;da Luz;PE;delivered;parceiro_a
a9dd96ee-a343-657e-27bc-e935dd4c126e;CUST_47824;PROD_1982;5;3087.5;15437.5;2023-06-04;credit_card;Barros da Serra;BA;delivered;parceiro_c
c5ae77f3-1be5-637f-3807-f22b6f0e3163;CUST_05066;PROD_1342;19;616.35;11710.65;2023-06-14;debit_card;Farias;SP;pending;parceiro_c
0e6b9892-9450-ca68-0565-78b75ec82140;CUST_37534;PROD_1502;11;3732.61;41058.71;2023-06-07;boleto;Cavalcanti;PE;delivered;parceiro_a
d810e02f-e604-6614-d335-13cca0bfd8ba;CUST_40347;PROD_0357;2;2399.94;4799.88;2023-06-19;pix;Brito dos Dourados;RS;pending;parceiro_c
ea164ebe-bb0d-e602-9865-f54f02923337;CUST_17903;PROD_0058;18;1202.48;21644.64;2023-06-30;debit_card;Lopes de Minas;MG;shipped;parceiro_a
e353661c-18a8-df82-34b9-3e272252e01b;CUST_38263;PROD_3035;13;1354.65;17610.45;2023-06-08;pix;Fogaça;DF;pending;parceiro_c
2c53362d-77fd-9137-55c6-5d2d29ff9914;CUST_11695;PROD_0219;8;3866.25;30930.0;2023-06-12;pix;Costa da Prata;PA;cancelled;parceiro_a
760a1bac-1625-2024-12ec-5b931c609859;CUST_48221;PROD_0187;12;4406.21;52874.52;2023-06-16;debit_card;Sampaio;SP;delivered;parceiro_c
56643819-afc1-723b-030f-9b4a126c301d;CUST_41629;PROD_2841;20;280.53;5610.6;2023-06-13;debit_card;da Mota do Galho;PB;delivered;parceiro_a
ed489f0b-4d09-587a-ca18-83d432ce3c35;CUST_18278;PROD_0982;6;1150.23;6901.38;2023-06-07;debit_card;Almeida;MG;cancelled;parceiro_a
1a83e5c7-ea03-da46-8aa9-8de183087e5c;CUST_01639;PROD_3222;8;4711.74;37693.92;2023-06-18;credit_card;Vasconcelos;AM;shipped;parceiro_c
61a3b8ce-8a83-fb16-c30c-5364da8f6be6;CUST_11653;PROD_1641;10;2903.59;29035.9;2023-06-29;credit_card;Fogaça do Oeste;SC;delivered;parceiro_a
27fad0d6-adea-1a10-217a-bea7824bd2e1;CUST_31170;PROD_3113;1;1337.36;1337.36;2023-06-03;credit_card;Silveira de Aparecida;SP;delivered;parceiro_c
658fae29-1d9e-aaf0-8735-eec016d319c7;CUST_24028;PROD_4387;20;2040.48;40809.6;2023-06-01;debit_card;Sampaio;SP;shipped;parceiro_b
3ffe63dc-334d-d5c5-e147-bb3c46858247;CUST_23731;PROD_4677;4;2852.6;11410.4;2023-06-27;pix;Oliveira;SP;delivered;parceiro_c
50474f92-afa6-fd3e-7f22-04cedeba6ea6;CUST_25805;PROD_0295;19;2174.04;41306.76;2023-06-15;credit_card;da Cruz;MT;delivered;parceiro_a
aa13a786-2731-3e0f-6dcd-8aa01d17e8fc;CUST_08718;PROD_4913;12;802.83;9633.96;2023-06-29;credit_card;Moura de das Neves;SP;delivered;parceiro_a
aeb67584-7e73-1bbf-c38b-617595f24546;CUST_22749;PROD_4996;19;1515.21;28788.99;2023-06-25;credit_card;Oliveira Alegre;RJ;delivered;parceiro_b
938e73c8-d4e0-8a77-2e3f-485e1243dd4d;CUST_01355;PROD_0958;12;1881.04;22572.48;2023-06-02;credit_card;Mendonça;RS;pending;parceiro_a
3eccf800-0810-f793-b195-1a978e09070f;CUST_37612;PROD_2867;17;3482.92;59209.64;2023-06-16;boleto;Montenegro;SP;delivered;parceiro_b
d946b079-183e-8b00-1772-37e023667be4;CUST_08977;PROD_2162;12;1310.39;15724.68;2023-06-28;pix;da Mata;SP;shipped;parceiro_c
38eaa009-ff37-b14f-5eda-55a9f28e30fa;CUST_43333;PROD_3260;3;4242.19;12726.57;2023-06-15;pix;Ramos da Prata;SP;shipped;parceiro_c
d93bb88c-36d4-06f0-f9a6-983f80c10b16;CUST_21824;PROD_1738;20;2194.13;43882.6;2023-06-28;pix;Almeida de Correia;SP;delivered;parceiro_a
92f25941-bc1a-d565-e1ed-fd9af217dedb;CUST_31745;PROD_3533;5;4310.1;21550.5;2023-06-09;pix;Pereira dos Dourados;CE;delivered;parceiro_a
cb30fe15-50dc-0604-e890-e383c76b24bb;CUST_45977;PROD_1652;9;2782.11;25038.99;2023-06-07;credit_card;Câmara de das Neves;PE;delivered;parceiro_c
99824a1e-9d29-35c4-a3a1-d941538ef734;CUST_48887;PROD_3618;6;2913.35;17480.1;2023-06-03;pix;Moura da Prata;MG;delivered;parceiro_c
00d05f83-fbe9-2f61-5dc1-f240ce2ed566;CUST_22447;PROD_2769;1;4208.23;4208.23;2023-06-09;credit_card;Sousa do Campo;PE;delivered;parceiro_a
b1cb96db-9e44-d36d-df99-bbc6b774b09a;CUST_48552;PROD_2767;11;3271.88;35990.68;2023-06-12;debit_card;Pires do Amparo;MG;delivered;parceiro_a
19a93690-ddb7-7160-63a1-fdf61a311205;CUST_04980;PROD_0495;9;737.36;6636.24;2023-06-23;pix;Barros do Oeste;SP;delivered;parceiro_a
f7d07497-1c00-8cf3-d243-009e60eafd30;CUST_23626;PROD_0072;9;4638.19;41743.71;2023-06-04;credit_card;Correia de Guerra;MG;delivered;parceiro_a
0cb2de80-fa8a-d69e-ae8f-9799a1f6534f;CUST_05266;PROD_0392;12;4877.27;58527.24;2023-06-06;pix;Silva;DF;delivered;parceiro_a
aea9d751-b626-7e61-fa92-cf87f7cf8f19;CUST_13029;PROD_0187;11;710.58;7816.38;2023-06-04;pix;Aragão;PE;delivered;parceiro_a
8e10dbda-26b6-d05a-ded7-1effc6ac3cf5;CUST_37588;PROD_2893;5;86.9;434.5;2023-06-08;pix;Correia de Carvalho;MA;cancelled;parceiro_b
33a382f7-d2e1-a745-5bcd-d2f365d92604;CUST_12828;PROD_2144;5;803.08;4015.4;2023-06-14;boleto;Albuquerque de da Rocha;MG;shipped;parceiro_b
af6e77dc-f409-4ab6-aaca-a72a112df169;CUST_01762;PROD_0089;13;4580.15;59541.95;2023-06-27;credit_card;Azevedo do Amparo;MG;delivered;parceiro_c
408be3f7-0b58-8fcf-6e42-5286f824ca38;CUST_40113;PROD_4455;3;1145.75;3437.25;2023-06-18;credit_card;Fernandes;PB;delivered;parceiro_b
d6283d6c-1628-51ff-d01a-12beee531997;CUST_01879;PROD_2747;20;2365.65;47313.0;2023-06-06;boleto;Pastor de da Costa;MG;delivered;parceiro_a
d68b0a23-7dde-2643-d943-8a6b6d63ecab;CUST_00647;PROD_3381;15;2132.44;31986.6;2023-06-07;boleto;Sampaio;RS;delivered;parceiro_c
0922ba7b-a40f-4ba5-2353-7eaca7bf7963;CUST_46200;PROD_3050;20;3201.83;64036.6;2023-06-01;credit_card;Pinto de Santos;MG;delivered;parceiro_a
086f6378-3792-8416-92e5-68cc443b9280;CUST_07081;PROD_4407;13;4620.97;60072.61;2023-06-23;pix;Sá do Campo;MG;cancelled;parceiro_b
8dd8bb73-dbcd-3587-4742-dce8ef1e8373;CUST_33389;PROD_4467;1;1647.99;1647.99;2023-06-24;pix;Rodrigues;MG;shipped;parceiro_c
8a62ce29-32f4-f294-1df5-d10fb20759c6;CUST_00420;PROD_1682;16;3102.01;49632.16;2023-06-15;boleto;Alves;BA;delivered;parceiro_b
e3dbb062-9519-cf84-a30e-ce316d1df69c;CUST_00028;PROD_3408;3;1432.62;4297.86;2023-06-20;debit_card;Silva;PE;delivered;parceiro_b
31dc38d5-302f-0aa3-f053-526732c1cd03;CUST_29223;PROD_0988;10;2846.7;28467.0;2023-06-05;credit_card;Pimenta Paulista;RJ;delivered;parceiro_b
3ffe6b2e-afef-ed98-0aad-d01dc49e1f25;CUST_47029;PROD_4826;12;2843.73;34124.76;2023-06-09;debit_card;Aparecida;RJ;delivered;parceiro_a
7d370aa0-8b55-0a67-bab6-55e1836e85e3;CUST_40668;PROD_3415;12;470.44;5645.28;2023-06-07;pix;Ribeiro Grande;RR;shipped;parceiro_c
f7176d49-e028-a50f-f6bf-a5be1c3c693d;CUST_11553;PROD_0212;12;3324.95;39899.4;2023-06-20;credit_card;Vasconcelos;PR;cancelled;parceiro_a
94003545-61e6-e8c5-204a-295e50c6d081;CUST_11174;PROD_4060;12;3070.92;36851.04;2023-06-03;debit_card;Campos de Montenegro;RS;delivered;parceiro_b
5db68d9c-579f-3e00-69b9-302b7e72a418;CUST_12401;PROD_0374;20;1595.68;31913.6;2023-06-26;credit_card;Moraes das Flores;SP;shipped;parceiro_a
77cc6cd1-58ab-5b20-ef9c-12fa54599ffa;CUST_46917;PROD_4959;6;3105.67;18634.02;2023-06-19;pix;Vieira;SP;shipped;parceiro_a
b5b74580-e57a-df56-d74e-396957a5f092;CUST_33102;PROD_0737;13;1640.76;21329.88;2023-06-08;pix;Pereira;DF;delivered;parceiro_b
13795964-bfdf-5912-9707-933d8b59b3f7;CUST_20757;PROD_1987;15;4548.46;68226.9;2023-06-17;debit_card;da Luz das Pedras;RS;shipped;parceiro_b
e9e98dca-4e67-3dbb-de4a-aec933d06ded;CUST_19544;PROD_3956;11;1555.33;17108.63;2023-06-23;debit_card;Dias do Norte;SE;pending;parceiro_a
6c59e6f1-9ed0-5b58-fc8e-3b6617f97291;CUST_40497;PROD_2209;18;838.61;15094.98;2023-06-10;boleto;Rezende de Caldeira;SP;shipped;parceiro_a
97826fc8-0127-b249-38e9-ed0599a6bf6f;CUST_30085;PROD_0613;16;933.02;14928.32;2023-06-12;credit_card;Marques;PR;delivered;parceiro_b
5e9a7095-e57b-a1b2-54c1-4e731751db25;CUST_11109;PROD_2443;12;1168.26;14019.12;2023-06-18;boleto;Costa;RS;delivered;parceiro_a
128447fe-096c-887f-1361-ae48225d96c3;CUST_09526;PROD_0164;19;2879.47;54709.93;2023-06-01;credit_card;Martins do Sul;SP;shipped;parceiro_a
e1d97cd5-4450-4816-333d-5483a1103079;CUST_44870;PROD_1579;5;4326.46;21632.3;2023-06-02;debit_card;Lima;SP;delivered;parceiro_c
412307d1-bf0c-8f4b-eada-0d7fafda3051;CUST_47005;PROD_2195;5;3979.17;19895.85;2023-06-26;boleto;Rocha;PR;shipped;parceiro_b
64ab7695-13ed-67b4-662c-89d85832db7a;CUST_10531;PROD_1241;16;1406.19;22499.04;2023-06-22;credit_card;Sousa;SP;delivered;parceiro_b
b3611fa6-225f-2838-5ee4-9321b101ce8f;CUST_14026;PROD_4434;8;723.32;5786.56;2023-06-15;pix;Moraes;SP;delivered;parceiro_a
5e1ebcdd-c297-92f6-173f-5bf0e57f1ccc;CUST_44049;PROD_0749;11;215.83;2374.13;2023-06-13;pix;Dias do Oeste;DF;cancelled;parceiro_c
7cf97191-060e-94ab-1fe9-7070ada63e7c;CUST_38419;PROD_2506;15;365.64;5484.6;2023-06-05;pix;Souza;RJ;shipped;parceiro_a
dfeecccb-2c69-28c5-b792-47c22edbf0f7;CUST_23249;PROD_0541;1;1711.45;1711.45;2023-06-18;debit_card;Albuquerque;MS;delivered;parceiro_b
8b081b88-ef58-028d-3958-ab0c5f11b834;CUST_08145;PROD_1193;19;3080.69;58533.11;2023-06-07;credit_card;Monteiro;RJ;delivered;parceiro_a
445c5234-8f51-2f3b-468a-d6147ef46d93;CUST_07499;PROD_2747;6;2765.44;16592.64;2023-06-28;credit_card;das Neves da Prata;MG;shipped;parceiro_c
91c53f18-5f30-bc83-8a0f-a84d1a64fac6;CUST_36237;PROD_1108;2;4603.82;9207.64;2023-06-30;debit_card;Montenegro de Goiás;SP;delivered;parceiro_a
41c4e75e-d6a7-3127-b82f-6cae75b77d0e;CUST_37597;PROD_4529;16;4236.46;67783.36;2023-06-14;debit_card;da Rosa;RS;delivered;parceiro_a
9ab3c0bf-c7ca-599a-fe1e-0289b807d160;CUST_46498;PROD_1662;19;3545.78;67369.82;2023-06-17;debit_card;Garcia;BA;pending;parceiro_c
9919b5ff-b36f-ef15-6302-9e79c5e68134;CUST_10907;PROD_0786;2;3290.99;6581.98;2023-06-30;debit_card;Teixeira;MG;delivered;parceiro_b
cce7c6eb-12cb-844e-d867-17b6d71bd5cb;CUST_02096;PROD_1609;9;2022.26;18200.34;2023-06-10;credit_card;Pastor;SP;delivered;parceiro_a
b6f98225-f342-8924-be5b-be4492fbe28b;CUST_05671;PROD_3008;14;3690.4;51665.6;2023-06-21;debit_card;Campos da Mata;SP;shipped;parceiro_c
92a4c027-bcf7-0041-0034-10a73fec8362;CUST_18544;PROD_3379;3;2148.08;6444.24;2023-06-11;debit_card;Alves de Rocha;SC;delivered;parceiro_c
e2baf3ca-ca67-5b42-987e-6fcaf16dbb82;CUST_22456;PROD_0277;16;3846.79;61548.64;2023-06-10;credit_card;Rocha da Prata;MG;delivered;parceiro_a
29d1b866-ad70-74fa-9012-cc4df5973eb3;CUST_39291;PROD_2609;4;827.7;3310.8;2023-06-12;pix;Rios de Abreu;BA;delivered;parceiro_c
31ad1a97-38ff-667a-6f61-d2ec4384cd84;CUST_19886;PROD_0130;12;4172.83;50073.96;2023-06-27;pix;Farias da Praia;SP;delivered;parceiro_c
8b00bc37-0925-d948-0f3c-adc725472a93;CUST_19547;PROD_3393;1;4885.69;4885.69;2023-06-02;pix;Cirino da Mata;SP;delivered;parceiro_c
a68adeef-017b-57da-0053-d59d249f0b23;CUST_06593;PROD_3189;19;1955.13;37147.47;2023-06-16;pix;Novaes;MG;shipped;parceiro_c
1fe6c426-fd01-5559-0282-7f2920d58518;CUST_04422;PROD_0542;4;3889.33;15557.32;2023-06-11;debit_card;Sampaio de Goiás;PE;delivered;parceiro_b
bcd3ea98-8c98-79ea-d2df-3b70eae96f9c;CUST_28663;PROD_3686;8;88.01;704.08;2023-06-16;pix;Teixeira;MG;delivered;parceiro_b
c7e73096-965c-2e84-7363-cb9bbf1ac400;CUST_21642;PROD_1376;20;1686.77;33735.4;2023-06-26;pix;Guerra Alegre;PI;shipped;parceiro_c
4c814da6-42a1-7200-624e-02254463f594;CUST_05022;PROD_3993;13;1906.86;24789.18;2023-06-29;debit_card;Montenegro;PA;delivered;parceiro_b
5e253912-cc3f-1bce-84cd-af8e8aa95944;CUST_31428;PROD_2600;14;766.84;10735.76;2023-06-29;boleto;Andrade;SP;cancelled;parceiro_b
54495b62-0cd9-9044-519e-11c8f2fab052;CUST_24099;PROD_4453;8;1596.27;12770.16;2023-06-23;credit_card;Marques de Fonseca;GO;delivered;parceiro_b
6e995b89-507f-d45f-3b78-55835a0d1857;CUST_45477;PROD_1628;6;3339.92;20039.52;2023-06-27;credit_card;Andrade;BA;delivered;parceiro_a
28752b9a-e028-11a2-2e3c-510ece18d964;CUST_29180;PROD_4079;5;564.67;2823.35;2023-06-24;credit_card;Guerra;PE;shipped;parceiro_a
9a43ef9a-1d36-6640-446b-327f8ca0ad25;CUST_43483;PROD_4861;14;1984.36;27781.04;2023-06-27;debit_card;Rios do Sul;MG;delivered;parceiro_b
5c4ac76c-7da8-4573-704f-f8e4b92f2e46;CUST_19523;PROD_0312;17;2654.55;45127.35;2023-06-10;debit_card;Vasconcelos;RS;delivered;parceiro_b
f9b20929-37a1-c003-8dc3-2763553e231c;CUST_40733;PROD_3157;19;3286.51;62443.69;2023-06-10;pix;Duarte do Oeste;PR;delivered;parceiro_a
985b8691-c831-b695-f6f0-3707e63680c1;CUST_33081;PROD_3361;12;488.67;5864.04;2023-06-23;boleto;Araújo de Pinto;SP;delivered;parceiro_c
26800e0e-4403-aa3f-6527-0ef7dab259d6;CUST_44136;PROD_4131;5;4472.48;22362.4;2023-06-28;credit_card;Carvalho;MG;pending;parceiro_a
a71ac957-0e72-052a-7229-a0d2adac62ea;CUST_21414;PROD_1838;20;4694.39;93887.8;2023-06-10;credit_card;Monteiro;RJ;delivered;parceiro_c
b6409be2-f5ae-b951-f358-a7746f9997c9;CUST_27116;PROD_1539;17;4551.18;77370.06;2023-06-07;pix;Farias;SP;delivered;parceiro_b
cfeec915-bf8b-96b3-2360-60da94edfd2f;CUST_14737;PROD_0242;15;3674.03;55110.45;2023-06-02;debit_card;da Costa da Prata;CE;delivered;parceiro_a
e44bf5e8-2ca8-3770-6e88-e4e794d32cad;CUST_32365;PROD_1361;17;4800.92;81615.64;2023-06-25;boleto;Farias de Novais;MG;delivered;parceiro_b
359458e1-1d29-2242-0425-e261956d8292;CUST_25043;PROD_0462;12;3697.52;44370.24;2023-06-26;credit_card;Pacheco;GO;shipped;parceiro_c
15d3ec12-ce9b-aaaf-4a04-d03ee083641e;CUST_09098;PROD_1995;18;3800.0;68400.0;2023-06-19;credit_card;Sales;RS;delivered;parceiro_a
d0b8138a-1966-acf5-3859-56eb7d10c646;CUST_34895;PROD_3579;17;3502.81;59547.77;2023-06-29;pix;Souza;SP;delivered;parceiro_a
e4da06bc-11eb-04e7-eed5-eabb8f752fd9;CUST_00927;PROD_2085;6;3577.53;21465.18;2023-06-04;pix;Gomes de Minas;PI;delivered;parceiro_b
08987968-5e6c-4417-a02c-62c41bbecae5;CUST_16251;PROD_1186;3;992.21;2976.63;2023-06-17;debit_card;Farias do Amparo;BA;cancelled;parceiro_a
b2ec6836-2778-fa37-929c-f27d4df482ab;CUST_43897;PROD_3115;7;752.58;5268.06;2023-06-22;credit_card;da Rocha;SP;delivered;parceiro_b
d753acad-799f-b425-55a0-772c72520d72;CUST_22125;PROD_1613;2;2004.78;4009.56;2023-06-01;boleto;Aragão das Pedras;SP;delivered;parceiro_b
2bbc1ea3-33be-bdd9-4cba-eb2ed01e712e;CUST_48060;PROD_4034;18;894.44;16099.92;2023-06-27;pix;Montenegro Paulista;AM;shipped;parceiro_b
af5025d2-9040-864b-f671-c79eae0f4e60;CUST_41806;PROD_0552;14;4028.7;56401.8;2023-06-25;pix;Rodrigues;SE;cancelled;parceiro_a
46d3e529-b429-952d-ebb4-b0ea3c15a8ef;CUST_07970;PROD_1622;16;4114.89;65838.24;2023-06-14;pix;Brito;SP;delivered;parceiro_a
8e6db738-acff-a3e0-0778-41d177280780;CUST_47726;PROD_1397;19;3904.69;74189.11;2023-06-12;pix;da Mota Paulista;SP;cancelled;parceiro_c
5b6745d9-b743-a44c-f968-9aa36c01dfdf;CUST_49923;PROD_4557;9;2477.38;22296.42;2023-06-15;debit_card;Melo;SP;delivered;parceiro_a
fc5dad8f-37eb-5394-d81b-00ae1ba2b60f;CUST_33569;PROD_1132;9;4565.53;41089.77;2023-06-04;credit_card;Sampaio;RS;cancelled;parceiro_a
67038313-5990-adb7-864e-8059c25992db;CUST_28216;PROD_0809;16;4303.12;68849.92;2023-06-11;credit_card;da Mota;SP;cancelled;parceiro_c
a55377f0-5919-97ed-b274-fc59b6a1e749;CUST_44183;PROD_2714;19;3319.85;63077.15;2023-06-15;credit_card;Pereira de Ferreira;RJ;pending;parceiro_a
46c19946-1c20-a7ee-f83b-ec99b2b70578;CUST_02219;PROD_4680;1;1868.12;1868.12;2023-06-23;pix;Barros;SP;delivered;parceiro_b
a56ec474-bc34-27e6-4d2f-1b9374ba1188;CUST_43418;PROD_3836;16;4873.81;77980.96;2023-06-20;credit_card;Ferreira das Flores;CE;shipped;parceiro_c
2f612663-3448-e74c-9329-8992e43cdd98;CUST_32359;PROD_1968;8;3978.41;31827.28;2023-06-20;credit_card;Abreu;PI;cancelled;parceiro_c
944c0cd3-f5e1-ac56-e406-0432e596dc6c;CUST_07566;PROD_4854;19;2946.1;55975.9;2023-06-14;pix;da Conceição;SP;shipped;parceiro_a
3714b6dd-2aa6-5b95-faef-f1db93299c08;CUST_46148;PROD_4965;9;4398.75;39588.75;2023-06-06;debit_card;Vargas;BA;shipped;parceiro_a
ea82f2e6-e7ae-d00f-f552-3ab652d36690;CUST_49888;PROD_4170;3;4045.57;12136.71;2023-06-24;credit_card;Rezende;RJ;shipped;parceiro_b
31195569-6210-4d7c-46e8-9d584c5f2009;CUST_15071;PROD_3728;19;1449.29;27536.51;2023-06-29;credit_card;Souza;SP;shipped;parceiro_c
abcdf6ba-92d7-a110-efa3-f2f84f98ddf2;CUST_46187;PROD_3307;9;1478.97;13310.73;2023-06-07;pix;Sá;SP;delivered;parceiro_a
22a2e3eb-052c-6685-a08d-45339f7e0c1a;CUST_46807;PROD_3580;17;1862.74;31666.58;2023-06-13;debit_card;Rodrigues;RS;delivered;parceiro_b
3bf3e152-d76f-3a83-ee0e-065dd68eb0ac;CUST_46571;PROD_2460;1;1867.07;1867.07;2023-06-20;pix;Cavalcante;PE;pending;parceiro_a
ee49e3ed-0257-353e-58c8-c3daa33275bb;CUST_43600;PROD_0933;14;1989.42;27851.88;2023-06-22;credit_card;da Cruz da Prata;RJ;pending;parceiro_a
4169aec1-de7c-b56d-d9aa-fa5adbdf0d4c;CUST_00636;PROD_1998;4;906.72;3626.88;2023-06-30;debit_card;da Rocha Paulista;RJ;cancelled;parceiro_c
1fdab9ca-2830-ddb1-d022-73cafb559c96;CUST_27312;PROD_3494;4;3628.37;14513.48;2023-06-23;debit_card;Araújo;BA;delivered;parceiro_b
9be94078-6b9c-ab54-14bc-c2aa52aa0cff;CUST_07692;PROD_2807;19;2007.34;38139.46;2023-06-26;pix;Farias;MA;delivered;parceiro_a
2d4c3166-02c5-5210-b2be-0bf47b1a278a;CUST_19465;PROD_4926;1;25.64;25.64;2023-06-25;credit_card;Ribeiro Paulista;MT;delivered;parceiro_c
ae0ac7fa-b614-df6c-1173-8a8c1e3d8753;CUST_33687;PROD_2318;19;1456.73;27677.87;2023-06-05;debit_card;Lima;RJ;delivered;parceiro_a
6cac53e0-7bd2-7d97-cf68-dd9223b5d0c3;CUST_45112;PROD_0792;4;2730.53;10922.12;2023-06-05;pix;Porto;MG;cancelled;parceiro_a
96ff5178-843b-3995-8836-2788f14ee115;CUST_28102;PROD_1962;20;3096.95;61939.0;2023-06-12;pix;Camargo;SP;delivered;parceiro_b
51d89ca7-0092-2f27-1b16-a7cb6a9cd775;CUST_09898;PROD_4364;14;1744.37;24421.18;2023-06-13;credit_card;das Neves;MG;delivered;parceiro_c
7e816f4b-71f3-e1bc-421c-5c4473771abf;CUST_10856;PROD_3633;11;3592.35;39515.85;2023-06-20;pix;Peixoto Paulista;RJ;delivered;parceiro_b
47ed31fb-fcdf-cfc1-6a4c-fcc5b54cdd29;CUST_36615;PROD_2944;20;1972.89;39457.8;2023-06-04;credit_card;Aragão Alegre;RJ;delivered;parceiro_a
070aef51-3492-f2a9-36ec-38012e644a03;CUST_03795;PROD_3338;13;424.89;5523.57;2023-06-06;debit_card;Jesus do Galho;MT;delivered;parceiro_b
d1e7bf78-db76-ab5a-f9c9-3cbeba9ea755;CUST_19744;PROD_0692;14;913.49;12788.86;2023-06-29;credit_card;Vargas Alegre;RS;delivered;parceiro_b
c26353a4-5fe3-7f1a-0333-57e78fdd6055;CUST_03337;PROD_0620;6;1040.21;6241.26;2023-06-14;pix;Borges;MG;delivered;parceiro_a
e7ca75c7-17dc-aae7-c48f-9ac1bf07e07d;CUST_17984;PROD_4174;7;3185.3;22297.1;2023-06-29;debit_card;Duarte;RR;delivered;parceiro_b
ed4d789a-3bb3-7ae0-8445-a974d5aa380d;CUST_34624;PROD_1794;1;2572.24;2572.24;2023-06-26;debit_card;Montenegro de Peixoto;SP;delivered;parceiro_a
815135ab-6854-869f-84fa-bf97297f088c;CUST_37425;PROD_4271;15;1317.15;19757.25;2023-06-07;debit_card;Fernandes Paulista;MG;delivered;parceiro_a
ee2102bf-7b3c-047c-15c0-743bed5514f9;CUST_21535;PROD_0273;1;1303.65;1303.65;2023-06-07;credit_card;Silveira;PR;delivered;parceiro_b
41703a4e-a1f3-9ec7-9e82-9d1494921ea3;CUST_05830;PROD_4111;20;2870.13;57402.6;2023-06-09;boleto;Martins;BA;delivered;parceiro_a
8fc66def-8231-90b2-a0b6-a04391d8ad9b;CUST_27817;PROD_1017;18;4977.71;89598.78;2023-06-02;boleto;Dias de Goiás;SP;delivered;parceiro_c
88477e24-33ba-a1f2-3cf2-3df1aed0febe;CUST_20213;PROD_1317;11;2210.46;24315.06;2023-06-23;credit_card;Carvalho da Praia;PR;delivered;parceiro_a
bd15dba4-56ea-46f2-cbc0-b96e4c44eec0;CUST_19321;PROD_2078;20;2911.35;58227.0;2023-06-01;credit_card;Brito;ES;delivered;parceiro_b
bd02eb9d-9d60-d91e-d372-0ce70f9aecce;CUST_35281;PROD_4040;12;447.39;5368.68;2023-06-17;credit_card;Cassiano;BA;delivered;parceiro_a
53be5532-4ccc-59e3-5df8-43a5ab44c5e0;CUST_45993;PROD_2829;1;2883.45;2883.45;2023-06-26;credit_card;Alves de Minas;RJ;delivered;parceiro_c
9946ff08-8bf3-40d7-11ac-9ee0c8137f8e;CUST_41710;PROD_0881;14;3038.39;42537.46;2023-06-03;credit_card;Vargas;PR;pending;parceiro_c
8a760ca4-f3e3-0b24-d328-24be431d8974;CUST_03464;PROD_1580;6;2494.1;14964.6;2023-06-21;credit_card;Andrade;PI;delivered;parceiro_b
68bb67fe-6466-1721-18f8-7de97fca9b08;CUST_13334;PROD_4452;14;1781.59;24942.26;2023-06-25;pix;Moreira do Galho;SP;delivered;parceiro_a
d2be2cb6-cffe-886e-9f4d-6dc9d8c9f0bb;CUST_17948;PROD_4291;5;4961.89;24809.45;2023-06-13;pix;Pastor da Serra;SP;delivered;parceiro_b
4e70a559-6d30-78cb-57d7-ed41b56d35c9;CUST_27152;PROD_3222;20;2919.31;58386.2;2023-06-29;credit_card;da Cunha;PR;cancelled;parceiro_b
b047e00e-c751-1db8-8071-f8f0630e56cb;CUST_47072;PROD_0322;4;2382.38;9529.52;2023-06-13;pix;Camargo;GO;delivered;parceiro_b
43346d52-dd41-b175-5c80-286d2e5179d0;CUST_07820;PROD_0249;11;3899.66;42896.26;2023-06-12;credit_card;Montenegro;SC;delivered;parceiro_c
fc6ff53b-a5c6-9740-97d4-cfbe8d659950;CUST_12747;PROD_4675;14;1500.41;21005.74;2023-06-22;pix;Novais de Barbosa;MG;delivered;parceiro_a
2093a022-8d96-c336-e453-5862546a2657;CUST_23588;PROD_4470;6;801.14;4806.84;2023-06-04;boleto;Sousa;ES;delivered;parceiro_a
cc489ec7-b7a1-1083-a5f8-ac36995fbc26;CUST_46347;PROD_2522;18;620.2;11163.6;2023-06-11;pix;Farias da Praia;SC;delivered;parceiro_a
7cfb25db-764f-758b-93b7-1b4bf760be07;CUST_26709;PROD_0675;15;2825.37;42380.55;2023-06-11;debit_card;da Luz de Garcia;PR;pending;parceiro_c
8ddae02c-62e7-4eee-022f-7ba9089431d5;CUST_27556;PROD_4828;19;4196.79;79739.01;2023-06-20;debit_card;Barros;SP;shipped;parceiro_a
389c1cb3-80c9-40f5-fc6f-d201dba2e4cc;CUST_44831;PROD_3038;13;150.93;1962.09;2023-06-15;pix;Siqueira de da Mota;BA;delivered;parceiro_b
b7aa1a88-a07f-09e1-f0c1-7b84de56c452;CUST_22508;PROD_0533;16;1887.13;30194.08;2023-06-11;pix;Guerra da Prata;SC;delivered;parceiro_b
380336de-773e-4181-f245-c250927eb7ff;CUST_48765;PROD_2185;2;2243.7;4487.4;2023-06-28;boleto;Silveira;MA;delivered;parceiro_a
ce1cd28e-49e6-4823-cc86-1f3c3c2640f7;CUST_16233;PROD_1892;16;4677.76;74844.16;2023-06-13;credit_card;Gomes;RJ;delivered;parceiro_a
1afe3e6e-5f61-3699-fc4f-f8ea81d70d2a;CUST_00926;PROD_3849;11;4261.88;46880.68;2023-06-18;debit_card;Campos;SC;delivered;parceiro_b
31441250-9785-86c4-a372-0bc971443cc5;CUST_23775;PROD_2985;20;4040.91;80818.2;2023-06-19;credit_card;da Rosa;MG;shipped;parceiro_b
711b443a-e9d0-1bf4-49ff-a3b9b1ab9f05;CUST_45567;PROD_1835;20;1338.36;26767.2;2023-06-10;pix;Aparecida de Minas;RJ;delivered;parceiro_b
7ca9926d-1529-2890-6a3e-82b24ab6dd36;CUST_03882;PROD_0705;7;3312.56;23187.92;2023-06-17;credit_card;Teixeira;MT;delivered;parceiro_a
622e59f6-7f05-8e7c-e450-9319372ff56d;CUST_33041;PROD_1531;19;124.87;2372.53;2023-06-25;credit_card;da Costa da Serra;PR;delivered;parceiro_a
1a82c324-0c8c-bf7e-e0c8-9b423ebadcb3;CUST_38501;PROD_3385;19;3462.86;65794.34;2023-06-18;pix;Camargo das Flores;BA;delivered;parceiro_c
d6699b5c-5159-6dbd-436f-22733299f194;CUST_28170;PROD_3991;2;4516.25;9032.5;2023-06-23;credit_card;Teixeira;RS;delivered;parceiro_c
58245680-5026-0e07-b7ce-4267ebe73f05;CUST_35559;PROD_2901;8;1408.85;11270.8;2023-06-27;boleto;da Cunha de Novaes;RJ;delivered;parceiro_a
685e1c90-eae5-7936-9ad1-8f9c14ae0acd;CUST_01797;PROD_2036;5;3338.96;16694.8;2023-06-08;debit_card;Teixeira de Rodrigues;PR;delivered;parceiro_c
1dadf489-6fbb-454f-1ac3-5fab85e32ad7;CUST_36579;PROD_1473;20;888.94;17778.8;2023-06-29;debit_card;Almeida de Porto;MG;delivered;parceiro_b
4b261c47-cc1a-c460-2361-c4c72c20319f;CUST_38421;PROD_4583;5;2953.43;14767.15;2023-06-26;pix;Porto do Norte;CE;cancelled;parceiro_b
d673f023-e1f1-7630-811f-4f1b2b10ad56;CUST_43777;PROD_1480;15;1437.52;21562.8;2023-06-15;credit_card;Vieira;RN;delivered;parceiro_c
76bd19c2-2252-66c9-d5c9-0e5882280179;CUST_48759;PROD_2036;18;4473.86;80529.48;2023-06-26;boleto;Cavalcanti da Prata;SP;delivered;parceiro_c
142ce7f9-2974-b63e-26e4-58a20191f609;CUST_10232;PROD_4329;7;1588.81;11121.67;2023-06-30;credit_card;Macedo;RS;delivered;parceiro_c
198384e9-aca7-5363-ee05-e475fa0d1b20;CUST_48956;PROD_2136;13;2656.81;34538.53;2023-06-03;debit_card;Gonçalves da Serra;RS;cancelled;parceiro_a
3df4eb1b-7813-5f77-0e97-5b325ccce83e;CUST_27429;PROD_1101;7;4036.51;28255.57;2023-06-20;credit_card;Brito;SC;delivered;parceiro_a
07c3524e-40d7-6a83-5208-48d5f2f94195;CUST_12492;PROD_1480;11;4239.65;46636.15;2023-06-03;pix;Pereira;SP;delivered;parceiro_c
6114fd31-b681-c648-1b61-c587120fb984;CUST_20813;PROD_0691;16;2399.04;38384.64;2023-06-28;boleto;Teixeira;PE;delivered;parceiro_a
46aae7ac-2c16-d8bd-adf2-d7d0235ed86f;CUST_15295;PROD_3197;16;1039.33;16629.28;2023-06-17;debit_card;Caldeira do Sul;MT;delivered;parceiro_c
49fea92f-301c-250f-b809-148247ebacb7;CUST_34847;PROD_0607;2;3314.37;6628.74;2023-06-26;boleto;Freitas;DF;shipped;parceiro_b
7eefd1d4-17c1-6797-2c99-94a00b48e85b;CUST_03973;PROD_3185;7;2948.63;20640.41;2023-06-08;boleto;Barros do Campo;SE;delivered;parceiro_a
729f3f1d-7c5e-167e-9bad-f693e4f5547d;CUST_21330;PROD_2227;14;4298.96;60185.44;2023-06-01;pix;Mendes do Galho;MG;shipped;parceiro_a
f8219524-75a2-fbf5-bdd8-7aa41c1e626b;CUST_05056;PROD_3085;7;3644.38;25510.66;2023-06-23;credit_card;Melo;SC;delivered;parceiro_b
0813b2e4-bc42-ad27-a059-2307ef9b9e9a;CUST_24508;PROD_0955;13;2395.97;31147.61;2023-06-04;credit_card;Dias;MG;delivered;parceiro_c
b245c9a1-ca5c-82a5-2406-129766aa6c52;CUST_25530;PROD_2113;3;3795.55;11386.65;2023-06-19;pix;da Cruz Paulista;MG;shipped;parceiro_c
e55adb9f-c27e-4b4d-e3a8-d92b06526a9b;CUST_26316;PROD_3963;6;816.96;4901.76;2023-06-06;pix;Gonçalves Verde;BA;shipped;parceiro_a
df1fc0b1-94ce-9f06-514a-954c459d54d5;CUST_03748;PROD_0652;16;2652.92;42446.72;2023-06-05;pix;Teixeira do Oeste;BA;delivered;parceiro_c
e53c76db-9908-6d0e-64c6-76be8cdede25;CUST_18586;PROD_1770;7;253.47;1774.29;2023-06-16;boleto;Silva de Costela;RJ;pending;parceiro_a
75456740-7bca-9b12-58c6-b68b236079b8;CUST_38048;PROD_2010;20;1462.75;29255.0;2023-06-17;boleto;Siqueira Alegre;SC;shipped;parceiro_b
95c352bc-aaca-87b5-9cb4-00835228eceb;CUST_23997;PROD_4844;3;4250.72;12752.16;2023-06-22;credit_card;Cardoso;SP;delivered;parceiro_b
ed2e93d8-d6f6-31f3-fea1-cb15a4ebfeb9;CUST_26934;PROD_1203;17;1065.51;18113.67;2023-06-23;debit_card;da Cruz Alegre;CE;delivered;parceiro_b
f10a3953-537c-1088-6409-82148c0e6fd1;CUST_06267;PROD_4118;11;575.7;6332.7;2023-06-15;pix;Farias de Goiás;AL;cancelled;parceiro_a
d56bd2e6-93ab-ba90-492d-949b933b4d3c;CUST_01002;PROD_2669;18;2451.59;44128.62;2023-06-27;credit_card;Mendonça;PE;delivered;parceiro_a
f3c86d31-e5f1-077c-9e06-9b8f82445f70;CUST_08678;PROD_0444;3;3798.64;11395.92;2023-06-22;credit_card;Leão;MG;delivered;parceiro_c
d28b1d83-7e6f-9747-e3fd-f3cb3b72153d;CUST_06654;PROD_4221;5;1670.97;8354.85;2023-06-11;pix;Mendes;CE;shipped;parceiro_b
192110a1-682d-69bd-e74a-1fb543d26634;CUST_31091;PROD_2698;16;4019.07;64305.12;2023-06-10;credit_card;Farias do Galho;PE;pending;parceiro_c
5d17dbdb-6814-4e38-92bb-6f7ed60eb0a0;CUST_04548;PROD_2277;9;3876.35;34887.15;2023-06-28;pix;Souza;PA;shipped;parceiro_b
cb94842d-f06f-a102-a863-a184e91bcd4f;CUST_29157;PROD_2729;17;4144.21;70451.57;2023-06-03;debit_card;Nogueira;SP;delivered;parceiro_b
8a39618f-abb7-cac7-f51c-46bd0b0d19b8;CUST_47085;PROD_1315;13;2930.51;38096.63;2023-06-24;debit_card;Aragão;PR;delivered;parceiro_a
d985525f-a625-1ad1-c807-47a60ab3e956;CUST_02016;PROD_3907;17;1034.36;17584.12;2023-06-19;pix;da Luz de Aparecida;RJ;delivered;parceiro_a
22c81556-52e6-7d43-1ed9-7ae93565ab48;CUST_04688;PROD_2196;10;359.22;3592.2;2023-06-13;debit_card;Lopes;SP;delivered;parceiro_c
6bbcff9a-4c72-3200-3f94-df71eddf7d77;CUST_30554;PROD_2220;16;1497.63;23962.08;2023-06-14;credit_card;Pastor da Prata;SP;delivered;parceiro_a
05e412ad-c216-af47-05cb-a7e566521d1c;CUST_14698;PROD_1653;6;3081.29;18487.74;2023-06-25;pix;Abreu da Mata;RJ;delivered;parceiro_c
9ae5b911-e6e4-a7b6-0f05-e35a304322dd;CUST_22081;PROD_4751;2;3247.81;6495.62;2023-06-06;credit_card;Pereira;SP;delivered;parceiro_b
94ad2bae-cf74-0ec0-9ace-8423833820d8;CUST_02719;PROD_0513;11;471.09;5181.99;2023-06-14;boleto;Peixoto;RJ;shipped;parceiro_b
4d872b57-f9e5-ae9c-3b61-1d7f66f5e2bd;CUST_31405;PROD_0976;8;3387.05;27096.4;2023-06-02;pix;Casa Grande do Sul;GO;delivered;parceiro_c
0862d2c3-3f7c-87a8-8cc5-6f86d2de97a0;CUST_24444;PROD_2233;19;2650.28;50355.32;2023-06-17;boleto;Pires;RS;delivered;parceiro_a
bfcc4696-f2fd-91e8-3044-fb66186a5ac6;CUST_44141;PROD_3847;16;865.86;13853.76;2023-06-17;boleto;Castro de Goiás;MG;delivered;parceiro_c
6aed63ef-ef40-ea5e-ffcb-4954339ec017;CUST_47289;PROD_1012;4;4384.91;17539.64;2023-06-01;debit_card;da Mata do Oeste;MG;delivered;parceiro_c
f1377d25-1a09-d6f1-0f20-8ada42a040af;CUST_23911;PROD_4935;1;4327.77;4327.77;2023-06-18;credit_card;Castro;PE;delivered;parceiro_b
f8360dff-3445-6256-8e48-9a5cd549228f;CUST_16390;PROD_1069;3;2215.56;6646.68;2023-06-11;debit_card;Correia;GO;delivered;parceiro_c
e545a43a-2d5d-e42a-3133-68bc11d444d0;CUST_44478;PROD_3333;6;3936.56;23619.36;2023-06-02;debit_card;Aparecida do Oeste;RJ;delivered;parceiro_c
3ef63353-57d9-120d-d6c1-1bd64416cc80;CUST_17624;PROD_2894;8;956.82;7654.56;2023-06-28;credit_card;Melo;SP;delivered;parceiro_a
fb70ba51-682b-7912-eeb0-1d1d24bc8301;CUST_40089;PROD_0397;10;4692.12;46921.2;2023-06-05;pix;Barros;MG;delivered;parceiro_c
5f973755-6431-51d5-547b-4253d97f2583;CUST_06751;PROD_0740;3;2147.63;6442.89;2023-06-27;credit_card;Oliveira;SP;delivered;parceiro_a
56319c95-2324-a774-e1d5-e6ba9406ad53;CUST_02322;PROD_4899;16;3399.06;54384.96;2023-06-07;debit_card;Marques de Pinto;SP;delivered;parceiro_a
1da17f2b-04c9-d6ea-09c7-6626fe46231e;CUST_11790;PROD_4136;2;4439.74;8879.48;2023-06-11;credit_card;Silva das Pedras;SP;shipped;parceiro_c
ea75c096-9543-fece-b2c5-122b7a6cebdb;CUST_47072;PROD_3422;14;4100.58;57408.12;2023-06-14;credit_card;da Rosa;MG;delivered;parceiro_b
50968248-ef76-a04a-f941-0901a300fbca;CUST_47508;PROD_2383;6;285.88;1715.28;2023-06-26;pix;Aragão;RS;pending;parceiro_b
ef6fd269-28cf-68f6-1bd3-65374d6d2a45;CUST_47237;PROD_3049;18;1282.84;23091.12;2023-06-26;pix;Cassiano do Oeste;RJ;delivered;parceiro_b
c7aba7ac-8a1f-98d6-5ade-39fd8f10893f;CUST_34105;PROD_3277;2;3549.97;7099.94;2023-06-07;boleto;Martins da Serra;ES;delivered;parceiro_a
589b4012-7185-1ed5-b4e7-016dfb0d09ff;CUST_33006;PROD_2994;8;3782.72;30261.76;2023-06-20;pix;Teixeira das Flores;CE;delivered;parceiro_c
501c2764-1788-ee36-e5ad-d35f8e021d8a;CUST_18739;PROD_4257;1;872.66;872.66;2023-06-01;pix;Dias;PI;delivered;parceiro_c
d2654fea-3afe-3ca0-8610-1fca0507663d;CUST_07163;PROD_0277;4;3656.74;14626.96;2023-06-10;boleto;Câmara de Goiás;CE;delivered;parceiro_a
524adc65-f8c4-af54-eb21-8672a63e5bdb;CUST_45429;PROD_3558;8;3865.18;30921.44;2023-06-29;debit_card;da Rocha de da Paz;SP;delivered;parceiro_b
f51214f3-a1a0-7c1c-7c32-cb2504ed1d34;CUST_17388;PROD_1470;15;2574.9;38623.5;2023-06-25;boleto;Lopes de Sampaio;SP;delivered;parceiro_a
ad1b0f65-8cf5-ca75-bd2a-d0046b711dbe;CUST_00433;PROD_2097;4;3116.27;12465.08;2023-06-09;pix;da Rocha da Praia;RS;delivered;parceiro_a
febdcf45-2901-180f-8c36-665e15cceb40;CUST_07424;PROD_0500;20;4703.71;94074.2;2023-06-25;pix;Azevedo;SP;delivered;parceiro_a
9f8b660e-7c71-fe61-8a9b-71e1fbddd7ef;CUST_05550;PROD_0932;11;234.44;2578.84;2023-06-05;debit_card;Costela de Pimenta;MG;shipped;parceiro_a
d8560f96-e48b-13fd-62d7-6b3b2b0621bb;CUST_13262;PROD_1523;5;4579.86;22899.3;2023-06-20;pix;Borges de Minas;SC;delivered;parceiro_b
6891ff11-930d-4f33-0085-4a0d8d41065a;CUST_07378;PROD_0214;3;1018.06;3054.18;2023-06-15;debit_card;Casa Grande da Serra;PB;cancelled;parceiro_a
f01ebb39-db25-0183-46f2-22f81ebd9930;CUST_07479;PROD_3814;17;2142.98;36430.66;2023-06-15;pix;Albuquerque;MG;shipped;parceiro_a
aa151401-ce98-7947-7c27-5fad299a1c4d;CUST_09004;PROD_1634;11;4991.19;54903.09;2023-06-07;credit_card;Andrade;MG;delivered;parceiro_b
1c5f7a45-6065-7075-11d9-99f1d118cb93;CUST_43910;PROD_2568;19;2143.12;40719.28;2023-06-21;debit_card;Vasconcelos;CE;delivered;parceiro_a
7e2c995c-7215-dc3b-98af-b07a64ad01c4;CUST_26890;PROD_0172;1;3057.83;3057.83;2023-06-02;credit_card;Martins;RS;delivered;parceiro_a
6c8f9093-48a6-a030-c82f-66dc506b8883;CUST_00942;PROD_1060;13;309.88;4028.44;2023-06-14;pix;da Mota;MT;delivered;parceiro_b
15fa08e1-9970-2eaa-fac8-4ed6c442fa22;CUST_04126;PROD_0340;12;4492.3;53907.6;2023-06-27;credit_card;Costela da Praia;RJ;cancelled;parceiro_a
e21476db-3a7c-c8f7-6c0b-723c8dbb05e2;CUST_11163;PROD_0136;10;3982.1;39821.0;2023-06-16;boleto;Monteiro;SP;delivered;parceiro_b
e3b112e1-99e0-1bb9-fdc1-a86aa07df4a3;CUST_35911;PROD_0866;15;1260.79;18911.85;2023-06-13;pix;Marques do Amparo;SP;shipped;parceiro_b
b81f5180-fa0f-6850-7d1b-262b3c980030;CUST_06833;PROD_2393;11;2395.84;26354.24;2023-06-26;boleto;Porto;GO;delivered;parceiro_a
58351608-be1c-e46e-a200-f68c86d1214e;CUST_31647;PROD_3298;6;2770.73;16624.38;2023-06-30;boleto;Castro dos Dourados;PE;cancelled;parceiro_b
cb50685a-dc02-cc0d-4d08-7d5b623aad9d;CUST_27147;PROD_2440;6;1431.45;8588.7;2023-06-17;credit_card;da Luz de Cirino;SP;delivered;parceiro_b
39dd4de8-dd14-b1e9-70b1-7f0e7737f4e2;CUST_49162;PROD_1206;1;3101.02;3101.02;2023-06-22;credit_card;Nascimento;GO;delivered;parceiro_a
4306bd4e-bd70-38ae-d68b-676286f20292;CUST_34724;PROD_4089;12;2790.74;33488.88;2023-06-21;boleto;Caldeira Alegre;PE;delivered;parceiro_a
dec3867c-38c0-f650-77d8-d79087e2b6fb;CUST_21904;PROD_0905;1;1205.54;1205.54;2023-06-22;pix;da Cunha;BA;cancelled;parceiro_a
2b3cab04-df9a-f429-913e-48e8eec4c549;CUST_27003;PROD_1029;12;4211.0;50532.0;2023-06-06;credit_card;da Rosa Alegre;DF;delivered;parceiro_a
bd9ea796-c25b-1efb-497b-24e178a8d37d;CUST_48565;PROD_2688;8;4251.44;34011.52;2023-06-18;boleto;da Mota;PA;delivered;parceiro_c
e12b1e3d-5b73-4c1d-112f-d97b93bb6e5e;CUST_48150;PROD_1879;12;112.25;1347.0;2023-06-26;pix;Moura do Norte;SP;delivered;parceiro_c
eaf2d87d-e9f6-a14c-988d-2450fdbfd599;CUST_38938;PROD_3041;12;4891.55;58698.6;2023-06-28;boleto;Ribeiro Paulista;MG;shipped;parceiro_c
ca2dad91-2c06-ce0a-7870-3f0729c03019;CUST_47121;PROD_1805;14;16.59;232.26;2023-06-17;pix;Rios;PE;delivered;parceiro_b
49abe16b-d7ed-0446-9a72-582e9e8f467c;CUST_09044;PROD_4606;5;3259.43;16297.15;2023-06-22;credit_card;Gonçalves;SP;delivered;parceiro_b
90f6cc9d-0653-7c57-26c5-da67524ad33a;CUST_45509;PROD_3734;16;2146.54;34344.64;2023-06-27;pix;Costa de da Luz;RJ;shipped;parceiro_a
b5e58849-af74-fcf5-43ac-919fa7c37e88;CUST_05416;PROD_1595;1;3524.75;3524.75;2023-06-16;credit_card;Teixeira;RJ;cancelled;parceiro_c
5684b783-b508-0d4a-f411-b9bf4a52a2b6;CUST_15760;PROD_3411;14;332.16;4650.24;2023-06-03;boleto;Mendonça;SP;delivered;parceiro_a
46b16e59-ce2a-8bb8-f6d7-eccd7f51566a;CUST_43157;PROD_1933;3;4302.71;12908.13;2023-06-15;boleto;Montenegro;BA;delivered;parceiro_c
b1b37acc-e376-bc4c-83d1-5dd6793e5b6f;CUST_10963;PROD_0034;5;4213.72;21068.6;2023-06-21;credit_card;Martins;AM;delivered;parceiro_b
aefbc09c-933b-a229-7d9e-38d17ca798b3;CUST_07204;PROD_2612;4;4436.34;17745.36;2023-06-15;pix;Guerra Alegre;RS;shipped;parceiro_a
1806889d-f76d-0573-ac25-2a558cb8473c;CUST_10499;PROD_4740;1;611.02;611.02;2023-06-26;credit_card;Abreu do Oeste;AC;delivered;parceiro_b
36dedb46-9869-33ea-5c99-386de711a336;CUST_41284;PROD_2868;3;3864.69;11594.07;2023-06-14;pix;Peixoto Verde;RJ;delivered;parceiro_a
6e49e17f-1619-e803-ddf8-126f8168e031;CUST_03516;PROD_3016;7;1929.35;13505.45;2023-06-18;credit_card;Caldeira;RN;shipped;parceiro_a
7f77f66a-86b8-72f6-dc62-bb9b772b3a76;CUST_43667;PROD_4972;15;324.22;4863.3;2023-06-10;credit_card;Borges;SP;shipped;parceiro_b
28b9a4d5-4400-fd74-7b30-97abdba74a15;CUST_12759;PROD_1019;1;1523.72;1523.72;2023-06-06;debit_card;das Neves;PE;shipped;parceiro_a
e19059e8-8c89-7724-5138-a4e39911cb7b;CUST_39666;PROD_4780;17;1511.66;25698.22;2023-06-21;pix;da Paz do Galho;SP;pending;parceiro_c
d35fc5b3-0288-0447-bb42-290586d6aa94;CUST_01770;PROD_3445;17;708.54;12045.18;2023-06-21;debit_card;Montenegro Alegre;RS;delivered;parceiro_c
e256d857-27f7-86f8-ad9d-659a7ea2b198;CUST_00382;PROD_3670;14;4665.09;65311.26;2023-06-29;pix;Nascimento de da Paz;RJ;delivered;parceiro_c
5071db63-1431-cb44-8cf0-f52a0e153dd6;CUST_29797;PROD_4868;14;3016.63;42232.82;2023-06-28;credit_card;Silva;MS;delivered;parceiro_a
d2185b90-0bb6-752c-1c43-d651b9dc3deb;CUST_33526;PROD_4481;1;4419.96;4419.96;2023-06-14;credit_card;Nascimento do Campo;GO;pending;parceiro_b
48be6390-7c7e-6bd2-e474-9ef1fa468e42;CUST_30347;PROD_0187;13;289.0;3757.0;2023-06-08;pix;Ribeiro;ES;shipped;parceiro_c
45dfe320-b796-fff9-a39b-a142126889d3;CUST_17185;PROD_0528;19;1308.58;24863.02;2023-06-10;boleto;Ramos;PR;delivered;parceiro_a
dfb77955-592a-f0ba-0d5a-cc5431184ef9;CUST_16727;PROD_3267;19;875.21;16628.99;2023-06-23;credit_card;Rezende;AC;shipped;parceiro_a
8d4d3a72-a49f-5788-1ed9-250e582b4dc5;CUST_47735;PROD_3945;18;994.21;17895.78;2023-06-04;credit_card;Barbosa do Galho;SC;delivered;parceiro_c
74c890b8-b7bf-2996-e062-1923a9f20ae1;CUST_43562;PROD_1654;18;3086.57;55558.26;2023-06-12;pix;Ramos Paulista;SP;shipped;parceiro_b
1b8a518b-60d1-53ff-6a6a-87401935ef04;CUST_02460;PROD_2477;15;2332.11;34981.65;2023-06-13;boleto;Albuquerque;PR;delivered;parceiro_b
844c4610-6088-3f77-7fb6-181f401664b4;CUST_42540;PROD_3799;15;3047.01;45705.15;2023-06-20;pix;Macedo;MS;delivered;parceiro_a
bb1747b1-0038-a87e-d710-28df1330a161;CUST_37454;PROD_3939;2;4774.84;9549.68;2023-06-29;credit_card;Cirino do Galho;SP;delivered;parceiro_b
d9da172a-5143-3b12-11f8-67bd98e2b056;CUST_41193;PROD_2941;9;4419.99;39779.91;2023-06-25;credit_card;Correia de Silveira;MS;delivered;parceiro_a
5ab47073-4a87-7cf1-9d17-505a77cf100d;CUST_07068;PROD_4581;6;2557.98;15347.88;2023-06-22;pix;Mendonça do Norte;SP;delivered;parceiro_b
e513dd19-8795-c0e4-8656-c954e077407a;CUST_27263;PROD_2007;7;2899.37;20295.59;2023-06-19;credit_card;da Paz Alegre;CE;shipped;parceiro_a
41b30ec4-a8d1-7c7b-cc19-e5024804df85;CUST_02065;PROD_4003;4;498.63;1994.52;2023-06-12;boleto;da Paz;SP;delivered;parceiro_b
e670cbf1-d49c-4870-aa3d-8c771a2ee2a9;CUST_20328;PROD_3153;10;1278.89;12788.9;2023-06-13;boleto;Lopes;CE;delivered;parceiro_a
7559b9a2-99a9-1923-a5ad-350ff8a334c1;CUST_35751;PROD_4922;19;1671.75;31763.25;2023-06-01;pix;Sales;MG;cancelled;parceiro_a
31b07636-35ef-ec34-7f7e-79ff103c5abf;CUST_02624;PROD_2899;10;4380.81;43808.1;2023-06-14;debit_card;da Rocha de Goiás;RS;delivered;parceiro_a
3f06f3fb-9189-2327-f25a-ab35f36a1c0d;CUST_04755;PROD_0358;3;3188.53;9565.59;2023-06-29;debit_card;da Conceição do Oeste;RS;delivered;parceiro_b
41a2e589-f46d-9573-d805-e8be04d634b2;CUST_49274;PROD_4607;10;1158.54;11585.4;2023-06-12;credit_card;Borges das Flores;SC;delivered;parceiro_b
c8210ce5-8100-8c1e-70b4-de3bf81b6174;CUST_43716;PROD_1182;9;2823.32;25409.88;2023-06-11;debit_card;da Rocha;SP;delivered;parceiro_b
e5035df5-ed17-b0bf-a7d4-f5fe1d74a8cd;CUST_39059;PROD_0544;17;129.55;2202.35;2023-06-04;boleto;Santos;SP;delivered;parceiro_b
3389ea3d-6b6e-1a95-f8f1-71793371793d;CUST_43085;PROD_1577;9;841.34;7572.06;2023-06-01;boleto;da Mata;RJ;shipped;parceiro_b
f8967b22-e96e-1cde-0be5-4191f9f2859c;CUST_24387;PROD_4089;7;3394.24;23759.68;2023-06-30;pix;Teixeira;MG;pending;parceiro_c
3b13f3cb-973c-c1f6-ec6b-1c5ad36ae2a3;CUST_22880;PROD_0185;3;1503.87;4511.61;2023-06-20;credit_card;Duarte;PR;delivered;parceiro_b
40b8f848-05f0-843e-6449-ca67c476714a;CUST_20217;PROD_2667;3;4475.69;13427.07;2023-06-23;debit_card;Sousa;SP;delivered;parceiro_a
f50a2412-1f26-4896-927e-ca9747274426;CUST_08117;PROD_2061;17;723.33;12296.61;2023-06-05;debit_card;Cavalcanti de da Conceição;SP;delivered;parceiro_a
a89be526-2048-e46c-8550-0adbc510bede;CUST_17109;PROD_1156;11;2331.07;25641.77;2023-06-08;credit_card;da Conceição;BA;delivered;parceiro_a
76964f0d-8412-08fd-081d-dc7d35df16b2;CUST_42459;PROD_4012;13;3122.31;40590.03;2023-06-29;credit_card;Lopes da Mata;PR;delivered;parceiro_b
d2376525-10bb-9ab7-e798-4bba84d544a5;CUST_20571;PROD_3824;15;4340.56;65108.4;2023-06-28;pix;Cunha;PR;cancelled;parceiro_a
c4574eeb-707f-23a5-f38b-de20fa26bb49;CUST_14006;PROD_4195;8;2405.31;19242.48;2023-06-29;credit_card;Machado de Moraes;ES;delivered;parceiro_c
80776788-4726-ed92-3cf4-b6eeceb20356;CUST_11599;PROD_0565;7;1889.09;13223.63;2023-06-19;debit_card;Azevedo;ES;shipped;parceiro_b
a7af3107-9cda-953f-9a99-0d0175440ce1;CUST_17265;PROD_0885;4;1643.37;6573.48;2023-06-12;pix;Oliveira de Minas;SP;cancelled;parceiro_b
69b1c51e-2e67-6b95-48cd-71eb89e58c79;CUST_31197;PROD_4469;4;250.98;1003.92;2023-06-09;boleto;Borges das Pedras;SP;delivered;parceiro_a
9d5bf6ec-3c7f-f681-2311-bfb87d17272c;CUST_20611;PROD_1751;18;1410.06;25381.08;2023-06-27;boleto;Rezende;SP;delivered;parceiro_b
61887ee5-ca81-6f49-e6b6-745cf08d4634;CUST_26933;PROD_1503;8;3068.2;24545.6;2023-06-03;credit_card;Borges;DF;delivered;parceiro_b
1c1f186d-8df3-b20a-83d6-d35d6886055f;CUST_34932;PROD_1731;9;3276.88;29491.92;2023-06-30;credit_card;Cassiano;GO;cancelled;parceiro_a
66147805-0609-8269-e2d8-150450f250e7;CUST_12982;PROD_2447;20;2616.0;52320.0;2023-06-21;pix;da Cunha do Amparo;SC;delivered;parceiro_a
7f4abf84-79fd-5d6c-636d-b11379eda46f;CUST_39230;PROD_1646;10;4291.25;42912.5;2023-06-09;credit_card;Novaes de Minas;ES;delivered;parceiro_b
1fa88999-84a6-b12f-9237-0d29a05e8472;CUST_27995;PROD_4455;19;4579.66;87013.54;2023-06-16;pix;Pinto;SC;delivered;parceiro_b
b0d71384-a5f0-0c61-36ce-6d36086a7311;CUST_02502;PROD_1858;18;907.97;16343.46;2023-06-30;credit_card;Vieira de Pastor;SP;delivered;parceiro_b
5f7d7ff9-c94f-5c4f-42cc-fe81d8ec6cde;CUST_38121;PROD_4802;9;1994.94;17954.46;2023-06-23;debit_card;Nascimento de Siqueira;SP;delivered;parceiro_a
e28b9dd9-e8c5-245a-dbec-a1e540cb5d7d;CUST_06933;PROD_1329;7;4325.39;30277.73;2023-06-21;credit_card;Cirino do Campo;SP;shipped;parceiro_b
0b8950bb-4962-948c-caa9-c9f10a791cee;CUST_30561;PROD_4722;17;3946.49;67090.33;2023-06-23;debit_card;Brito das Flores;PR;cancelled;parceiro_b
77898a19-02d1-84e6-3789-b92620d5976d;CUST_20622;PROD_0958;12;63.51;762.12;2023-06-16;boleto;Viana do Oeste;PA;delivered;parceiro_a
be7ee0ff-fa32-e887-2ea3-554f51d17d38;CUST_37885;PROD_4937;15;3262.4;48936.0;2023-06-11;debit_card;Caldeira;MG;delivered;parceiro_a
6273b80a-95fc-d55d-d4a3-eabaf46252e7;CUST_27954;PROD_2710;16;3284.71;52555.36;2023-06-11;boleto;Ramos do Oeste;PR;delivered;parceiro_b
9ae1c8a2-0574-5d43-99c0-ed6e5e4f4b99;CUST_27729;PROD_3258;8;1449.6;11596.8;2023-06-08;credit_card;da Cruz de Goiás;SP;shipped;parceiro_a
20d43fc4-d13d-1480-c873-65effb9578ee;CUST_08654;PROD_0853;4;2404.43;9617.72;2023-06-23;credit_card;Fernandes;RJ;delivered;parceiro_c
af63a79b-a82c-1789-2899-21f6a38107b5;CUST_38523;PROD_2640;6;4756.48;28538.88;2023-06-07;debit_card;Silva da Prata;RJ;delivered;parceiro_a
fed68a77-eb02-bc30-9b71-3ceb0f2ebbe9;CUST_19134;PROD_3682;1;197.18;197.18;2023-06-01;boleto;da Conceição das Flores;PR;delivered;parceiro_a
0dede1a7-5435-05d9-9ca3-e39aecae0b81;CUST_41893;PROD_3387;10;2683.33;26833.3;2023-06-27;debit_card;da Rocha;BA;delivered;parceiro_b
4e842d90-96e4-b79a-d9bf-55decc8422c6;CUST_42506;PROD_4449;16;191.02;3056.32;2023-06-18;debit_card;Azevedo de Minas;RJ;pending;parceiro_c
411e9635-4b97-6d3b-0e7b-c7cf7bc61a6a;CUST_06566;PROD_4424;17;2396.79;40745.43;2023-06-26;debit_card;Campos de Teixeira;RJ;cancelled;parceiro_a
a96f6d2d-a872-94f6-d464-93ec153f5584;CUST_39741;PROD_2935;15;4881.86;73227.9;2023-06-17;debit_card;Sampaio do Amparo;MG;cancelled;parceiro_b
4d423315-d1ec-57f0-f749-bc66f704d565;CUST_47336;PROD_0070;2;1243.04;2486.08;2023-06-07;credit_card;Santos de Goiás;GO;delivered;parceiro_b
c9d0c143-b0e3-7b8c-6fd3-ca5945bbd39d;CUST_28130;PROD_2255;6;3997.04;23982.24;2023-06-21;pix;da Rosa Grande;RS;delivered;parceiro_b
17e61547-0026-f15e-a7e5-052f64c0945a;CUST_48095;PROD_4737;15;1473.14;22097.1;2023-06-09;pix;da Rocha de Almeida;SP;delivered;parceiro_b
b7a45b2d-a44a-47b0-3805-555447c943b0;CUST_40238;PROD_1495;16;1842.71;29483.36;2023-06-15;credit_card;Fernandes Grande;GO;delivered;parceiro_b
534849c2-4014-8d16-2172-da6a274d56e8;CUST_32044;PROD_4369;8;1702.09;13616.72;2023-06-15;credit_card;Monteiro das Pedras;SP;cancelled;parceiro_a
9653b91c-a618-b19f-2bd7-ecb3ac2c075c;CUST_36471;PROD_4047;14;4130.92;57832.88;2023-06-03;credit_card;Castro do Campo;SP;delivered;parceiro_c
b1d4df9c-1e08-cdf6-3c64-4875f88048fd;CUST_49187;PROD_1872;16;2345.04;37520.64;2023-06-22;credit_card;Cunha Alegre;SP;delivered;parceiro_a
e8224012-4039-c892-4f98-d784e0c8a123;CUST_23411;PROD_2683;17;4306.01;73202.17;2023-06-30;pix;Cunha da Prata;RS;delivered;parceiro_c
6bc1a293-0393-b8fb-dee6-f62e4d7fe851;CUST_47945;PROD_3196;3;1349.56;4048.68;2023-06-25;pix;Costela;SP;delivered;parceiro_c
12d015fb-2959-f916-842f-284836b39c56;CUST_04220;PROD_1431;10;2131.23;21312.3;2023-06-04;pix;da Luz das Flores;SP;shipped;parceiro_a
c32ff538-5243-3203-fa06-28a1b70bf564;CUST_07095;PROD_3321;8;3198.73;25589.84;2023-06-06;credit_card;Sousa;SC;shipped;parceiro_b
b256aa72-6848-31ac-c906-1b8682b5320b;CUST_07648;PROD_0761;12;1485.07;17820.84;2023-06-08;pix;Cardoso do Galho;PE;delivered;parceiro_b
0d96ac06-666f-20de-ab0d-486e18693a13;CUST_22135;PROD_2389;12;2419.98;29039.76;2023-06-02;boleto;Freitas de Vieira;RJ;delivered;parceiro_a
6df68fce-b11a-29bf-49a2-00c507fa0968;CUST_33197;PROD_1462;10;2041.8;20418.0;2023-06-15;pix;Sousa Paulista;RJ;pending;parceiro_b
8e84e6bd-4d21-2661-25d0-8561c91b1f43;CUST_08394;PROD_2907;15;1325.1;19876.5;2023-06-20;credit_card;Abreu;SC;shipped;parceiro_b
083d280c-638f-014d-25ba-b35f02f16637;CUST_15163;PROD_2549;11;236.31;2599.41;2023-06-25;debit_card;Leão de da Rosa;PR;delivered;parceiro_a
8fb42eb0-5e8a-b7a5-5900-48b4c444118b;CUST_10315;PROD_4294;4;3826.5;15306.0;2023-06-06;debit_card;Nogueira de Melo;MG;cancelled;parceiro_a
7a31a6fe-012c-2856-f8dc-8ee2351d083c;CUST_14814;PROD_4675;19;4770.57;90640.83;2023-06-15;boleto;Cavalcanti;BA;delivered;parceiro_b
c27c656f-f12d-cf82-6071-bc7f9760120f;CUST_23144;PROD_0184;11;4210.74;46318.14;2023-06-03;credit_card;Silva;PR;delivered;parceiro_a
87a302fe-8e1d-dd65-48df-da7e2670bb9f;CUST_49522;PROD_0133;15;4585.72;68785.8;2023-06-11;debit_card;Rios;MT;cancelled;parceiro_a
6526780b-ce46-fbe2-2f59-15f1857323f8;CUST_49948;PROD_1005;17;174.7;2969.9;2023-06-12;credit_card;Dias;MG;delivered;parceiro_a
251ffcce-a72c-93e8-c4c8-961cf22fe801;CUST_12981;PROD_0427;6;4918.4;29510.4;2023-06-26;credit_card;Macedo da Prata;SC;delivered;parceiro_a
81d13d85-6df5-f0f9-162d-eea1e4ac6b94;CUST_34105;PROD_1853;14;1359.03;19026.42;2023-06-09;pix;Novais Verde;PE;shipped;parceiro_a
588c031d-0820-df44-a7fd-b761796d056b;CUST_01292;PROD_2438;16;465.32;7445.12;2023-06-28;pix;Rodrigues da Praia;BA;shipped;parceiro_a
b5c70766-72e4-f895-c8e3-c9e6b5540484;CUST_29551;PROD_1628;11;714.98;7864.78;2023-06-28;pix;Sampaio da Mata;MT;shipped;parceiro_c
5d657e2c-8204-2184-18ee-20d543eed31a;CUST_46804;PROD_0350;6;1433.97;8603.82;2023-06-15;pix;Peixoto das Flores;PB;delivered;parceiro_a
d19720e2-8d72-b157-a0be-d978d281fb30;CUST_45680;PROD_0813;14;2035.38;28495.32;2023-06-18;boleto;Vasconcelos;RS;delivered;parceiro_c
c01f0d56-8f9a-a20e-91af-e3db3cc41d83;CUST_40392;PROD_0288;16;4091.45;65463.2;2023-06-13;credit_card;Leão;RJ;delivered;parceiro_a
16201a04-a7a4-c97f-52a0-e9c64487b169;CUST_19837;PROD_1907;18;4950.82;89114.76;2023-06-27;debit_card;Moura das Pedras;RJ;delivered;parceiro_a
56ace9c4-52e4-4071-2ee3-556d73c95d6d;CUST_18188;PROD_1656;11;2787.61;30663.71;2023-06-01;pix;Sampaio;PA;delivered;parceiro_b
66aa75e8-bdcb-1ce5-a247-50e02d3197b7;CUST_26602;PROD_0071;6;466.27;2797.62;2023-06-22;credit_card;Caldeira;SC;pending;parceiro_c
e0c0a174-7b3e-7298-203a-d9d0d6022be7;CUST_29460;PROD_2699;1;2452.5;2452.5;2023-06-22;credit_card;Novaes;RJ;delivered;parceiro_b
a2018e24-a4da-9797-f4ce-47dae62b3e4f;CUST_37107;PROD_3566;15;956.13;14341.95;2023-06-12;pix;Cardoso;CE;delivered;parceiro_a
34768920-2bd9-e51f-bffc-ef9cdd5c98bb;CUST_44279;PROD_1349;19;921.13;17501.47;2023-06-14;pix;Moura de Lima;PE;delivered;parceiro_a
975913d8-f7c8-c237-8901-c932df64547e;CUST_49261;PROD_3885;8;361.82;2894.56;2023-06-05;boleto;Jesus do Sul;SC;delivered;parceiro_b
d5dbeca5-c303-5990-a253-287a0aa89398;CUST_36927;PROD_1117;16;1003.24;16051.84;2023-06-03;pix;Melo;PE;delivered;parceiro_a
05655b2d-3624-eaf7-dfa6-ac32ad2c434e;CUST_36582;PROD_3097;13;644.08;8373.04;2023-06-17;credit_card;Santos;SC;delivered;parceiro_c
acfd729f-3a8f-c9f1-227f-a59b9be1110c;CUST_49404;PROD_2420;19;382.9;7275.1;2023-06-04;credit_card;Fogaça;RO;delivered;parceiro_b
c9402ac0-d741-8f7f-beb8-d7966175a4c8;CUST_07354;PROD_1171;3;3424.13;10272.39;2023-06-15;pix;da Mata;SP;cancelled;parceiro_b
c8d8299f-f6ec-5302-da73-43532a11fad4;CUST_20040;PROD_4284;10;567.79;5677.9;2023-06-11;pix;Correia;PE;delivered;parceiro_b
92d9d489-f0a4-b19a-38db-f26f9652c5ea;CUST_24098;PROD_4622;13;2867.91;37282.83;2023-06-30;pix;da Rosa;RJ;cancelled;parceiro_a
fd68529d-a8c0-1f84-067f-e7a728852f82;CUST_05916;PROD_0164;9;1516.56;13649.04;2023-06-05;pix;Macedo;RJ;delivered;parceiro_b
3b87f26b-d335-5412-a33c-5c7c06df9d39;CUST_13242;PROD_1044;10;3942.93;39429.3;2023-06-20;pix;Ferreira do Campo;SP;delivered;parceiro_b
98ea640f-9555-c54e-764b-d35bbc5ad39b;CUST_35074;PROD_2763;8;116.38;931.04;2023-06-30;debit_card;Dias das Pedras;PR;pending;parceiro_b
95ecad6c-1540-2859-67e1-29ddb5e6fb35;CUST_38569;PROD_3617;4;1645.52;6582.08;2023-06-21;boleto;da Mota da Praia;RJ;delivered;parceiro_a
b2a58d14-6188-a94f-c90f-ef9eb1f4abc5;CUST_43763;PROD_2069;3;4504.18;13512.54;2023-06-16;debit_card;da Rosa;PE;delivered;parceiro_b
717175d9-3bba-5477-e08d-861830051ba9;CUST_05264;PROD_1827;13;2606.73;33887.49;2023-06-27;debit_card;Ferreira das Flores;PR;pending;parceiro_b
0fdf497c-1207-21ff-aed3-9aa15dfdb109;CUST_08141;PROD_0619;18;1485.05;26730.9;2023-06-27;boleto;Pastor das Pedras;SC;delivered;parceiro_a
5af5f4a2-b26a-c0b3-beb4-188f90665e39;CUST_28621;PROD_4136;20;3058.21;61164.2;2023-06-01;credit_card;Siqueira do Sul;RJ;shipped;parceiro_c
5e53f01b-933d-ae23-8e4d-fc3552d1f2df;CUST_43444;PROD_0088;5;310.98;1554.9;2023-06-04;debit_card;Moreira Alegre;MG;delivered;parceiro_a
6bb00a00-b2fa-5c6e-965b-b6400e26443e;CUST_33062;PROD_1162;1;1202.99;1202.99;2023-06-14;pix;da Paz de Sousa;RJ;delivered;parceiro_a
39619ca2-d856-c763-beef-743f4816d5f2;CUST_05571;PROD_1107;5;2938.42;14692.1;2023-06-24;pix;da Mota;PB;shipped;parceiro_b
4bcfe395-fcd6-aad7-a483-e7f651af0554;CUST_24126;PROD_3858;4;3199.91;12799.64;2023-06-07;boleto;Ferreira;RN;cancelled;parceiro_b
2e3c4f9f-23f9-76b4-4eec-10188db4949a;CUST_34959;PROD_0052;14;1699.17;23788.38;2023-06-08;credit_card;da Mata;SP;delivered;parceiro_a
df08b567-7e2e-00d8-dbf1-f4d257f1f77c;CUST_00710;PROD_4120;7;3037.57;21262.99;2023-06-07;boleto;Farias;PB;delivered;parceiro_b
fdd40911-266d-2f27-5d26-2b562bd7948e;CUST_38096;PROD_2105;15;2172.19;32582.85;2023-06-28;pix;Cassiano;BA;cancelled;parceiro_a
470206cf-b4bc-e633-3043-f5b781dcb109;CUST_14592;PROD_4751;2;4306.87;8613.74;2023-06-15;credit_card;Guerra Alegre;MT;delivered;parceiro_b
53e634f1-007f-9539-6181-3bea66b1e23b;CUST_24989;PROD_1352;3;2506.28;7518.84;2023-06-20;credit_card;Camargo do Norte;SP;delivered;parceiro_c
0a31ef21-e1ba-32fc-10a6-80cc7bd0a1fa;CUST_24084;PROD_1637;16;2742.4;43878.4;2023-06-24;credit_card;Abreu de Pastor;RS;delivered;parceiro_c
7435865e-1d96-f109-afb4-1d2f0e5795b1;CUST_02761;PROD_3757;11;3429.32;37722.52;2023-06-20;pix;Rocha;MG;cancelled;parceiro_b
8b5c229c-cdc8-03da-6517-96a1828d6788;CUST_39765;PROD_2617;9;450.17;4051.53;2023-06-04;credit_card;Nunes do Sul;BA;delivered;parceiro_c
a2330fe3-11f9-6345-8d72-a8f830633593;CUST_45910;PROD_4185;2;1704.12;3408.24;2023-06-28;credit_card;Moraes Paulista;ES;shipped;parceiro_b
79af1a2c-312a-fa0d-3420-7cb4a7596585;CUST_38303;PROD_1940;6;3738.28;22429.68;2023-06-29;pix;Novais da Mata;BA;cancelled;parceiro_c
b796aea3-f5bb-f943-feaa-8f79efb30d23;CUST_25732;PROD_4265;13;427.62;5559.06;2023-06-24;debit_card;Fernandes do Norte;MG;delivered;parceiro_b
0de00422-85f5-762e-197b-c43eacba4a60;CUST_38255;PROD_4640;15;96.69;1450.35;2023-06-13;boleto;Caldeira Alegre;CE;pending;parceiro_c
e4ace5cd-75b9-937b-856e-28ac1e992e82;CUST_11806;PROD_3838;14;2075.87;29062.18;2023-06-01;debit_card;Campos;PR;delivered;parceiro_a
0a381c3f-365e-bfb9-16b5-c36b441755c9;CUST_07311;PROD_4300;16;754.87;12077.92;2023-06-10;credit_card;Jesus de da Mota;SP;delivered;parceiro_b
b4f744a6-d23b-7f7b-b233-beae32b19ff0;CUST_18714;PROD_3015;9;2369.83;21328.47;2023-06-14;credit_card;Aparecida;SP;delivered;parceiro_c
3b0fcd8a-6ea9-3cc9-501c-393445d1d73a;CUST_14496;PROD_1978;19;4254.93;80843.67;2023-06-26;credit_card;Machado;CE;pending;parceiro_b
a39cc918-0994-e487-49dc-24d8692a930b;CUST_21802;PROD_3675;19;1340.59;25471.21;2023-06-22;debit_card;Cavalcanti;CE;delivered;parceiro_a
6a96fac9-4ce9-ee54-a366-c22c324aa68b;CUST_33254;PROD_1481;11;4374.4;48118.4;2023-06-11;debit_card;Moreira;PA;delivered;parceiro_c
78522e3c-7c2f-7a3b-b7ec-8071126a9677;CUST_23997;PROD_4173;5;885.47;4427.35;2023-06-07;pix;Novaes Alegre;CE;delivered;parceiro_c
2c447227-457b-2b5e-d6c9-5375bf041a4e;CUST_15273;PROD_2345;10;1516.59;15165.9;2023-06-29;credit_card;Leão;SP;delivered;parceiro_c
c06a7f43-f3ba-2ecf-d3a1-67302c4c6f7a;CUST_25596;PROD_1555;17;2782.77;47307.09;2023-06-13;credit_card;Mendes;SP;delivered;parceiro_c
06afac1b-7ca0-498d-758b-89ca698671d8;CUST_33177;PROD_3607;18;1309.9;23578.2;2023-06-04;boleto;Campos;BA;delivered;parceiro_b
05d0b41b-58f8-f4ca-a098-400578056cf8;CUST_01848;PROD_4363;13;4428.95;57576.35;2023-06-17;credit_card;da Mota de da Cunha;SE;pending;parceiro_a
6d66d674-2e33-5451-0dca-ea0c2831ff67;CUST_28900;PROD_3001;13;618.09;8035.17;2023-06-23;debit_card;da Luz;MG;delivered;parceiro_a
5cd37665-e932-a586-dac7-c5ecbf3c6e6a;CUST_18405;PROD_0187;19;107.84;2048.96;2023-06-08;credit_card;Sales da Praia;PI;delivered;parceiro_b
06203087-b8f5-d86c-909e-ddfc55a9f2d2;CUST_02410;PROD_4036;3;728.54;2185.62;2023-06-22;debit_card;Marques do Amparo;AL;delivered;parceiro_a
d7303ba9-4b18-951c-792a-f8b7fe5d7331;CUST_09919;PROD_2771;4;3724.0;14896.0;2023-06-30;credit_card;Vargas Verde;MG;cancelled;parceiro_a
1b59b6d8-d637-299d-a5c6-3af944d2bf00;CUST_28897;PROD_2720;16;1911.02;30576.32;2023-06-27;credit_card;Castro da Serra;PR;delivered;parceiro_b
69b4accf-6b74-a340-c9a1-fb7b37f36a01;CUST_32244;PROD_3359;3;2843.3;8529.9;2023-06-12;credit_card;Teixeira;SC;delivered;parceiro_c
4c016ccc-e424-b49f-2344-3b633be58df4;CUST_35035;PROD_4286;14;3567.76;49948.64;2023-06-23;credit_card;Azevedo;MG;shipped;parceiro_a
d3712eaa-99ba-4d26-7964-9c9ddcc5a8c1;CUST_18007;PROD_1815;5;3800.26;19001.3;2023-06-12;pix;da Costa;ES;delivered;parceiro_a
728f03de-f2a5-c2a9-e7ed-7daadc937c37;CUST_34647;PROD_0188;11;3713.39;40847.29;2023-06-11;credit_card;Aparecida Paulista;SP;delivered;parceiro_a
516c7fc4-e08c-e3d0-3375-4d67c218a168;CUST_22479;PROD_3486;7;1999.19;13994.33;2023-06-14;credit_card;Alves do Galho;SP;delivered;parceiro_b
704410d4-247f-1d19-a0d0-403ec327cf3e;CUST_23840;PROD_1391;15;338.74;5081.1;2023-06-30;credit_card;Ramos;RJ;delivered;parceiro_b
630163c3-2492-05b4-5f8f-31ca978af6e7;CUST_07185;PROD_1326;10;370.55;3705.5;2023-06-05;credit_card;Vargas da Prata;RJ;delivered;parceiro_b
9821791d-e748-7857-cf37-9b80f89c9f3b;CUST_46482;PROD_1699;18;1137.83;20480.94;2023-06-27;pix;Costa;RJ;delivered;parceiro_c
308b668e-ca80-7ca6-3cc2-68b63976d94f;CUST_36545;PROD_2238;6;442.47;2654.82;2023-06-15;boleto;Pacheco;RJ;shipped;parceiro_a
e714c809-01fc-ce18-ea0b-a2ef98b8ee6e;CUST_37014;PROD_1262;10;2481.61;24816.1;2023-06-30;credit_card;Correia;PE;shipped;parceiro_b
b6d99c69-cbe2-9f48-4dec-d166ac421e4f;CUST_32882;PROD_2537;5;1979.75;9898.75;2023-06-04;debit_card;Pastor;BA;cancelled;parceiro_a
4095c0bc-ef19-a8d6-09f7-e5ea6beaccb2;CUST_47473;PROD_3939;14;4527.82;63389.48;2023-06-23;boleto;da Cunha;BA;cancelled;parceiro_a
ab9c3811-b40c-8234-8343-b879ff4ce45e;CUST_10024;PROD_2768;11;1176.96;12946.56;2023-06-26;credit_card;das Neves das Pedras;MG;delivered;parceiro_b
866b8737-a592-fd04-c4b5-533c39c0088e;CUST_40419;PROD_2048;12;3848.78;46185.36;2023-06-11;pix;Cavalcanti da Prata;ES;pending;parceiro_b
816c89a9-0512-7f2b-ce42-cadb432c678b;CUST_14728;PROD_3123;15;3548.5;53227.5;2023-06-21;credit_card;Pacheco;CE;shipped;parceiro_b
639081f4-7dd6-6f3c-85b8-27335fd58227;CUST_17213;PROD_3078;7;4197.93;29385.51;2023-06-14;debit_card;Sá;MG;delivered;parceiro_c
38f6e222-e6ad-3029-862b-c3c982221ff9;CUST_25335;PROD_0851;4;1413.11;5652.44;2023-06-23;pix;Almeida;AM;shipped;parceiro_b
bfa8b53a-7a80-21e4-acb7-f60c7fecc258;CUST_29259;PROD_4242;4;2690.11;10760.44;2023-06-25;credit_card;Almeida;MS;delivered;parceiro_b
dff2e830-c5bd-7e44-10e4-4a84e1ae9a0e;CUST_12466;PROD_4968;11;1348.71;14835.81;2023-06-16;pix;Peixoto Paulista;RJ;delivered;parceiro_a
2bf9f2df-8829-4b40-e860-3c3160a6cc28;CUST_25775;PROD_4586;1;2703.68;2703.68;2023-06-02;boleto;Leão de Caldeira;CE;delivered;parceiro_a
11371ee4-6ffd-630a-b495-e29f490f8a9e;CUST_08050;PROD_1156;3;882.25;2646.75;2023-06-13;pix;Gomes;GO;delivered;parceiro_a
31f10fb8-a901-1a8f-8bbc-e05e931abaa1;CUST_43989;PROD_0980;15;890.76;13361.4;2023-06-03;credit_card;Silva;PR;pending;parceiro_a
8f9c68a3-da35-0285-3a08-e2547c167619;CUST_02109;PROD_4838;12;1937.98;23255.76;2023-06-19;credit_card;Correia da Serra;PE;cancelled;parceiro_c
ed45b51d-d705-73a0-3c8d-4eb8093e45dd;CUST_43096;PROD_3611;7;4584.71;32092.97;2023-06-24;pix;Leão de Novais;RS;delivered;parceiro_a
9fb54a50-1c2e-6ac8-cfb5-ba590c4b17ab;CUST_42322;PROD_3563;19;2552.54;48498.26;2023-06-12;credit_card;da Costa do Galho;PR;cancelled;parceiro_c
12887ef2-efc9-f342-1ea3-71750ebb6d73;CUST_04603;PROD_2952;16;903.66;14458.56;2023-06-28;debit_card;Macedo;SC;pending;parceiro_a
c35fbaa8-9652-d8f9-c0be-f22f488881c4;CUST_01252;PROD_3374;17;2233.73;37973.41;2023-06-06;credit_card;Ribeiro;ES;delivered;parceiro_a
7f184a5b-8ba1-f1fc-4e78-0e62bf28399b;CUST_37429;PROD_4506;1;4318.42;4318.42;2023-06-10;credit_card;Andrade;ES;delivered;parceiro_c
4a9733a8-da62-4d5d-ab1f-31df942b8a88;CUST_17578;PROD_4300;17;3362.12;57156.04;2023-06-21;credit_card;Ferreira do Campo;SP;delivered;parceiro_c
0e31918b-4f38-bc52-5827-edc3fafcf4e3;CUST_14627;PROD_1261;8;4019.88;32159.04;2023-06-19;credit_card;Pinto;SP;delivered;parceiro_a
6ab493f8-e71c-65c0-cf36-44fde734f6cb;CUST_00777;PROD_1390;8;416.45;3331.6;2023-06-22;debit_card;Peixoto de Vargas;CE;cancelled;parceiro_b
21c56adc-5e73-c36f-d5e6-210b402faede;CUST_27617;PROD_2591;7;2251.94;15763.58;2023-06-11;credit_card;da Paz;PR;delivered;parceiro_c
f61b95df-075f-e0ab-426a-e55a1c80984e;CUST_20820;PROD_4427;19;979.06;18602.14;2023-06-06;credit_card;Moreira;RS;delivered;parceiro_b
0742e932-a5b4-3e09-eb8d-4931621fb7ce;CUST_19221;PROD_3856;11;3337.26;36709.86;2023-06-04;debit_card;Macedo do Oeste;MG;shipped;parceiro_c
db87ffc3-7381-2bd6-d928-56277a9d30c1;CUST_35779;PROD_0378;20;3632.89;72657.8;2023-06-20;debit_card;da Cruz Grande;SP;delivered;parceiro_b
2d0cf66f-e0b7-8569-28be-2551cc2f0548;CUST_22355;PROD_4076;14;1961.28;27457.92;2023-06-10;pix;Gomes;MG;delivered;parceiro_c
4541bf8f-7173-a685-6a30-3c5fa90aa297;CUST_38970;PROD_4147;16;214.53;3432.48;2023-06-04;pix;Nogueira das Flores;AL;cancelled;parceiro_a
cbf965c0-1120-dff1-24ca-4279ad332ebc;CUST_40418;PROD_4304;8;3216.61;25732.88;2023-06-29;pix;Martins;DF;pending;parceiro_c
dbc31a25-9487-c63b-0874-650751804dc8;CUST_18957;PROD_0555;8;2030.37;16242.96;2023-06-01;boleto;Pastor de Goiás;ES;delivered;parceiro_a
7f0725a3-ade7-a06a-25b0-82b414fc5854;CUST_47140;PROD_0459;9;3306.78;29761.02;2023-06-26;pix;Mendes do Oeste;SC;cancelled;parceiro_b
f4dabeec-fb9f-9e6d-2e8c-c43f0b458fb5;CUST_06797;PROD_0537;18;338.8;6098.4;2023-06-30;pix;Alves do Amparo;ES;delivered;parceiro_b
d1c2e3d2-d322-9a57-f42b-baf89f43000d;CUST_28522;PROD_2408;13;1626.49;21144.37;2023-06-22;debit_card;Silva;CE;delivered;parceiro_b
e737465c-d347-5296-4dac-ce9d3c0d2b73;CUST_35523;PROD_3957;12;1385.15;16621.8;2023-06-15;pix;Melo;MG;pending;parceiro_c
56bcb824-0a53-f211-9663-0728ea089c82;CUST_00572;PROD_3520;18;4402.1;79237.8;2023-06-25;debit_card;Montenegro de Ferreira;MS;delivered;parceiro_a
84fc96ad-ceb7-c3b1-de93-e5ca1cbe5a55;CUST_03566;PROD_4181;4;4920.7;19682.8;2023-06-27;pix;Pereira;SE;delivered;parceiro_c
c54405b1-45dd-ac94-44c6-05c392f1dc58;CUST_28807;PROD_0029;10;3439.43;34394.3;2023-06-21;pix;Cirino;SP;delivered;parceiro_a
a078ea81-5b80-97cd-0683-985114355e5f;CUST_49871;PROD_0569;14;4789.6;67054.4;2023-06-05;debit_card;Cardoso;PR;cancelled;parceiro_b
ad83b16d-e1c1-bdfc-a90b-7d7fd1684971;CUST_17609;PROD_4931;6;4734.67;28408.02;2023-06-13;debit_card;Azevedo do Sul;CE;delivered;parceiro_b
ea302ff3-9866-2447-5bfa-2d569e1a3a88;CUST_49690;PROD_3553;19;4711.42;89516.98;2023-06-11;pix;Martins de Carvalho;PI;delivered;parceiro_b
7ca93359-bfd7-d7d3-830e-87ff1923770a;CUST_36239;PROD_3362;18;2476.31;44573.58;2023-06-26;credit_card;Peixoto;AP;cancelled;parceiro_b
1e21d2e8-e9f6-01b8-d896-88469b8ea285;CUST_01061;PROD_3826;3;2534.67;7604.01;2023-06-19;credit_card;Borges;RN;delivered;parceiro_c
ef2be2d3-f11c-e0d4-73f5-6b7df786e390;CUST_40894;PROD_0744;16;31.51;504.16;2023-06-21;credit_card;Cardoso da Prata;SP;shipped;parceiro_b
7c4ec830-fc8b-e89c-547f-e8e9d78e6929;CUST_41732;PROD_4140;7;3911.63;27381.41;2023-06-09;credit_card;Aparecida do Amparo;SC;pending;parceiro_c
4a3cda7f-1ed6-79a7-d2ad-648ac04cb05f;CUST_27812;PROD_1896;17;3673.69;62452.73;2023-06-26;credit_card;da Rocha da Mata;MG;delivered;parceiro_a
0e435667-2d75-677f-a644-7b128b5172f7;CUST_45596;PROD_4841;8;1590.87;12726.96;2023-06-16;credit_card;da Rocha do Oeste;SP;shipped;parceiro_c
445017ea-1caf-6afd-8a94-b8c7efc670cf;CUST_35858;PROD_3268;9;2368.19;21313.71;2023-06-04;debit_card;Fonseca Alegre;AM;pending;parceiro_b
1a492241-a547-ec2c-0b1f-72a5080ede7a;CUST_28289;PROD_4030;19;3388.57;64382.83;2023-06-15;boleto;Rodrigues das Pedras;MG;delivered;parceiro_a
728497ae-7741-b709-2eaf-84057ac952ca;CUST_24554;PROD_4589;14;2951.66;41323.24;2023-06-25;debit_card;Sousa do Campo;RJ;delivered;parceiro_a
a5e1127e-775c-e96b-4ac0-a1a6c1900ff2;CUST_49969;PROD_4517;1;3422.62;3422.62;2023-06-05;pix;Martins;SP;delivered;parceiro_b
147e6492-dd50-0f12-32ed-5f6af0672290;CUST_36377;PROD_1227;10;2352.96;23529.6;2023-06-22;debit_card;Aparecida;MG;shipped;parceiro_b
dc06e868-feca-ed79-d765-fbea13dc0f12;CUST_45094;PROD_0530;8;2478.98;19831.84;2023-06-19;boleto;Moura de da Conceição;RO;delivered;parceiro_c
338ab192-614a-bcad-dab8-657e2cf9a1f6;CUST_38669;PROD_4495;10;2628.71;26287.1;2023-06-12;pix;Pimenta de Fernandes;PB;delivered;parceiro_b
631d7f99-417d-c341-ea93-53390e35c49e;CUST_05652;PROD_2225;20;1966.66;39333.2;2023-06-23;credit_card;Melo de Marques;RJ;delivered;parceiro_a
2b0f3a0f-2c76-3998-edb5-28a9e7e9c46e;CUST_08641;PROD_4390;6;4398.53;26391.18;2023-06-25;pix;Melo de Cavalcanti;BA;delivered;parceiro_a
098df060-f76b-cbc7-4704-8f8e310c4968;CUST_47244;PROD_3454;14;2126.81;29775.34;2023-06-25;boleto;Macedo da Mata;SC;delivered;parceiro_b
211b6a14-f1d5-0be2-c449-62aa1fe05889;CUST_08737;PROD_1679;14;402.74;5638.36;2023-06-11;pix;Barbosa;PR;delivered;parceiro_a
8a88b215-1589-c4aa-2bf9-00d707b4e3b2;CUST_23961;PROD_0160;15;255.67;3835.05;2023-06-19;credit_card;Casa Grande;SP;cancelled;parceiro_a
47e94d94-93a0-7915-ec29-37a691b0fafb;CUST_11841;PROD_3776;18;4271.98;76895.64;2023-06-16;boleto;Machado;SP;delivered;parceiro_b
282a77f3-e92c-83aa-d292-1cfd53eb49db;CUST_10926;PROD_0350;16;4516.02;72256.32;2023-06-26;boleto;Peixoto da Mata;SP;pending;parceiro_a
7206ddb7-96cf-a7e7-a24d-01de14de2927;CUST_32074;PROD_3282;1;4502.66;4502.66;2023-06-15;debit_card;Gomes;MG;delivered;parceiro_b
4c4342b1-8412-6362-b068-53a463ed6e62;CUST_08870;PROD_2543;13;3734.18;48544.34;2023-06-12;credit_card;Leão de Nascimento;SP;delivered;parceiro_b
637d2229-1c3f-a62d-8e7b-c8e2fa5c0778;CUST_11334;PROD_2788;4;3983.36;15933.44;2023-06-11;debit_card;Lima do Oeste;GO;cancelled;parceiro_b
127c5d89-97ec-ef29-e2ae-c6bc94172990;CUST_30567;PROD_4158;9;1869.86;16828.74;2023-06-19;credit_card;Lopes do Sul;RO;delivered;parceiro_c
76c5b4b6-34d3-9cb3-60fe-2dc68588b9ec;CUST_07540;PROD_0729;4;1440.68;5762.72;2023-06-18;boleto;Machado;RJ;shipped;parceiro_a
07051ddd-81a0-e9a1-6214-b78662a24d6f;CUST_30332;PROD_0158;1;2271.45;2271.45;2023-06-01;debit_card;Pinto;SP;delivered;parceiro_b
593b0870-80d2-5b87-7b3f-0105b380427e;CUST_15227;PROD_0628;17;1038.33;17651.61;2023-06-03;credit_card;Santos do Galho;SP;delivered;parceiro_a
98551837-eb2d-24c4-7ecb-b49bb0bcee1b;CUST_44331;PROD_2359;10;751.69;7516.9;2023-06-05;debit_card;Carvalho do Sul;DF;pending;parceiro_a
2b60b678-903c-af61-dcb3-4886a5124ba9;CUST_00921;PROD_2384;9;3936.98;35432.82;2023-06-09;credit_card;Mendonça;SP;delivered;parceiro_c
c921735b-3f64-7266-593a-6d781308da0b;CUST_00509;PROD_3159;13;3871.09;50324.17;2023-06-22;pix;Fernandes;PR;delivered;parceiro_a
f401c276-4bdc-85f6-40e9-45a162048fdd;CUST_03616;PROD_3727;17;382.04;6494.68;2023-06-17;credit_card;Abreu Paulista;BA;delivered;parceiro_a
4ba29553-4a1b-cb1a-0e4d-827370e903a0;CUST_01846;PROD_2443;8;404.69;3237.52;2023-06-27;pix;Campos;SC;pending;parceiro_a
7d4b2b4d-6161-3fc9-b726-5a11af543791;CUST_25105;PROD_3250;19;2411.74;45823.06;2023-06-09;credit_card;Rios;RS;cancelled;parceiro_a
c6c6f501-4b19-3364-66bd-102c998898f6;CUST_45685;PROD_2461;17;1757.65;29880.05;2023-06-18;credit_card;Silveira;RS;delivered;parceiro_b
7e450f95-0bc9-53a4-30f9-e9074925752e;CUST_34603;PROD_1101;2;2845.32;5690.64;2023-06-26;credit_card;Mendonça;SP;delivered;parceiro_a
c4ef07c4-c5dd-4e26-6b7b-7259ba0e9bbb;CUST_37152;PROD_3249;14;4546.87;63656.18;2023-06-30;credit_card;Camargo do Amparo;SC;shipped;parceiro_a
4a0560b1-6f9d-6678-13a6-e3043445f758;CUST_42798;PROD_0291;17;3476.41;59098.97;2023-06-13;pix;Guerra;SP;delivered;parceiro_a
3b2909e7-7b42-28bf-1e77-88234322e491;CUST_28637;PROD_4815;18;290.95;5237.1;2023-06-22;pix;Pinto;RO;delivered;parceiro_c
46f3dbca-f703-b94f-35a2-6a1fc9527f89;CUST_08589;PROD_3977;12;575.95;6911.4;2023-06-07;debit_card;da Mata;MG;delivered;parceiro_b
2021e34e-3426-9623-9d4d-77d8b8846be0;CUST_49113;PROD_2066;13;4461.63;58001.19;2023-06-18;pix;Carvalho;RS;pending;parceiro_a
e97bf039-4480-f64d-76b8-0aaa3ddd28d5;CUST_23136;PROD_4427;16;2153.52;34456.32;2023-06-17;pix;Lopes;MG;shipped;parceiro_c
efdcf321-d260-b6fd-e036-f344b4f93839;CUST_01791;PROD_2877;3;1828.29;5484.87;2023-06-26;credit_card;Silva das Pedras;DF;delivered;parceiro_a
d3b95d74-c2eb-affa-5df4-7dd2c6c7e497;CUST_19574;PROD_3618;20;4501.6;90032.0;2023-06-24;credit_card;Brito da Prata;RJ;delivered;parceiro_a
5d2e80c6-df54-0319-69e4-c5101c9a219e;CUST_32043;PROD_2704;6;1796.55;10779.3;2023-06-09;credit_card;Dias do Galho;RJ;delivered;parceiro_c
1253e3f5-62e1-2a8d-4417-c875e822ff87;CUST_15665;PROD_3976;4;1398.24;5592.96;2023-06-10;boleto;da Costa Paulista;SP;delivered;parceiro_b
90638481-bac4-94df-2fe7-3a5ecd586983;CUST_10645;PROD_1601;8;2827.18;22617.44;2023-06-19;pix;Borges;SP;delivered;parceiro_b
18d0cb82-d4f2-6d4c-0345-600f5991c200;CUST_00865;PROD_1186;20;3539.26;70785.2;2023-06-29;credit_card;Moraes;MG;pending;parceiro_c
d2778155-8a61-c67b-182d-2c71f1f16495;CUST_18559;PROD_4662;19;1576.89;29960.91;2023-06-07;credit_card;Rodrigues;SP;delivered;parceiro_a
32fff24d-288e-2c6d-bc2a-0b3ba6f281cf;CUST_08369;PROD_1572;10;4941.8;49418.0;2023-06-14;boleto;Melo da Prata;PR;shipped;parceiro_c
8e02fa31-16ad-1350-806c-298de76e8f05;CUST_08234;PROD_4090;4;3703.84;14815.36;2023-06-04;debit_card;Siqueira;SP;delivered;parceiro_b
38706bc0-2e7c-4bbc-8a99-99b4baf02145;CUST_23370;PROD_4874;13;3195.98;41547.74;2023-06-29;boleto;Pastor de Moraes;SP;delivered;parceiro_c
c0a7820e-ad4d-17aa-3494-772cdabecc2f;CUST_40944;PROD_1487;16;1854.01;29664.16;2023-06-07;pix;Porto do Sul;BA;delivered;parceiro_b
ac0ecaa8-5dbf-de74-892d-4fadf3dc82e0;CUST_32724;PROD_1367;15;2525.56;37883.4;2023-06-22;pix;Fogaça;BA;delivered;parceiro_a
b6bcc047-7518-589a-c885-ff7dfa1544ce;CUST_08902;PROD_3970;12;2316.63;27799.56;2023-06-04;pix;Rezende de Mendes;MG;delivered;parceiro_b
cd0d498e-7db3-80dc-dd4a-b9115f0bb43f;CUST_16049;PROD_2237;16;2979.09;47665.44;2023-06-27;debit_card;Almeida;SP;delivered;parceiro_b
c0375b23-5960-ae0a-2b72-4f3ca6c09478;CUST_48097;PROD_4773;20;4178.7;83574.0;2023-06-12;credit_card;Moraes de Macedo;RS;delivered;parceiro_b
9bb6a657-9586-f7b0-4561-f81652e211ba;CUST_15308;PROD_3478;7;4733.55;33134.85;2023-06-17;boleto;Carvalho;RJ;delivered;parceiro_b
01cd0cc1-77f7-7e0a-6f3c-08dc3c3e9a9b;CUST_11200;PROD_3917;20;3509.26;70185.2;2023-06-29;pix;Aragão do Oeste;PB;cancelled;parceiro_a
cd7970ad-869c-23a4-ff5d-34bdf100a418;CUST_13979;PROD_1995;17;117.8;2002.6;2023-06-10;credit_card;Peixoto de Camargo;MG;delivered;parceiro_a
798ad920-0203-cce9-44a3-5a3786a18aaf;CUST_47880;PROD_1014;7;4463.7;31245.9;2023-06-05;credit_card;Duarte;RJ;delivered;parceiro_a
3001ca82-2221-4ef3-98fa-5c6935acd213;CUST_08895;PROD_3215;12;329.36;3952.32;2023-06-04;debit_card;Monteiro Grande;RS;pending;parceiro_c
c068c016-77f2-7f10-7a68-c2d04baeaf49;CUST_39456;PROD_0887;3;261.08;783.24;2023-06-05;credit_card;Aragão;PE;delivered;parceiro_b
e318a7b4-1e15-05d9-8931-0c7b930922e6;CUST_48601;PROD_2972;14;3710.63;51948.82;2023-06-23;debit_card;Alves;SP;delivered;parceiro_b
57af9536-e098-4bbf-76cb-ed605ddf7ed7;CUST_02619;PROD_4932;17;147.49;2507.33;2023-06-05;boleto;Casa Grande de Rocha;RJ;delivered;parceiro_a
275e06ce-37e6-a9eb-0e8c-fd6a2a9359f1;CUST_47825;PROD_3709;5;4488.81;22444.05;2023-06-17;credit_card;Machado;RS;delivered;parceiro_c
c969b320-6073-882a-7e94-0ee64632a490;CUST_09998;PROD_3453;19;1335.2;25368.8;2023-06-24;debit_card;Novais da Serra;PR;delivered;parceiro_b
12d4db8c-d358-aa3c-e30c-25b8e5fc9d2a;CUST_01076;PROD_4307;7;1737.0;12159.0;2023-06-23;credit_card;Barbosa da Prata;PE;shipped;parceiro_b
0510ea09-8132-9ae8-16f8-bc70c162fbc8;CUST_05502;PROD_2534;17;1257.86;21383.62;2023-06-30;pix;Nunes Alegre;RJ;pending;parceiro_b
f88c4dc2-cdb7-9eb3-5c23-ce4cd4b1246e;CUST_16818;PROD_2918;12;2292.46;27509.52;2023-06-19;debit_card;Aragão;MG;shipped;parceiro_a
0ed9e76b-cc16-976c-a2c4-7b2c03f9a04c;CUST_30328;PROD_4824;18;1059.3;19067.4;2023-06-04;debit_card;Martins das Flores;SP;delivered;parceiro_c
1b034aa3-cc6f-3ed0-a1cf-62e0f17810de;CUST_37085;PROD_4065;2;4665.32;9330.64;2023-06-21;credit_card;Pinto da Serra;RS;cancelled;parceiro_c
89663042-6df8-3311-b6dc-d7c361529be9;CUST_36120;PROD_1123;14;2407.04;33698.56;2023-06-14;credit_card;Garcia Alegre;PR;shipped;parceiro_b
ebc8cdfa-3474-03ab-c070-8a6e36e45237;CUST_27867;PROD_0142;17;3508.97;59652.49;2023-06-21;credit_card;Souza;CE;cancelled;parceiro_a
dd5948d1-16bc-8a89-fc10-69ab42587385;CUST_40564;PROD_4520;13;3521.05;45773.65;2023-06-13;debit_card;Rezende;MG;delivered;parceiro_a
f6f8da3a-2cec-9ab3-9baa-41cf7ef5a7f5;CUST_42346;PROD_1319;8;920.33;7362.64;2023-06-05;boleto;Borges;SP;cancelled;parceiro_a
61bb1a7c-785a-2218-4d39-1d7438563041;CUST_38242;PROD_3762;13;390.21;5072.73;2023-06-17;boleto;da Luz;RS;shipped;parceiro_b
b863783d-b8a5-732a-8075-6e14fba43e50;CUST_43047;PROD_4516;6;3605.18;21631.08;2023-06-05;debit_card;Novaes;MG;delivered;parceiro_c
3defacf1-911c-566d-c4a4-95827d730630;CUST_18914;PROD_4641;20;2095.1;41902.0;2023-06-08;debit_card;Aparecida do Amparo;RJ;delivered;parceiro_a
b9af2671-728a-4d99-b28e-f6b17b2aac4b;CUST_37255;PROD_1991;18;1970.74;35473.32;2023-06-24;pix;Alves do Galho;RS;delivered;parceiro_a
aaec3a82-d54f-4551-e3a7-33f2127906e9;CUST_35077;PROD_0801;4;3777.48;15109.92;2023-06-14;credit_card;Rocha Grande;SP;delivered;parceiro_b
a0f848fa-9203-5ef4-1e4e-f750743d5209;CUST_11908;PROD_0992;9;2207.5;19867.5;2023-06-12;pix;Macedo da Serra;MA;delivered;parceiro_b
5cba60c6-5860-7d20-a96a-c8caecbf1c8f;CUST_30872;PROD_1950;13;187.35;2435.55;2023-06-09;credit_card;Pinto de Santos;MG;cancelled;parceiro_a
32ce9061-4735-b0c4-0e38-2b819db720a4;CUST_26652;PROD_3179;4;4373.28;17493.12;2023-06-01;pix;Vasconcelos;RS;delivered;parceiro_a
341f4969-8568-4eb8-fdc3-9e95215f75d3;CUST_00297;PROD_1532;10;3471.88;34718.8;2023-06-12;credit_card;Rios de Rocha;SP;delivered;parceiro_b
812666ca-f9fc-c1e8-84af-dc943f1f2474;CUST_33784;PROD_1578;4;3814.07;15256.28;2023-06-26;credit_card;Marques;SP;pending;parceiro_b
7de2b1b6-60d0-fbf9-90ca-794e0be979a0;CUST_30504;PROD_4722;14;93.21;1304.94;2023-06-21;debit_card;Barros;RJ;delivered;parceiro_a
9aa85825-187d-a88d-1577-db1d43e24052;CUST_30180;PROD_2998;11;2376.23;26138.53;2023-06-15;credit_card;Novaes;MG;delivered;parceiro_b
1cdae477-af7b-f26c-8ca8-fef4e8ae221a;CUST_46209;PROD_0553;10;3329.86;33298.6;2023-06-18;debit_card;Silveira do Galho;RS;delivered;parceiro_a
af94a338-e283-131c-1a04-fb072f26d9aa;CUST_37357;PROD_1230;12;3455.89;41470.68;2023-06-17;debit_card;Nascimento Paulista;DF;delivered;parceiro_b
df29807e-0ba8-b896-55de-f05f0ef87b46;CUST_01432;PROD_4852;6;2170.48;13022.88;2023-06-13;boleto;Mendonça do Galho;SP;delivered;parceiro_b
6e25d6e5-30a4-e118-4085-d5bbe64466be;CUST_11877;PROD_2335;17;3962.03;67354.51;2023-06-18;debit_card;Casa Grande;CE;delivered;parceiro_a
068e5d69-f5fe-9715-b321-31e40569c5a2;CUST_41013;PROD_4936;14;1432.81;20059.34;2023-06-22;pix;Vasconcelos;MG;delivered;parceiro_c
382dd711-6574-f45b-a3b8-ff98221b03cf;CUST_29848;PROD_0075;1;623.11;623.11;2023-06-20;credit_card;Garcia de Duarte;SP;delivered;parceiro_b
ef453af9-d04d-9e23-deb6-88c48a4857c4;CUST_32569;PROD_1098;2;4873.25;9746.5;2023-06-11;pix;Ferreira;PI;pending;parceiro_c
b5fe1153-a651-f36c-68c7-97f5bc9f4daa;CUST_14324;PROD_4262;4;1446.98;5787.92;2023-06-21;pix;Pimenta;SP;shipped;parceiro_a
a904e84c-31ef-8a86-d158-ed3e77ad767b;CUST_40106;PROD_4014;5;2368.15;11840.75;2023-06-28;credit_card;Gomes;MS;delivered;parceiro_a
8732d1bd-078a-de56-169a-c35c9621c30b;CUST_02690;PROD_2083;10;4894.93;48949.3;2023-06-13;debit_card;Marques;MG;delivered;parceiro_b
901dd390-fcd9-12ee-d248-2b9a140de726;CUST_33544;PROD_2048;13;4948.01;64324.13;2023-06-22;credit_card;Gomes das Pedras;MG;delivered;parceiro_a
3a8110a6-f5dd-f906-fa0a-8e5294440628;CUST_11034;PROD_0978;11;2266.0;24926.0;2023-06-16;credit_card;Pacheco Grande;RJ;delivered;parceiro_b
87bcbec3-2712-d5db-ac69-aeaa24ce28f3;CUST_13052;PROD_1784;8;4265.57;34124.56;2023-06-15;pix;Pimenta do Sul;PA;shipped;parceiro_c
4fc45947-305e-8256-6a64-56ed5e13eb3e;CUST_42648;PROD_4402;20;2518.84;50376.8;2023-06-16;debit_card;Cardoso de Andrade;RJ;delivered;parceiro_b
99d1d23a-329f-a05c-7754-d7e7ad7e3b78;CUST_47981;PROD_2684;12;1884.7;22616.4;2023-06-25;boleto;Barbosa;SP;delivered;parceiro_b
24fb4103-8a53-6d7b-134f-4cce516ac29b;CUST_24786;PROD_3679;3;2320.37;6961.11;2023-06-12;credit_card;Marques Verde;PR;delivered;parceiro_b
678f5f1a-162a-5f44-73f4-2d62fbed87db;CUST_33949;PROD_0886;7;2998.97;20992.79;2023-06-08;pix;Costela;RO;pending;parceiro_a
993df537-ef5f-1822-42b9-8f8f5cb5997a;CUST_41408;PROD_3770;17;3510.61;59680.37;2023-06-17;credit_card;Farias;AP;pending;parceiro_b
bc04cd08-3898-9213-fe2d-5bd167ba1a47;CUST_00360;PROD_4679;6;428.89;2573.34;2023-06-15;boleto;Martins;BA;pending;parceiro_b
e1b641d8-a18a-bd59-79b4-b320e18df34c;CUST_05287;PROD_2841;14;4878.96;68305.44;2023-06-02;pix;Silveira;MG;delivered;parceiro_b
c7ab132c-8662-b1b1-c652-7410a7f0ba39;CUST_11207;PROD_1673;4;1812.56;7250.24;2023-06-02;pix;Macedo dos Dourados;RJ;delivered;parceiro_b
60aa5e4c-f368-f7c0-c161-9f78ba83bd87;CUST_48532;PROD_4125;7;1419.99;9939.93;2023-06-16;credit_card;Fonseca Verde;ES;delivered;parceiro_a
46b27759-4cd8-46bd-7f82-db8354d25f97;CUST_29089;PROD_3557;8;2063.41;16507.28;2023-06-11;credit_card;Ferreira Verde;PB;shipped;parceiro_a
07148948-b7f3-d960-5653-e65a4f851635;CUST_21902;PROD_4363;15;641.82;9627.3;2023-06-22;credit_card;Barbosa;SC;cancelled;parceiro_c
5c634fd0-2ab8-11ea-fcc4-b335b51ebec8;CUST_43834;PROD_1889;8;2580.12;20640.96;2023-06-14;credit_card;Pimenta Verde;MG;pending;parceiro_c
58cafec4-1db2-5c43-0ef2-3471dbe65e62;CUST_34759;PROD_1719;12;3352.89;40234.68;2023-06-24;pix;Nogueira Grande;RN;delivered;parceiro_c
a9e83827-85c9-df01-eb35-fed0c8f0b1f7;CUST_11978;PROD_0644;15;4438.29;66574.35;2023-06-18;pix;Rocha;SP;delivered;parceiro_c
5fd7a838-19ea-9410-6bda-768f0de838b5;CUST_13184;PROD_3868;12;4126.58;49518.96;2023-06-23;boleto;Vasconcelos de Silva;MG;delivered;parceiro_a
07b252b5-ea98-b53b-b42b-b4329ef5efd8;CUST_47119;PROD_3967;8;4120.96;32967.68;2023-06-27;pix;Peixoto do Norte;MG;delivered;parceiro_c
f5daf4c8-3005-567f-2550-d10322938f63;CUST_13289;PROD_1901;15;3328.92;49933.8;2023-06-14;credit_card;Pacheco;MG;shipped;parceiro_b
662732c9-82c5-22af-1b80-2d635a52a4dd;CUST_02843;PROD_3080;8;149.99;1199.92;2023-06-21;pix;da Luz Grande;RS;delivered;parceiro_c
e96316d0-5ee3-c61d-0b82-2b8c6f836af0;CUST_09405;PROD_3191;6;4947.65;29685.9;2023-06-11;pix;Silva de Souza;RJ;shipped;parceiro_c
54c5d074-32ec-085f-5da2-efd9efe28805;CUST_46352;PROD_2318;3;1230.33;3690.99;2023-06-02;pix;Ramos;ES;shipped;parceiro_c
277e96f1-e8bc-01df-2202-001db6251657;CUST_44897;PROD_4120;13;4280.04;55640.52;2023-06-12;pix;da Conceição do Amparo;CE;shipped;parceiro_a
1808ebf3-8d6d-44bb-f167-c40ba82735f0;CUST_49413;PROD_1037;17;824.16;14010.72;2023-06-15;debit_card;Albuquerque do Oeste;MG;delivered;parceiro_b
33bd351d-bef4-865c-15fb-ebe0c6bdeace;CUST_43676;PROD_4474;18;3949.69;71094.42;2023-06-01;debit_card;Santos da Prata;BA;cancelled;parceiro_b
e86b4491-ecd6-056c-548c-81716120b4d8;CUST_43598;PROD_3469;18;1671.66;30089.88;2023-06-21;pix;Pires;MG;pending;parceiro_b
3a380387-87b6-32e9-117f-b9157b32edd7;CUST_26894;PROD_4614;19;1118.87;21258.53;2023-06-28;credit_card;Correia;SP;shipped;parceiro_a
fbadd30f-747c-f8c7-158a-ddfb0244f096;CUST_00150;PROD_1202;20;1964.34;39286.8;2023-06-26;credit_card;Aparecida do Galho;PA;cancelled;parceiro_a
502d4e3b-e556-11d2-32f2-f167c2383d5e;CUST_07441;PROD_3787;20;4610.74;92214.8;2023-06-08;credit_card;Novaes;GO;delivered;parceiro_a
426e3a59-b201-94c3-38c4-eda61c120a7b;CUST_06020;PROD_0378;7;1069.84;7488.88;2023-06-15;pix;Vieira;SP;delivered;parceiro_b
f09f776a-ace5-593b-c03b-9ed965a8e0ce;CUST_16522;PROD_1518;16;1566.22;25059.52;2023-06-12;credit_card;Sá de Marques;DF;delivered;parceiro_b
7eab640c-f258-4f63-f321-8d3a726c954a;CUST_00077;PROD_0901;16;2586.03;41376.48;2023-06-25;credit_card;Montenegro;RJ;pending;parceiro_a
fd21094b-165c-2d5a-7f7f-8466a56b9ea8;CUST_39245;PROD_4246;12;932.33;11187.96;2023-06-27;credit_card;Ferreira;SP;shipped;parceiro_b
1a0d6e45-84b3-f2ec-4b36-b61bdfb55caa;CUST_07708;PROD_1539;9;1741.57;15674.13;2023-06-10;credit_card;Silva do Sul;SP;delivered;parceiro_a
af6f9c78-d739-eefb-0890-f6812e1f1601;CUST_10487;PROD_4518;18;21.77;391.86;2023-06-27;boleto;Fernandes de Montenegro;SC;shipped;parceiro_a
ed509d0c-1b7c-9e96-de68-9bdc1d423386;CUST_32710;PROD_2486;2;3551.8;7103.6;2023-06-13;boleto;Castro de Gonçalves;MG;delivered;parceiro_b
1710199f-d69b-b4ec-369c-6d2c11e2ed11;CUST_32464;PROD_4713;12;3031.55;36378.6;2023-06-24;debit_card;Araújo da Serra;AM;delivered;parceiro_a
53f3fa89-73da-4ebc-2cac-65c145ab7fd5;CUST_38425;PROD_1919;14;2236.13;31305.82;2023-06-28;boleto;Câmara de Cunha;ES;delivered;parceiro_b
6da7b58a-2083-91d6-ccf8-7e1d55796df4;CUST_43640;PROD_2003;14;115.5;1617.0;2023-06-29;credit_card;Fogaça da Praia;RJ;cancelled;parceiro_a
383bb029-59e9-93c9-9b5d-7334044f4473;CUST_08589;PROD_2221;3;4229.05;12687.15;2023-06-20;pix;Brito da Prata;SP;shipped;parceiro_a
b14a29b0-be17-89e6-20f5-f75747797358;CUST_32939;PROD_2296;16;1465.53;23448.48;2023-06-22;pix;Castro;PA;delivered;parceiro_b
5310f6c6-8b80-57f5-bd0f-21b7a1c93133;CUST_44063;PROD_3739;20;4817.55;96351.0;2023-06-22;pix;Silva do Norte;RS;pending;parceiro_a
72a1b3a0-e98f-296d-342a-3d2c8213879d;CUST_01485;PROD_4703;3;1596.89;4790.67;2023-06-02;pix;Cardoso da Serra;RJ;delivered;parceiro_a
7f470836-cf49-6026-e5ba-bcdfae19e3af;CUST_10056;PROD_3439;5;1447.69;7238.45;2023-06-30;debit_card;Dias;MS;delivered;parceiro_a
eb630d9f-0db6-1613-d323-6089efd4ea31;CUST_27376;PROD_1219;1;3944.51;3944.51;2023-06-04;credit_card;da Paz;RS;shipped;parceiro_b
c3366b51-4310-d81d-7c60-3509a684c7ba;CUST_07667;PROD_2400;19;4625.65;87887.35;2023-06-17;pix;Camargo;PR;delivered;parceiro_b
2084d363-861c-7187-e918-c657857520b9;CUST_09401;PROD_0276;1;791.86;791.86;2023-06-26;debit_card;Pastor;SP;delivered;parceiro_a
0be74426-06d8-ca5d-482c-7d2e361bf0de;CUST_04569;PROD_3724;5;424.9;2124.5;2023-06-14;credit_card;da Luz;BA;delivered;parceiro_b
2c331d38-ba00-4191-16ba-4fc8c17444e5;CUST_43924;PROD_3942;11;426.79;4694.69;2023-06-17;pix;Nunes;BA;delivered;parceiro_b
f239ee9b-77a6-e97d-d45a-85ab989a75fd;CUST_32674;PROD_4995;20;2216.41;44328.2;2023-06-30;pix;Gomes;RJ;delivered;parceiro_c
2be192cb-321e-33a2-0de6-389f2c0e5b9e;CUST_39908;PROD_0772;17;3988.38;67802.46;2023-06-03;pix;Peixoto;MS;pending;parceiro_a
8cceb1e0-4e44-f52e-4be9-af7f00ae1015;CUST_27866;PROD_0118;13;736.98;9580.74;2023-06-23;pix;Mendonça dos Dourados;RJ;cancelled;parceiro_a
39379e90-b6c1-8c55-7625-5313f708095d;CUST_35793;PROD_4739;2;4788.85;9577.7;2023-06-24;pix;Novaes;RJ;delivered;parceiro_c
a9741525-951d-234d-be4b-a55fb7342d2f;CUST_05076;PROD_0096;4;3582.94;14331.76;2023-06-01;credit_card;Aragão;PR;pending;parceiro_a
31af036b-4747-b8cb-cef0-c3109955d89b;CUST_20535;PROD_0424;18;2844.95;51209.1;2023-06-22;credit_card;Nascimento de Ferreira;RJ;delivered;parceiro_a
8b592dcc-b948-b9f8-5b22-4b6dc6e7fbd2;CUST_21377;PROD_3927;11;503.56;5539.16;2023-06-28;credit_card;Nascimento Verde;SP;delivered;parceiro_b
a55696b0-9f8c-8520-39d6-248b81ceb0fa;CUST_08032;PROD_4825;13;1501.62;19521.06;2023-06-17;boleto;da Rocha;RJ;delivered;parceiro_a
f171b9ca-0f39-87be-9f2c-cd6c76057e16;CUST_10412;PROD_1049;13;1259.24;16370.12;2023-06-03;credit_card;Vargas de Abreu;SP;cancelled;parceiro_b
3b1e15e0-4b7d-1740-a46c-1de718098fdd;CUST_22370;PROD_4769;5;1725.96;8629.8;2023-06-10;pix;Moraes de Silva;RJ;delivered;parceiro_b
12bedbdc-7910-a520-c7d2-c3d8bbc62f2a;CUST_35986;PROD_4058;17;4879.64;82953.88;2023-06-04;credit_card;Pinto da Praia;BA;delivered;parceiro_a
1ec5fd5f-9be7-075e-9b21-9797259f2a37;CUST_32487;PROD_0855;16;4572.58;73161.28;2023-06-08;debit_card;Fonseca;PA;cancelled;parceiro_b
5a3d61f4-dfe0-629b-8444-c45730349cd1;CUST_42627;PROD_3185;7;4715.31;33007.17;2023-06-10;pix;Costa;SP;delivered;parceiro_c
dbf74241-d26b-e656-56a4-9c648492eb1a;CUST_28404;PROD_3742;3;1632.57;4897.71;2023-06-24;pix;Marques da Prata;SP;cancelled;parceiro_a
8852016b-a8fd-727a-cf7f-34f60e020570;CUST_05986;PROD_1373;14;1571.47;22000.58;2023-06-21;pix;Dias;SP;delivered;parceiro_c
8091fd62-d0c0-2d75-4ceb-c083ce71cf10;CUST_20573;PROD_1165;16;4665.95;74655.2;2023-06-27;credit_card;Cunha do Norte;MS;delivered;parceiro_b
97ca89e5-f2cc-5621-347a-1ee21a24fb1f;CUST_35053;PROD_3222;4;4770.74;19082.96;2023-06-04;credit_card;Fernandes;DF;delivered;parceiro_b
7c366fd0-7050-841f-57ba-a7510993e047;CUST_14713;PROD_4411;3;446.85;1340.55;2023-06-14;credit_card;Silva Alegre;RS;shipped;parceiro_b
11b645d6-b11d-0b72-c286-70b611c10506;CUST_21806;PROD_0387;4;2031.08;8124.32;2023-06-30;debit_card;Lima;SP;delivered;parceiro_c
596d7e4d-1d3c-1b2b-db13-adbe5d62ae78;CUST_01704;PROD_2080;12;4220.13;50641.56;2023-06-16;credit_card;Mendonça;SP;shipped;parceiro_a
c70269af-8547-3ad7-83a4-c7b9cdb8c7e0;CUST_12081;PROD_0618;13;83.84;1089.92;2023-06-17;pix;Mendes;RJ;cancelled;parceiro_b
916b9902-6e80-4d55-4061-003315f453c3;CUST_23399;PROD_4523;17;4238.61;72056.37;2023-06-04;pix;Cardoso;MG;delivered;parceiro_a
a130bd4e-b185-84bf-0b8c-58d01bd924c5;CUST_10568;PROD_1610;19;4021.55;76409.45;2023-06-21;pix;da Cruz do Sul;MT;pending;parceiro_c
b33cfc1d-2694-0f9f-1a69-8364881ef3dc;CUST_21850;PROD_3715;9;3416.63;30749.67;2023-06-28;pix;da Cruz;PB;delivered;parceiro_a
4fdb1a8e-60ab-9a87-889e-94e9375492b0;CUST_02505;PROD_3150;11;3040.82;33449.02;2023-06-06;credit_card;Correia;MG;delivered;parceiro_a
7640bfb6-48af-b3b2-e14c-9b204b1ccaaa;CUST_26376;PROD_4659;1;4619.96;4619.96;2023-06-08;pix;Almeida de Andrade;GO;shipped;parceiro_c
8b55008c-99c8-f103-c7fd-499fd8c29a6e;CUST_37980;PROD_4413;5;2615.57;13077.85;2023-06-13;boleto;Novais do Galho;GO;delivered;parceiro_c
f5328a74-a359-be46-83c0-b3e7f0362170;CUST_38291;PROD_1690;6;1908.29;11449.74;2023-06-18;pix;Nascimento;RS;delivered;parceiro_b
c9d3e69b-f456-6ea4-9b77-d0a0ea4f0b60;CUST_28374;PROD_3439;5;1421.34;7106.7;2023-06-02;pix;Mendonça de Santos;MG;cancelled;parceiro_a
305c2a52-0586-5b0b-6ac9-9ad607da2e4e;CUST_12921;PROD_4263;20;2751.7;55034.0;2023-06-14;pix;Novais;SP;delivered;parceiro_c
b170cbd1-f935-c2dd-1a96-2c9cf4ed8ed6;CUST_29497;PROD_1978;4;3536.19;14144.76;2023-06-13;boleto;Albuquerque;PE;delivered;parceiro_c
32bfc77f-d95d-2fc7-9f96-70413fd59d0f;CUST_22091;PROD_1114;3;895.87;2687.61;2023-06-30;credit_card;Fonseca;RS;shipped;parceiro_b
bb70463b-0165-6522-5487-5d0e2e7bb041;CUST_25214;PROD_3316;1;3284.77;3284.77;2023-06-30;boleto;Silveira;GO;delivered;parceiro_a
8b33941d-7394-7296-be55-360c91ad934d;CUST_21846;PROD_4003;3;589.15;1767.45;2023-06-03;credit_card;Garcia Grande;RJ;delivered;parceiro_c
eac8131b-beaf-9c68-d1ee-e9de97b4da5c;CUST_42989;PROD_3519;16;452.26;7236.16;2023-06-09;boleto;Vieira;MG;shipped;parceiro_b
fa45ff1f-ba2c-a279-9188-017720bad2e6;CUST_05203;PROD_0705;13;3185.16;41407.08;2023-06-26;pix;Ribeiro;AM;delivered;parceiro_c
f267b853-6803-36e9-fb2d-512e5a8ec311;CUST_06954;PROD_3393;4;2721.12;10884.48;2023-06-06;credit_card;Vieira do Galho;RJ;cancelled;parceiro_a
2e0d5504-cf13-e114-c713-0c0f2f4a92cf;CUST_39181;PROD_4814;18;1365.33;24575.94;2023-06-29;boleto;Machado;SC;delivered;parceiro_c
76ef5eb6-9740-f930-bf53-484e01a10f09;CUST_44094;PROD_0147;5;3408.88;17044.4;2023-06-02;pix;Pimenta;RJ;pending;parceiro_c
91092e74-5a47-414f-7f1d-2af292061367;CUST_12975;PROD_2005;17;2079.32;35348.44;2023-06-01;pix;Garcia;PB;cancelled;parceiro_a
8db99d53-915e-04e9-9de7-6a368e476351;CUST_33245;PROD_1478;5;964.71;4823.55;2023-06-27;debit_card;Araújo Paulista;RJ;delivered;parceiro_a
723218b3-300d-bb54-969d-5cfb2b2e70ae;CUST_02099;PROD_0999;14;1671.75;23404.5;2023-06-02;credit_card;Barbosa;RJ;delivered;parceiro_a
aaf4f1b9-04f9-8619-c6b4-171c6c537a18;CUST_49919;PROD_2310;8;2071.55;16572.4;2023-06-07;credit_card;Lima;MA;delivered;parceiro_a
e418a531-f892-74e4-fde8-4ca5e0cd0c5d;CUST_27603;PROD_0019;14;1069.12;14967.68;2023-06-03;credit_card;Guerra;RJ;pending;parceiro_b
77357fc1-0966-262e-5c4c-7721ad9a45e7;CUST_19426;PROD_2755;15;66.02;990.3;2023-06-23;pix;Araújo dos Dourados;ES;delivered;parceiro_a
465c4554-dfd2-7ca7-6a83-2c3400bcb2a6;CUST_36134;PROD_4178;1;513.12;513.12;2023-06-19;boleto;Novais da Serra;AM;delivered;parceiro_a
f2f4f3ed-1fe9-b1a8-6a05-1d53f79ebfcd;CUST_09584;PROD_0639;13;2828.4;36769.2;2023-06-03;pix;Gonçalves;PE;shipped;parceiro_c
f4bf1d91-81b7-eb27-e14d-17e006c98a08;CUST_40461;PROD_0845;20;821.9;16438.0;2023-06-18;credit_card;Alves;RS;cancelled;parceiro_b
7fc430d5-f6ff-2f03-bd33-d67225ba14fa;CUST_49177;PROD_4121;15;4999.88;74998.2;2023-06-03;debit_card;Teixeira dos Dourados;PB;delivered;parceiro_a
faffadb9-9c5c-19bf-a6ed-6a18c81e7f7c;CUST_22265;PROD_0087;17;4923.1;83692.7;2023-06-21;boleto;Camargo de Vargas;RS;delivered;parceiro_c
b100fd38-acd3-7168-e2b5-a1a3917d65e0;CUST_28823;PROD_4233;20;4965.15;99303.0;2023-06-17;boleto;Freitas das Flores;SP;delivered;parceiro_c
b0c478a9-0068-af5b-c4f9-d7747f8ae6f3;CUST_39809;PROD_4164;18;3417.96;61523.28;2023-06-05;credit_card;da Costa de Vargas;PR;delivered;parceiro_c
8ffbe2c5-e014-cd64-df51-1db7074bdbed;CUST_44736;PROD_3328;20;3111.15;62223.0;2023-06-05;credit_card;Borges de Sales;GO;delivered;parceiro_a
403eebc0-c242-a674-07b3-2b596a8acfea;CUST_40146;PROD_0022;15;2474.77;37121.55;2023-06-24;debit_card;Mendes de Castro;CE;shipped;parceiro_b
f54e07f5-bbb4-de6a-9a97-98fbed05c532;CUST_39344;PROD_0024;13;2406.59;31285.67;2023-06-19;boleto;Guerra;RS;delivered;parceiro_b
1f7d2e2b-39e2-ce64-a7f1-04569fcf472f;CUST_16899;PROD_0963;19;4967.45;94381.55;2023-06-25;pix;Moura;MG;delivered;parceiro_a
c7959ec1-ade7-9a60-3809-5b99088ca10a;CUST_26332;PROD_3317;16;3539.04;56624.64;2023-06-18;debit_card;Fonseca do Oeste;RS;shipped;parceiro_b
1b09a65a-ea6b-ac00-212f-ff1baa336f3c;CUST_20875;PROD_1908;10;255.84;2558.4;2023-06-07;pix;Costela;RJ;delivered;parceiro_a
4ab1e8e1-fba1-4cbc-539b-1a1536c18991;CUST_12423;PROD_1052;13;1017.85;13232.05;2023-06-07;debit_card;Ramos;MG;delivered;parceiro_c
4afc39c4-c604-6908-bcd1-794d572f8e3c;CUST_29441;PROD_0895;6;3875.4;23252.4;2023-06-27;boleto;Pacheco;MA;delivered;parceiro_a
35e4f677-b900-81ea-0e79-928c8c455cd4;CUST_05280;PROD_1275;17;179.74;3055.58;2023-06-29;boleto;da Rocha;RS;shipped;parceiro_b
a0d3f39d-c4c7-ce95-e241-dae6597a415b;CUST_42455;PROD_1372;11;4525.86;49784.46;2023-06-19;credit_card;Peixoto;RS;cancelled;parceiro_a
7ad4146f-e89f-f49a-07f1-fdf5aee1af19;CUST_22747;PROD_3967;7;4644.37;32510.59;2023-06-26;pix;Barbosa de Vasconcelos;PR;delivered;parceiro_b
647679be-3c8e-e209-2515-402df2beacc9;CUST_38731;PROD_3336;20;733.29;14665.8;2023-06-27;pix;Campos da Praia;SP;delivered;parceiro_c
d6806fed-7f2f-4bf4-3b79-a644df33244b;CUST_36237;PROD_1001;10;852.4;8524.0;2023-06-11;pix;Novaes;AL;pending;parceiro_c
ad104e32-3b83-1025-8310-6fc116c3d255;CUST_31858;PROD_1096;11;1818.58;20004.38;2023-06-26;debit_card;Siqueira;SP;delivered;parceiro_a
15a23210-5eaa-5b4a-9c38-bbf23a098981;CUST_16790;PROD_3851;17;1250.12;21252.04;2023-06-29;pix;Sampaio;SP;pending;parceiro_c
8bb6e006-de8a-bd7c-c737-181bd491e9f6;CUST_30532;PROD_0572;2;1020.36;2040.72;2023-06-10;credit_card;Almeida;SP;delivered;parceiro_a
f21e5e55-afc8-7ddb-8b01-9fb98e3aa63c;CUST_40817;PROD_3141;19;4065.47;77243.93;2023-06-07;credit_card;Cirino;RJ;delivered;parceiro_b
5f25d052-60f7-7712-483a-b8ccee3aab4a;CUST_19600;PROD_0791;17;876.46;14899.82;2023-06-01;debit_card;Novais;RJ;shipped;parceiro_c
8cef3f3a-9bf2-2ad5-72d8-edac41681b82;CUST_32893;PROD_4690;11;4681.03;51491.33;2023-06-25;credit_card;Duarte;MA;delivered;parceiro_b
5fce34d1-018d-4b2f-86c1-5fd4a990a29a;CUST_35556;PROD_2351;1;549.9;549.9;2023-06-22;pix;Fogaça;RN;shipped;parceiro_b
02be3fdf-f8a3-34ed-bba6-43e6b727157b;CUST_01314;PROD_1637;16;3253.16;52050.56;2023-06-11;credit_card;Gonçalves do Galho;SP;delivered;parceiro_b
9717eea7-de98-521d-f09e-ef9d43fc4bd9;CUST_07103;PROD_1653;6;502.32;3013.92;2023-06-01;boleto;Novaes do Campo;RJ;delivered;parceiro_c
ba16db72-bec9-9a17-9863-9f47a6c84949;CUST_41516;PROD_4233;14;71.13;995.82;2023-06-10;pix;Cavalcanti;PR;delivered;parceiro_a
626cd6ab-043a-0830-0f9d-be7c2919eea4;CUST_30232;PROD_1635;6;948.41;5690.46;2023-06-22;boleto;Pacheco;SP;delivered;parceiro_b
4369ff09-62d7-e0c2-c4f2-dfb8d8744f3d;CUST_35304;PROD_2082;20;2860.37;57207.4;2023-06-19;boleto;Costela;PA;pending;parceiro_c
adb656d9-72a8-cec4-f5af-bb5d71cabb3a;CUST_35511;PROD_2142;14;3317.68;46447.52;2023-06-22;pix;Abreu da Praia;PR;pending;parceiro_b
a10064a6-35dd-11e0-a806-307dc8bc6a20;CUST_23346;PROD_1640;5;2877.01;14385.05;2023-06-03;pix;Pimenta;RJ;delivered;parceiro_b
3fbffdd2-267c-0c7b-37c2-508ac4515f8c;CUST_07555;PROD_0208;7;714.87;5004.09;2023-06-20;debit_card;Vieira;SP;delivered;parceiro_c
a2542902-de18-93de-e145-3b9bf7dfade2;CUST_24094;PROD_0743;9;468.55;4216.95;2023-06-20;debit_card;Mendonça;RJ;shipped;parceiro_b
8805843d-3700-7ab9-d4c3-747571e3cba1;CUST_00985;PROD_0871;16;4800.06;76800.96;2023-06-09;boleto;Garcia Paulista;SP;delivered;parceiro_a
694675de-80a9-a52b-6d30-ae734bc42993;CUST_19061;PROD_4858;18;1333.11;23995.98;2023-06-20;credit_card;Montenegro de Gonçalves;RS;delivered;parceiro_a
cf74e8f8-cb23-df1b-75b9-74457d6c71d9;CUST_37557;PROD_0127;4;623.59;2494.36;2023-06-26;pix;Garcia de Camargo;PR;delivered;parceiro_b
60d19d71-8dcd-dcd6-d5b2-a0015f8ca786;CUST_34305;PROD_2181;6;1304.44;7826.64;2023-06-30;pix;Pires de da Costa;MG;delivered;parceiro_a
9bfbdddf-d759-2829-e655-72b2afb6915b;CUST_35925;PROD_1561;12;321.38;3856.56;2023-06-22;debit_card;Aragão;SP;cancelled;parceiro_b
ce8f417b-6e47-d8b7-e52d-53c817c6e363;CUST_46638;PROD_4615;18;4098.32;73769.76;2023-06-25;boleto;Nogueira;SP;shipped;parceiro_a
e94d1a2a-d17e-e107-efb5-f374e860f460;CUST_09023;PROD_2585;5;4507.42;22537.1;2023-06-19;pix;Barbosa de Rezende;PR;delivered;parceiro_a
007aa69b-c5d0-5d09-7508-543f6120e664;CUST_38131;PROD_1568;10;3267.6;32676.0;2023-06-16;pix;Alves;SP;delivered;parceiro_b
a2f74c3f-ef1d-ce0e-900d-eaa219a8ea31;CUST_03847;PROD_4348;20;2247.88;44957.6;2023-06-29;credit_card;Teixeira;SP;delivered;parceiro_b
28feca3b-c14d-a017-fc53-4c64b9edb2cb;CUST_30839;PROD_1989;14;2973.42;41627.88;2023-06-23;pix;Teixeira de Sales;SP;delivered;parceiro_b
56d58c60-5a41-d940-2435-846d6f3035fc;CUST_09180;PROD_2265;8;196.51;1572.08;2023-06-04;credit_card;Campos;RJ;shipped;parceiro_a
fbd8abe1-e7f0-3cb3-3e4a-78f7814998e9;CUST_21871;PROD_2143;19;2547.89;48409.91;2023-06-04;pix;Santos Grande;ES;delivered;parceiro_c
725e2e0f-5f85-7392-b035-cabfc78bc7fb;CUST_29456;PROD_2910;18;1589.67;28614.06;2023-06-12;debit_card;Cardoso;RJ;delivered;parceiro_c
05d6f7ff-c8a2-5f85-bf4d-f20628b21557;CUST_04967;PROD_3588;2;4575.44;9150.88;2023-06-08;boleto;Abreu;RS;shipped;parceiro_b
1fe81f31-2c2c-141d-2390-b4f3a94accb3;CUST_38560;PROD_3930;9;2464.43;22179.87;2023-06-08;pix;Rios de Guerra;SP;delivered;parceiro_a
aa25e8ba-8c6f-3894-87b8-b96151fe0b74;CUST_24861;PROD_3698;2;836.99;1673.98;2023-06-13;credit_card;Costela Alegre;GO;shipped;parceiro_a
f14a1c86-98c1-6159-ce71-87df0e7b052b;CUST_05821;PROD_1447;16;1002.99;16047.84;2023-06-17;debit_card;Souza das Flores;CE;delivered;parceiro_c
9ae80d26-80e9-9b1c-366c-9f23d1027d6c;CUST_20215;PROD_0365;7;1321.94;9253.58;2023-06-27;boleto;Vieira de Mendonça;SP;delivered;parceiro_b
c4d9f1b4-c99a-a64c-3c7f-cb0f711f3815;CUST_01868;PROD_1126;16;3597.74;57563.84;2023-06-04;credit_card;Pires;SC;shipped;parceiro_c
5e4c3830-8080-1c0f-907f-9a3589732a88;CUST_02214;PROD_2964;5;1024.79;5123.95;2023-06-23;pix;Albuquerque do Sul;PR;delivered;parceiro_a
c21ddfa8-63ce-ec01-5c5b-67b8c443f725;CUST_17015;PROD_1435;10;4301.57;43015.7;2023-06-23;credit_card;Nunes Verde;ES;delivered;parceiro_a
6b8e1edf-2cce-b004-86a9-710d7f7fa12a;CUST_36274;PROD_0564;5;4806.99;24034.95;2023-06-01;credit_card;Viana do Sul;DF;shipped;parceiro_b
2c4bb5f0-13b9-afc7-50d9-bdb25a6f4c33;CUST_30071;PROD_3804;8;466.21;3729.68;2023-06-02;debit_card;Cavalcante da Mata;MG;delivered;parceiro_c
ff29f4d2-2a04-ed85-05ee-4f9d3d0cb86e;CUST_35301;PROD_4757;19;2225.62;42286.78;2023-06-23;debit_card;Vasconcelos;RJ;pending;parceiro_a
ba9c303c-fa27-745f-d295-a042661746ab;CUST_43878;PROD_2450;11;573.49;6308.39;2023-06-12;pix;Nunes;PR;delivered;parceiro_b
52d5cff0-2fef-5b23-04df-531d03db20bc;CUST_21285;PROD_4728;3;382.83;1148.49;2023-06-04;credit_card;Duarte;SP;delivered;parceiro_b
a76e76c4-a368-8d50-9ad1-3173edf32f57;CUST_21503;PROD_3856;3;4710.54;14131.62;2023-06-08;boleto;Garcia;RS;delivered;parceiro_c
d6e20352-6ae5-712a-269a-65bbbbab99fc;CUST_48617;PROD_1732;10;3831.59;38315.9;2023-06-14;credit_card;Melo de Costela;PB;delivered;parceiro_a
b00a7eec-1ff6-6f70-3e8a-4a9b843c7538;CUST_13627;PROD_3440;9;2137.73;19239.57;2023-06-09;pix;Novais de Goiás;PR;delivered;parceiro_a
413b1136-6f1e-0d38-5963-ee4822b30c15;CUST_38208;PROD_3544;13;2368.44;30789.72;2023-06-19;pix;Teixeira;RJ;cancelled;parceiro_c
33b0cb76-688e-7c7c-9b3c-97a2fd995cdf;CUST_43208;PROD_0267;2;4482.81;8965.62;2023-06-28;pix;Brito Paulista;SP;delivered;parceiro_a
a151a977-61cf-d9a9-a968-a9b2e1e9b7d6;CUST_03758;PROD_1498;9;2247.7;20229.3;2023-06-20;debit_card;Leão;MG;pending;parceiro_c
db7e45aa-c309-a21b-bb79-82466b88b6a5;CUST_28302;PROD_1081;20;296.51;5930.2;2023-06-11;credit_card;da Paz;BA;delivered;parceiro_b
143e5cfc-9c40-7de5-2903-67e6e28749a1;CUST_33879;PROD_2846;2;4914.19;9828.38;2023-06-08;debit_card;Castro;SP;delivered;parceiro_b
7956d7ae-58cb-2785-019a-403f5bc4708e;CUST_42142;PROD_1793;9;2784.88;25063.92;2023-06-16;boleto;da Cruz;PR;cancelled;parceiro_b
7d9e0797-871a-fb47-5c28-1a782124134e;CUST_02972;PROD_2590;2;3235.13;6470.26;2023-06-18;debit_card;Almeida de Freitas;SP;pending;parceiro_b
9cdd62b0-fd15-f12b-018c-a6f39512a4ab;CUST_22075;PROD_1783;12;4129.24;49550.88;2023-06-03;boleto;Vargas Alegre;SP;delivered;parceiro_a
7264ff47-1c94-1ccd-3ff2-bd8e18b438a6;CUST_28308;PROD_2544;15;2770.53;41557.95;2023-06-06;pix;Lima Alegre;MT;delivered;parceiro_c
d55b8783-bb74-68fb-709b-3dc57fdff3cd;CUST_21725;PROD_2669;16;468.82;7501.12;2023-06-25;boleto;Rios;BA;shipped;parceiro_a
1e2c7754-413f-9afc-cd24-47b1608091df;CUST_42357;PROD_0726;14;3798.76;53182.64;2023-06-23;credit_card;Aparecida;ES;shipped;parceiro_b
2874d55c-6cdb-7145-b4c2-89c3906a5c82;CUST_37187;PROD_4350;1;1864.54;1864.54;2023-06-09;boleto;Montenegro da Prata;SP;pending;parceiro_b
90c25d2c-8502-a160-1124-b1956688b8fe;CUST_36740;PROD_0953;2;908.86;1817.72;2023-06-08;boleto;Farias;SC;shipped;parceiro_a
bc2e27a5-2b73-c90c-d6ab-1cfaa3904c98;CUST_40101;PROD_0314;4;3865.29;15461.16;2023-06-24;boleto;Cunha do Sul;ES;delivered;parceiro_c
3e8647be-1c81-1f43-da78-93391167cc4d;CUST_16629;PROD_4855;13;3929.34;51081.42;2023-06-25;credit_card;Almeida Alegre;RJ;delivered;parceiro_c
8a5bcf49-f17b-1eb5-da4e-db1a08234802;CUST_42252;PROD_4142;20;795.55;15911.0;2023-06-01;credit_card;Fogaça do Galho;MT;delivered;parceiro_c
a0f73eba-198f-0b49-0cf4-dd80f9461190;CUST_42389;PROD_2196;18;4571.07;82279.26;2023-06-08;debit_card;Abreu de Cunha;PR;delivered;parceiro_b
b5a06956-c3cd-3422-5820-299cf290589c;CUST_33644;PROD_3663;9;1708.91;15380.19;2023-06-18;debit_card;Cardoso;GO;delivered;parceiro_b
a69a84b0-11cb-cea6-1231-c631e85c83da;CUST_02384;PROD_3512;14;4170.79;58391.06;2023-06-29;debit_card;Barbosa;BA;delivered;parceiro_a
409b05ae-f9b6-8839-0d27-2474711795af;CUST_44878;PROD_4312;14;2625.25;36753.5;2023-06-28;credit_card;Pinto de Goiás;SP;shipped;parceiro_c
16ed01cb-e3ca-f810-8909-b9bb7b883423;CUST_36066;PROD_1406;7;1151.2;8058.4;2023-06-26;pix;Cunha;MG;delivered;parceiro_b
45d52b59-9eb8-17b0-673a-37675c82ebb0;CUST_01805;PROD_4189;10;2133.33;21333.3;2023-06-01;credit_card;Mendes dos Dourados;SE;delivered;parceiro_a
abc14700-af1c-dca2-fabe-3f9ea892bcfb;CUST_06356;PROD_1966;18;3582.73;64489.14;2023-06-10;credit_card;Carvalho;SP;delivered;parceiro_a
948fe9ea-0b77-3a97-94a4-bbc1cb5abc39;CUST_06238;PROD_3226;13;3586.82;46628.66;2023-06-07;credit_card;Teixeira do Oeste;GO;shipped;parceiro_b
efb344f4-896d-74d5-c319-35bb05e98865;CUST_44997;PROD_0782;15;3294.19;49412.85;2023-06-25;pix;da Rocha dos Dourados;TO;delivered;parceiro_a
56991034-2124-9942-806c-d6939be6662e;CUST_16829;PROD_1955;19;1878.98;35700.62;2023-06-04;pix;da Paz;RO;shipped;parceiro_a
0ecf6a1a-5785-ab68-5b37-787a70bf95bf;CUST_34582;PROD_1348;5;320.18;1600.9;2023-06-08;credit_card;Silva;GO;shipped;parceiro_b
5dc1cd42-a755-8adb-2ede-a57a3d7ff250;CUST_39274;PROD_1612;8;3417.74;27341.92;2023-06-15;debit_card;Rezende das Pedras;SC;delivered;parceiro_b
357c2a9b-546b-7472-23ca-94596f46f1dd;CUST_32184;PROD_4586;16;592.24;9475.84;2023-06-08;pix;das Neves;MS;delivered;parceiro_c
c85b1630-e88d-3fdb-7f3d-5403c0373437;CUST_20058;PROD_2929;5;4014.27;20071.35;2023-06-22;pix;Duarte da Praia;RJ;delivered;parceiro_a
362531b9-7f45-62b7-88b3-9f3ead861459;CUST_44827;PROD_0520;11;4185.31;46038.41;2023-06-20;pix;das Neves do Oeste;SP;delivered;parceiro_a
ef2384c6-104c-34a1-5bb1-015a5e25dc98;CUST_26866;PROD_4203;2;4859.82;9719.64;2023-06-06;pix;Guerra de Goiás;MG;delivered;parceiro_a
1628f5fb-9dfa-05b3-6095-981f5fc3104c;CUST_21259;PROD_1517;14;3015.35;42214.9;2023-06-15;pix;das Neves;PE;pending;parceiro_a
d4a92a78-cc6a-7c23-1175-07862b48784a;CUST_02427;PROD_3381;16;2646.82;42349.12;2023-06-20;pix;Brito;RJ;shipped;parceiro_c
c5f84f10-6b89-8a64-ac28-9fc12de568fc;CUST_15232;PROD_3081;17;3471.21;59010.57;2023-06-02;pix;Correia dos Dourados;PR;delivered;parceiro_c
e19a1340-b6be-f311-0124-640657ea922c;CUST_16760;PROD_2930;14;4510.88;63152.32;2023-06-09;debit_card;Campos;RS;delivered;parceiro_c
16cce0e0-c998-c415-7d66-8a73f3814f2f;CUST_41696;PROD_0109;14;3934.38;55081.32;2023-06-24;boleto;Cirino;RJ;delivered;parceiro_a
9c87196e-6d74-df53-0562-e8c40b51f031;CUST_46699;PROD_2751;20;2337.3;46746.0;2023-06-17;pix;Gomes;CE;shipped;parceiro_a
1e75d162-e32b-94b1-1f67-cab99cda127a;CUST_18588;PROD_4149;12;906.85;10882.2;2023-06-21;boleto;das Neves;RN;delivered;parceiro_b
6a5f7d1c-b813-5dac-6ae2-31029d8aed74;CUST_26936;PROD_2512;12;4378.86;52546.32;2023-06-15;credit_card;Freitas;SP;delivered;parceiro_b
d1cf7077-8480-ecf0-75ca-9b81d9637c27;CUST_00292;PROD_1466;9;2431.54;21883.86;2023-06-14;pix;Oliveira de Sousa;PR;shipped;parceiro_b
c3e07ebb-5087-b27f-98c7-485dd408b6df;CUST_31380;PROD_1682;15;3053.08;45796.2;2023-06-01;credit_card;Rodrigues Verde;MG;pending;parceiro_c
887b6966-8155-5883-521c-22dcfc86d427;CUST_00574;PROD_3853;6;2173.21;13039.26;2023-06-22;pix;Ribeiro da Prata;MG;delivered;parceiro_a
4589ed33-1cdd-4956-6922-af3586d9dad9;CUST_26567;PROD_3166;20;3009.02;60180.4;2023-06-24;pix;Moura;MT;delivered;parceiro_a
582e737a-2f3e-b3e2-1b3d-5deee25f741a;CUST_48559;PROD_2060;1;4401.3;4401.3;2023-06-03;pix;Souza;PR;delivered;parceiro_b
b816c03c-f333-52de-6b01-2d8e056dde2a;CUST_17339;PROD_0061;4;2078.45;8313.8;2023-06-11;credit_card;da Rocha do Amparo;MG;delivered;parceiro_c
b935d03b-04c8-10aa-54cb-6f8509f66640;CUST_36584;PROD_1409;12;2998.7;35984.4;2023-06-10;debit_card;Teixeira do Sul;RJ;delivered;parceiro_a
e090dca1-c813-256a-ff23-a20ae967bc44;CUST_06281;PROD_1149;3;877.44;2632.32;2023-06-15;pix;Aparecida das Pedras;SC;delivered;parceiro_a
ed437ff2-c1b4-602d-23dc-ade09ecd4470;CUST_41378;PROD_4207;2;2535.77;5071.54;2023-06-30;debit_card;Pires Paulista;MG;pending;parceiro_a
1176df18-0576-c0e5-2631-dbb50979775e;CUST_28951;PROD_1249;6;2127.08;12762.48;2023-06-18;credit_card;Aparecida;RJ;cancelled;parceiro_b
771957b8-ae1b-3534-5385-01f7a764f53b;CUST_24532;PROD_1277;7;1688.52;11819.64;2023-06-09;debit_card;Campos;RR;delivered;parceiro_b
03fcaa81-bef8-5560-1267-c239e9220b7f;CUST_41346;PROD_4701;11;2687.0;29557.0;2023-06-30;debit_card;Correia de Minas;RS;pending;parceiro_a
7ac7e3ef-bdfa-d01b-daa9-ab6d68d770a8;CUST_38331;PROD_3085;15;1826.46;27396.9;2023-06-24;pix;Guerra;RJ;delivered;parceiro_c
9439f028-aaa2-2f8b-11d9-3ddc30edd357;CUST_05889;PROD_2297;19;1932.69;36721.11;2023-06-21;pix;Pires;RS;shipped;parceiro_c
f40ec0cd-179f-d9d4-3237-fa991458f705;CUST_36650;PROD_2824;11;4335.78;47693.58;2023-06-03;pix;Carvalho da Prata;RJ;delivered;parceiro_a
c8a6645e-e095-2c50-349c-148ceeb04f88;CUST_28206;PROD_4875;2;4369.57;8739.14;2023-06-30;pix;da Costa de da Costa;MG;delivered;parceiro_a
522ec1cc-6e23-1593-015b-17a0ffe9a4df;CUST_43638;PROD_0746;8;4445.12;35560.96;2023-06-04;debit_card;Camargo do Campo;TO;delivered;parceiro_a
51e6d0fe-6f65-2e92-e91d-74591d3799e3;CUST_42173;PROD_0255;4;4759.39;19037.56;2023-06-16;debit_card;Cavalcanti Grande;SP;delivered;parceiro_b
14a93845-2214-6357-05eb-27085fe87cf2;CUST_31232;PROD_2411;10;2897.41;28974.1;2023-06-27;boleto;Ferreira da Praia;SP;pending;parceiro_c
75d2b792-2f41-37cd-a542-f43c97d6bca0;CUST_04180;PROD_0526;15;703.62;10554.3;2023-06-02;debit_card;Pimenta;SP;delivered;parceiro_c
84394e21-73c5-337b-20b4-52cafb4e7fa3;CUST_05074;PROD_0979;3;873.06;2619.18;2023-06-14;credit_card;Souza;SP;delivered;parceiro_b
3234607e-c266-bdce-5fc1-d7156e303967;CUST_44281;PROD_2675;14;2504.15;35058.1;2023-06-06;pix;Silva;GO;delivered;parceiro_b
48e1c771-379d-1111-8e3b-71f73957dae3;CUST_18611;PROD_0176;18;4545.38;81816.84;2023-06-18;credit_card;Pimenta;MG;shipped;parceiro_a
4068b99e-9b83-b581-695e-ec619101d48f;CUST_11627;PROD_3646;15;4370.05;65550.75;2023-06-07;pix;Costela;ES;delivered;parceiro_b
17c22455-4229-0060-9f42-e5c957a1d976;CUST_21239;PROD_2343;4;1964.27;7857.08;2023-06-12;boleto;Pinto de da Paz;RS;delivered;parceiro_b
641c6f01-6009-3d98-5c29-65370c02f595;CUST_01105;PROD_0041;10;4886.32;48863.2;2023-06-21;credit_card;Pastor;MA;pending;parceiro_b
24b59df1-3ccd-19a2-d044-2b896bd7b46b;CUST_25717;PROD_2963;12;725.54;8706.48;2023-06-12;debit_card;Castro;BA;delivered;parceiro_a
c9d4b170-2bbc-67c7-90b6-628059034611;CUST_43818;PROD_4353;3;3744.81;11234.43;2023-06-29;credit_card;da Cruz do Amparo;PE;delivered;parceiro_c
5b766eb7-536e-be72-4f88-b7c03500af60;CUST_34400;PROD_4320;8;1545.91;12367.28;2023-06-05;credit_card;Fogaça da Serra;PA;delivered;parceiro_a
34d3cee2-1926-6a91-cdb6-2541df9004e6;CUST_32706;PROD_1108;4;3393.68;13574.72;2023-06-02;credit_card;Pereira;MG;pending;parceiro_c
9464e2d9-2507-9c57-73fd-27eab773f426;CUST_39670;PROD_1269;10;164.03;1640.3;2023-06-27;credit_card;da Conceição do Sul;PA;delivered;parceiro_b
18f5cc48-d035-2b93-ef00-a6e83b4365d4;CUST_44788;PROD_1326;15;427.59;6413.85;2023-06-27;boleto;Melo;PR;cancelled;parceiro_a
cd27fedc-4bd7-a42e-c686-30f85253698d;CUST_21169;PROD_4230;17;1780.29;30264.93;2023-06-22;credit_card;Lopes;RS;shipped;parceiro_b
f2e6144d-b186-acb7-c681-e70a09a2626c;CUST_45079;PROD_4080;5;712.24;3561.2;2023-06-05;credit_card;Vieira das Flores;PR;delivered;parceiro_a
2fe8a6fa-1e85-c86b-032b-1c35e81d4a74;CUST_49819;PROD_0515;7;2346.45;16425.15;2023-06-29;credit_card;Leão;BA;delivered;parceiro_a
c9a1e8ae-e9f6-e2b0-f477-e12337926fbe;CUST_47539;PROD_0757;12;2556.99;30683.88;2023-06-19;pix;Barros do Sul;SP;shipped;parceiro_c
69637d0d-61c3-04bd-5256-86ca516dcd7f;CUST_36561;PROD_3741;18;3150.03;56700.54;2023-06-28;debit_card;Fernandes;SP;delivered;parceiro_a
9a98da64-44df-87c6-5f8e-3e29348d5728;CUST_33266;PROD_2148;15;4122.58;61838.7;2023-06-23;boleto;Peixoto Grande;MG;delivered;parceiro_b
9cdad487-d48f-baec-6c76-5895a0a848ea;CUST_31077;PROD_4894;7;831.4;5819.8;2023-06-28;pix;Macedo Alegre;PE;delivered;parceiro_a
f36cccbc-2925-1012-9484-ed0fe55ebe02;CUST_00827;PROD_4350;2;1428.92;2857.84;2023-06-25;debit_card;Monteiro;RS;delivered;parceiro_c
239e9593-5efd-2dec-3e35-990ec29cf44b;CUST_11392;PROD_3588;3;3231.18;9693.54;2023-06-22;debit_card;da Cruz Paulista;PA;pending;parceiro_b
bf1099c8-f44d-8105-2ba4-e6db37192301;CUST_23051;PROD_4829;18;1470.14;26462.52;2023-06-24;boleto;da Mota de Minas;SP;cancelled;parceiro_b
c2385dd7-ec56-44a3-9258-6ded7b183f32;CUST_49010;PROD_1835;19;2963.97;56315.43;2023-06-05;credit_card;Sousa;SP;pending;parceiro_b
8df754c7-782d-16ca-139c-b9d5e3c8d6e2;CUST_07984;PROD_3355;9;4164.78;37483.02;2023-06-27;pix;Gonçalves do Galho;RS;delivered;parceiro_b
1c941903-9864-8d4a-00f7-9300d8ab85b9;CUST_43748;PROD_2877;2;15.67;31.34;2023-06-21;pix;Rocha;SP;shipped;parceiro_a
369bf461-85e8-c61b-c8d0-9966b2ee32bf;CUST_34418;PROD_3565;12;195.3;2343.6;2023-06-24;credit_card;Machado do Sul;AM;delivered;parceiro_b
778a45f5-04bb-28c1-0227-c5bd80a14de5;CUST_07159;PROD_3971;7;2469.69;17287.83;2023-06-15;debit_card;Fernandes;DF;delivered;parceiro_a
ebc2f0f0-f581-4c97-c86f-3d2f39f8ae11;CUST_18292;PROD_3442;20;4990.37;99807.4;2023-06-26;credit_card;Viana;AC;delivered;parceiro_c
baf2735c-c29d-b14d-aa8a-e0dca9620793;CUST_36587;PROD_2177;15;1689.71;25345.65;2023-06-19;pix;da Conceição;CE;delivered;parceiro_c
9b8b1a13-2806-da82-b4bc-2e4987bfba57;CUST_13497;PROD_1605;4;3396.94;13587.76;2023-06-10;pix;Ferreira do Sul;PR;delivered;parceiro_c
69122227-8ccb-d95c-57f6-0e361d43753f;CUST_40787;PROD_0724;7;2661.45;18630.15;2023-06-11;debit_card;Lopes das Flores;BA;delivered;parceiro_c
e8fdc0ca-97c5-e645-f6f3-b4c1fac8e1f8;CUST_03840;PROD_3816;5;255.09;1275.45;2023-06-28;pix;Sales;ES;shipped;parceiro_b
dc71b4bd-9b68-2fc3-38b6-7460c002f89e;CUST_42406;PROD_3532;2;2681.05;5362.1;2023-06-19;boleto;Barros;MG;delivered;parceiro_a
a8547a91-b536-7326-6f8e-da1b463cd347;CUST_38364;PROD_1581;11;4812.33;52935.63;2023-06-19;debit_card;Mendonça;SP;cancelled;parceiro_b
6d949ba1-775a-21b6-5ae5-893655679779;CUST_49812;PROD_2063;14;1254.84;17567.76;2023-06-24;debit_card;Mendes;RJ;delivered;parceiro_c
e13e1973-d3e4-0140-5944-49db32e9f283;CUST_47680;PROD_3689;5;4512.99;22564.95;2023-06-04;pix;Nunes dos Dourados;RN;delivered;parceiro_a
d06d86b1-f542-1673-f029-5fedf5b22343;CUST_49353;PROD_0537;7;1712.31;11986.17;2023-06-30;pix;Costela;MG;delivered;parceiro_b
7714fb50-3af2-1a26-ef1a-5a2ab63d3e59;CUST_09016;PROD_3212;16;3573.7;57179.2;2023-06-08;credit_card;Barbosa de Duarte;SP;delivered;parceiro_c
0a6bf165-d289-fd73-138f-7a39a84d5fe2;CUST_14254;PROD_2128;8;2320.63;18565.04;2023-06-25;debit_card;Freitas da Prata;DF;delivered;parceiro_a
9dd48368-eef5-ea44-3ff8-1e3865ee0371;CUST_11759;PROD_2967;2;2325.28;4650.56;2023-06-13;pix;Rocha de Nogueira;RJ;delivered;parceiro_a
f0e2a6c1-5840-94f8-8a76-3201e7e16133;CUST_11644;PROD_0764;13;2238.06;29094.78;2023-06-12;debit_card;Câmara do Sul;SP;delivered;parceiro_a
330da83b-39c3-2286-a4d3-faebfab0c837;CUST_21987;PROD_1311;6;786.36;4718.16;2023-06-08;boleto;Gonçalves de Minas;PE;delivered;parceiro_a
e220f9d9-7425-d5dd-6367-b9cacde04eb2;CUST_46285;PROD_0105;20;2810.12;56202.4;2023-06-27;pix;Pimenta;RJ;delivered;parceiro_a
764262b9-8323-9032-19b4-61fff43f2adf;CUST_38483;PROD_4903;11;3147.85;34626.35;2023-06-30;debit_card;das Neves dos Dourados;SP;pending;parceiro_a
9ff69928-77ff-bc37-5d24-c20d5051c25d;CUST_48711;PROD_1810;4;3614.49;14457.96;2023-06-16;pix;Aparecida;SP;delivered;parceiro_b
51c5927d-43df-65a8-c107-997c7cc6a167;CUST_00358;PROD_1720;13;4112.66;53464.58;2023-06-19;pix;Ribeiro;SP;shipped;parceiro_a
1726abcc-12b4-7437-01ba-3243665dfc55;CUST_26929;PROD_3008;13;3948.64;51332.32;2023-06-21;debit_card;Moraes da Mata;SP;delivered;parceiro_b
d8c578db-ad92-4661-62d6-5ac8ed3836c1;CUST_07272;PROD_2957;8;1764.44;14115.52;2023-06-29;pix;Pimenta;CE;shipped;parceiro_a
6350b9b8-6b82-4e45-7490-a2c50bcd19a4;CUST_41831;PROD_3577;5;3265.89;16329.45;2023-06-01;pix;Farias do Galho;SP;delivered;parceiro_a
33ee5406-aeb8-29e8-e568-190088a39ac0;CUST_38649;PROD_3098;9;4868.17;43813.53;2023-06-17;pix;Marques do Campo;MS;delivered;parceiro_a
747810f4-d858-7d64-d622-5834e52efe7c;CUST_27052;PROD_2183;18;226.04;4068.72;2023-06-11;credit_card;Moraes;MG;delivered;parceiro_a
eb5dbef1-a046-a667-b7bc-d82106806362;CUST_10621;PROD_3838;20;4091.1;81822.0;2023-06-12;credit_card;Brito;RJ;cancelled;parceiro_b
6e5b49d2-89a1-a376-dd41-258e2c20aeea;CUST_06511;PROD_2777;15;2579.7;38695.5;2023-06-06;debit_card;Duarte;RJ;delivered;parceiro_b
6b3ae8f3-0312-aa27-9f93-758e9c365802;CUST_28616;PROD_3260;6;3350.12;20100.72;2023-06-27;credit_card;Santos de Goiás;RJ;delivered;parceiro_b
3dc4c736-2215-7cb9-85a5-ff0fb02abde0;CUST_40195;PROD_2167;8;2099.63;16797.04;2023-06-15;pix;Castro da Serra;PR;delivered;parceiro_a
dab49bcf-957c-41be-7b44-a454505a9671;CUST_22025;PROD_1663;20;4734.67;94693.4;2023-06-24;credit_card;Aparecida da Praia;SP;shipped;parceiro_a
caafe34d-71f4-983d-6b15-6d867f48d1ab;CUST_35518;PROD_1289;7;4378.5;30649.5;2023-06-02;debit_card;Siqueira do Oeste;PE;delivered;parceiro_b
c4524412-d63d-292f-93ae-87286e630c73;CUST_13138;PROD_4173;14;2189.06;30646.84;2023-06-11;debit_card;Mendonça;SP;cancelled;parceiro_c
a906328a-85c6-c03e-2e17-a530c4524bd3;CUST_09614;PROD_3406;6;2353.94;14123.64;2023-06-28;credit_card;Pires;PB;cancelled;parceiro_a
3e9d20ee-4aa9-75d3-384c-77bb12833d82;CUST_01401;PROD_2755;16;4226.6;67625.6;2023-06-23;credit_card;Pires Paulista;RJ;shipped;parceiro_a
01cafde3-6054-cb98-15c0-a6ddb7ee5cc2;CUST_44737;PROD_0664;3;1919.24;5757.72;2023-06-08;credit_card;Andrade Alegre;SP;delivered;parceiro_a
2375a668-5e36-3e82-4195-9781a49c6091;CUST_32754;PROD_4445;20;890.27;17805.4;2023-06-11;debit_card;Montenegro;SP;delivered;parceiro_b
2cedd63c-1456-f2b1-0f6d-f6a23bc819fb;CUST_23171;PROD_4828;8;4872.3;38978.4;2023-06-05;debit_card;Cavalcante de Cavalcante;MG;shipped;parceiro_c
5848b8bc-917a-f03e-9b84-d03a6081686a;CUST_25941;PROD_3496;1;3443.52;3443.52;2023-06-09;debit_card;Moura da Praia;SP;shipped;parceiro_a
8dfe62a6-a528-4aca-8427-4d26caec7736;CUST_38442;PROD_4766;4;1946.76;7787.04;2023-06-16;credit_card;Silva Paulista;DF;delivered;parceiro_c
a5f94f38-b6f6-d3e2-c805-cc18dabb2c9d;CUST_10687;PROD_0234;3;1546.61;4639.83;2023-06-08;debit_card;Nascimento;SP;delivered;parceiro_c
e27345d7-0575-7e4f-8994-ad2b2a4a4bfa;CUST_15401;PROD_1443;12;2761.07;33132.84;2023-06-21;pix;Lima;RJ;delivered;parceiro_c
817216b0-fbe8-b215-1894-2eb99d08d433;CUST_02248;PROD_1388;15;314.76;4721.4;2023-06-05;pix;Silveira do Oeste;SP;delivered;parceiro_c
0fd3188c-dbdf-6c81-3b19-5a3817e418fc;CUST_19618;PROD_1090;13;3615.99;47007.87;2023-06-25;debit_card;Santos;RS;shipped;parceiro_a
93f93552-1412-08a3-b420-b825fcdf883c;CUST_04194;PROD_2325;14;4431.42;62039.88;2023-06-26;boleto;Sales;RJ;delivered;parceiro_c
c23d01c8-a4d2-2219-154b-7e022bd84800;CUST_31255;PROD_4679;16;4784.74;76555.84;2023-06-15;pix;Campos;CE;pending;parceiro_a
277f8e7a-934a-bd2c-fe63-b27d76ed5117;CUST_03054;PROD_0945;12;3155.48;37865.76;2023-06-29;boleto;Aparecida;PR;delivered;parceiro_b
c80bb48b-a7fd-b60e-5cbc-9bc5eb6eb488;CUST_38772;PROD_4367;20;809.57;16191.4;2023-06-12;credit_card;Silveira de Goiás;PB;delivered;parceiro_a
6762b7c5-20ad-3473-fd01-2c0a53e22d6e;CUST_17361;PROD_3384;14;2807.39;39303.46;2023-06-22;credit_card;Cunha Paulista;SC;delivered;parceiro_a
997c944e-267f-f071-2db0-8e9967ca81b6;CUST_08915;PROD_0105;6;746.96;4481.76;2023-06-20;boleto;Ramos;RS;pending;parceiro_b
2409ae7d-2188-c03d-2e6c-d464f8becfb9;CUST_26226;PROD_2144;12;2755.49;33065.88;2023-06-23;debit_card;Rios de Melo;RJ;delivered;parceiro_c
bb72a437-4fb7-a597-8d7f-b125610a2195;CUST_44645;PROD_2478;2;2643.86;5287.72;2023-06-07;pix;da Paz;GO;delivered;parceiro_a
61699afb-988f-70e4-1f65-d8da3ff8c1e7;CUST_45104;PROD_3966;11;2654.92;29204.12;2023-06-12;credit_card;Vasconcelos do Amparo;PE;pending;parceiro_a
6d8dc64b-0bec-7707-70ab-4c42e6b9b946;CUST_32522;PROD_4471;20;2792.29;55845.8;2023-06-20;debit_card;Correia;MG;delivered;parceiro_b
0ee3ae6d-0481-dda3-1457-88363f2605df;CUST_22304;PROD_2751;9;3878.87;34909.83;2023-06-07;pix;Caldeira das Flores;ES;delivered;parceiro_c
eecb9be9-830d-def2-6743-abc676e9b35d;CUST_34365;PROD_2404;19;2074.53;39416.07;2023-06-15;credit_card;Câmara de da Rocha;SP;delivered;parceiro_c
74f40cb8-76d1-75db-0afe-f8fec0985a68;CUST_07018;PROD_1509;18;4941.72;88950.96;2023-06-28;credit_card;Brito do Galho;RJ;delivered;parceiro_a
e630d383-0a80-8a5a-397a-1dfc8b4d509a;CUST_15575;PROD_0493;8;353.95;2831.6;2023-06-08;pix;Lima;PR;shipped;parceiro_a
7bc75f48-99a0-359c-e45c-4470f0682638;CUST_03085;PROD_2096;15;961.65;14424.75;2023-06-29;credit_card;Campos;BA;delivered;parceiro_b
64e4bc07-b64e-a288-8072-087aa9d36938;CUST_15247;PROD_2438;14;655.05;9170.7;2023-06-21;pix;Cirino do Oeste;MG;delivered;parceiro_c
d7cf3522-d0c9-eb75-b5cd-64584dc2f8fe;CUST_08430;PROD_4114;2;3307.29;6614.58;2023-06-18;pix;Araújo;SP;cancelled;parceiro_c
a145efba-23f2-93bd-a5dd-68c5b1714b9c;CUST_36305;PROD_4801;14;289.54;4053.56;2023-06-15;debit_card;Silva;PR;cancelled;parceiro_a
8627e19f-5183-0f83-ede6-82247c7c1fdb;CUST_07302;PROD_1642;3;3694.67;11084.01;2023-06-12;pix;Santos da Prata;RS;delivered;parceiro_b
6bad936d-e5bb-af98-28c5-dc619380422d;CUST_23841;PROD_3241;16;1524.51;24392.16;2023-06-25;credit_card;Fonseca da Serra;MG;pending;parceiro_a
7c5d083e-a8c2-2460-aaad-5e5274d3ba5d;CUST_37370;PROD_0711;14;4410.59;61748.26;2023-06-28;credit_card;Ferreira das Flores;DF;delivered;parceiro_c
72e517ed-5bc2-af43-efc6-811cf07f47ae;CUST_44068;PROD_2794;11;893.51;9828.61;2023-06-04;boleto;Guerra;SP;delivered;parceiro_b
49e73faa-ef2e-dda2-bbf6-debfe1dc8b83;CUST_31110;PROD_0059;3;2750.41;8251.23;2023-06-07;pix;Rocha das Pedras;SP;delivered;parceiro_c
68a78f95-abd8-22e1-145d-919fc6f2f4fc;CUST_29615;PROD_2007;4;4632.21;18528.84;2023-06-23;debit_card;da Cruz Alegre;SC;pending;parceiro_c
c6f6aa38-9337-e0e4-935b-7f5c3347951d;CUST_30302;PROD_4441;6;2507.11;15042.66;2023-06-19;pix;Pinto da Praia;SP;shipped;parceiro_a
245bbe73-6d17-27be-0aa4-647118fea6bc;CUST_02471;PROD_4971;12;1928.86;23146.32;2023-06-04;credit_card;Cavalcante de Minas;SP;delivered;parceiro_c
9189e83d-dba7-341e-23ef-89f59cfae8e4;CUST_44768;PROD_2297;12;160.17;1922.04;2023-06-15;credit_card;da Costa;SP;delivered;parceiro_c
02ce7462-ddad-4967-f023-738c53754903;CUST_16274;PROD_2942;20;4342.28;86845.6;2023-06-03;credit_card;Castro;PR;delivered;parceiro_a
1c8c4b0d-4f26-5b33-52ab-2bd6e69a1ce4;CUST_28818;PROD_4579;9;4115.85;37042.65;2023-06-19;boleto;Peixoto;SC;delivered;parceiro_a
4afcd511-5677-2d4c-f8ab-61809ff39552;CUST_33954;PROD_2318;18;2549.53;45891.54;2023-06-28;credit_card;Lopes;AM;delivered;parceiro_b
287ee779-52b1-e1c7-9a84-045b9a9c762c;CUST_46086;PROD_3606;2;278.94;557.88;2023-06-16;pix;Sá;PR;pending;parceiro_b
77e903cf-50ad-6e8a-4960-56ca39163d4b;CUST_45933;PROD_1890;8;3934.64;31477.12;2023-06-07;pix;Cassiano;RJ;delivered;parceiro_a
3c20c64d-d9ec-d832-ec6e-f60231321717;CUST_24247;PROD_3394;13;1431.91;18614.83;2023-06-27;pix;Oliveira do Sul;RJ;delivered;parceiro_a
8d4c8080-65cf-8b0e-f6cf-c5c8a620c050;CUST_35585;PROD_4221;17;703.92;11966.64;2023-06-18;debit_card;Leão dos Dourados;RJ;delivered;parceiro_a
574d11fb-8075-10ee-7662-46c7931d540c;CUST_37776;PROD_0746;18;81.42;1465.56;2023-06-24;pix;Moura;SP;pending;parceiro_b
24a39710-923b-e97a-29a0-cc337b8e7fc0;CUST_17027;PROD_4645;16;774.89;12398.24;2023-06-11;boleto;Sales do Galho;MS;delivered;parceiro_b
24d1f2d2-4aef-1b30-4b11-34f7cf5f18ef;CUST_45350;PROD_4996;3;2359.02;7077.06;2023-06-03;credit_card;Barbosa;SP;delivered;parceiro_b
d6e594c1-e3bc-6719-4786-48eff7678890;CUST_15275;PROD_2629;7;1620.05;11340.35;2023-06-14;boleto;Lima da Praia;RJ;delivered;parceiro_a
52d9c604-2315-d737-0276-4bb79d381484;CUST_00828;PROD_3737;16;1637.42;26198.72;2023-06-04;boleto;Souza do Sul;BA;delivered;parceiro_c
66317a31-9a4a-61a9-96b9-74ba77efc16a;CUST_25740;PROD_1150;20;3659.6;73192.0;2023-06-26;debit_card;Sousa do Norte;SP;delivered;parceiro_a
cc1f6f8e-d9a0-9f2f-414f-cf40b7f42159;CUST_17659;PROD_0358;2;913.1;1826.2;2023-06-07;credit_card;Moreira do Oeste;MT;delivered;parceiro_c
12331d53-32b2-7487-98a2-19083d06e584;CUST_07720;PROD_3548;18;4478.96;80621.28;2023-06-26;credit_card;Silva;PR;pending;parceiro_b
b325d61f-d27e-bf8c-fc43-a1d3d495ad0a;CUST_45355;PROD_2808;12;1681.25;20175.0;2023-06-22;debit_card;Lopes da Praia;MA;delivered;parceiro_b
87449a1b-b540-c9b7-1d30-25b710b9a11e;CUST_46326;PROD_4691;1;3077.93;3077.93;2023-06-08;boleto;Pereira Verde;SP;delivered;parceiro_b
e4a0e7e2-4f0d-91c5-e15b-674f3304719c;CUST_40231;PROD_3373;4;2004.21;8016.84;2023-06-13;credit_card;Silveira de Casa Grande;DF;pending;parceiro_c
67889aed-1b2c-7c39-f4f7-c9116fbf46ff;CUST_20521;PROD_0287;19;4727.81;89828.39;2023-06-13;credit_card;da Mota Alegre;SP;delivered;parceiro_c
2bdc07e7-c28b-b7a6-17f0-dcc907f43161;CUST_39381;PROD_4934;15;4118.9;61783.5;2023-06-25;pix;da Rosa do Sul;GO;delivered;parceiro_a
6fac1b84-f196-9e95-2f7f-dbb0e0eedcb6;CUST_39857;PROD_4617;5;4908.05;24540.25;2023-06-13;pix;Nunes;MG;delivered;parceiro_b
c8212d53-292c-5575-140d-6372e5a51d9d;CUST_02216;PROD_2155;11;2647.99;29127.89;2023-06-05;credit_card;Pacheco;PE;shipped;parceiro_c
9a06401d-e8c6-887c-0bd6-962bde27ed3c;CUST_04380;PROD_3341;5;681.92;3409.6;2023-06-17;debit_card;Costela;SP;pending;parceiro_a
1ca30c27-3f76-7e95-d900-60760436090a;CUST_46185;PROD_0714;7;2207.25;15450.75;2023-06-12;pix;Machado;RS;delivered;parceiro_b
eca38b28-0b8d-9f81-8665-f81fea50421e;CUST_40087;PROD_2070;12;1857.98;22295.76;2023-06-09;credit_card;Mendes;SP;shipped;parceiro_a
7544421b-4394-1b00-b570-76aa7bcef3b2;CUST_12149;PROD_4269;7;1877.5;13142.5;2023-06-04;boleto;da Mata de Nunes;SP;delivered;parceiro_a
3ce55fd3-1d18-4157-72bf-41df324438a2;CUST_10462;PROD_2512;6;1993.36;11960.16;2023-06-23;credit_card;Macedo;SP;delivered;parceiro_b
b81e35be-37c8-a2f1-b8e0-3010ce45783d;CUST_34421;PROD_3460;10;2265.8;22658.0;2023-06-05;boleto;Ribeiro;RJ;shipped;parceiro_c
4bb36e60-38eb-8217-7eb0-1eaca8febd90;CUST_02515;PROD_3327;20;4973.17;99463.4;2023-06-09;credit_card;Alves de Peixoto;SC;delivered;parceiro_c
faaf0f5c-5765-478c-f86e-82ee0a75d08f;CUST_28068;PROD_3104;3;4385.88;13157.64;2023-06-20;debit_card;Novais Paulista;MG;delivered;parceiro_c
d8ea64a2-8c47-224c-3344-6050b270b552;CUST_41511;PROD_2952;13;3575.44;46480.72;2023-06-20;credit_card;Dias;DF;delivered;parceiro_c
2a78ae5f-ef2e-f765-5ea4-3abdce4b52f6;CUST_39808;PROD_4842;19;3722.63;70729.97;2023-06-10;credit_card;Silveira do Campo;PR;shipped;parceiro_c
d002b750-822b-9118-fd92-bdc768083d47;CUST_10940;PROD_4155;13;4347.86;56522.18;2023-06-23;credit_card;Lima do Campo;PR;delivered;parceiro_a
5cc7b1f4-9444-71cd-21e6-b1706b5da565;CUST_15447;PROD_2186;2;4565.38;9130.76;2023-06-07;credit_card;Cardoso;BA;cancelled;parceiro_a
e8bbb4fa-ada1-2e8b-ff1f-d6a467b63dfc;CUST_08040;PROD_0590;9;3948.8;35539.2;2023-06-08;debit_card;Novais do Galho;MG;delivered;parceiro_b
1450cc79-b3b5-2737-2a08-529566743616;CUST_05177;PROD_3121;15;4337.32;65059.8;2023-06-07;credit_card;Pereira Verde;PR;delivered;parceiro_a
712edf87-25fb-b943-5878-3824fc711f7b;CUST_38388;PROD_1426;11;1025.64;11282.04;2023-06-23;credit_card;Castro das Flores;SP;cancelled;parceiro_b
20fb538e-abc1-98a9-3926-241cbd53cc94;CUST_21303;PROD_3396;2;2508.03;5016.06;2023-06-26;pix;da Mota;AL;delivered;parceiro_c
7d6f5e0f-85f7-10cf-1c60-09b58da1f729;CUST_28685;PROD_1424;9;529.44;4764.96;2023-06-26;debit_card;Casa Grande;SP;delivered;parceiro_b
3796ec58-3977-79b2-4095-b7c46f8ba5c7;CUST_02740;PROD_3033;5;2668.96;13344.8;2023-06-11;pix;Cavalcante;RS;delivered;parceiro_b
2536dc80-1e29-97b0-8aba-6d6e16863a77;CUST_36346;PROD_4561;12;2603.62;31243.44;2023-06-02;boleto;Oliveira;ES;delivered;parceiro_a
6aeca65f-5b16-6339-8f25-b014903b8b80;CUST_17616;PROD_0400;4;4572.5;18290.0;2023-06-25;debit_card;Silva do Oeste;RS;delivered;parceiro_a
68a5650d-5734-6572-e5d4-c17e37c79cdd;CUST_39606;PROD_4541;19;1493.33;28373.27;2023-06-14;boleto;Leão da Serra;AM;pending;parceiro_b
bbbb37ed-e648-9196-b06c-e90b81f6a470;CUST_11846;PROD_0296;13;2019.82;26257.66;2023-06-01;credit_card;Costa;RN;shipped;parceiro_b
f231cbf5-9641-bf33-d15f-7d500ffba421;CUST_44392;PROD_3892;14;4645.05;65030.7;2023-06-25;pix;Siqueira;MG;delivered;parceiro_b
db088c33-2d44-d564-0f20-e8c80bf9413c;CUST_20063;PROD_0589;4;863.53;3454.12;2023-06-10;debit_card;Rezende das Pedras;SE;pending;parceiro_b
2a7d4331-7fb4-9317-e414-41e8b46e58f6;CUST_25519;PROD_0451;10;3383.62;33836.2;2023-06-14;pix;Leão da Mata;RS;delivered;parceiro_a
924a273e-9abf-9eb5-4c38-2978099718e4;CUST_03523;PROD_0707;20;3559.22;71184.4;2023-06-10;pix;Rezende;MG;delivered;parceiro_b
00d9d7c7-3213-82c0-d94a-4b45b8c2326f;CUST_14184;PROD_3434;19;2111.82;40124.58;2023-06-04;credit_card;Fernandes;PR;pending;parceiro_a
194e0199-b6cb-4091-f5a2-cc3d8bef68b2;CUST_44819;PROD_0007;8;647.44;5179.52;2023-06-20;debit_card;Sá;SP;delivered;parceiro_b
0a89196b-9ac0-0fee-ee4e-3173970cc5fe;CUST_17235;PROD_4710;14;2964.3;41500.2;2023-06-20;boleto;Fogaça;MG;delivered;parceiro_b
9587c1ce-18ac-688e-91c1-d0d821e08153;CUST_21442;PROD_4608;4;2231.46;8925.84;2023-06-22;pix;Lima das Pedras;SP;pending;parceiro_a
ae8e445d-c41e-8af5-e389-42ba144d2340;CUST_43524;PROD_1697;16;4808.13;76930.08;2023-06-14;pix;Rocha da Prata;RS;delivered;parceiro_c
5f6cdc11-00d0-f204-9a5b-1191366cb709;CUST_32644;PROD_3046;3;1797.68;5393.04;2023-06-02;debit_card;Montenegro do Galho;DF;delivered;parceiro_a
71ff2408-2d91-78bc-7f08-b68ffd39d693;CUST_23172;PROD_4361;13;2621.58;34080.54;2023-06-22;debit_card;Martins de Gonçalves;MG;shipped;parceiro_b
75683ebf-1587-1148-0f80-b624e077b3df;CUST_16675;PROD_1541;1;1752.01;1752.01;2023-06-28;credit_card;Barros das Pedras;SP;delivered;parceiro_b
796565ea-3d7e-b4d2-6977-db54c5da37a7;CUST_34042;PROD_1298;6;598.63;3591.78;2023-06-04;pix;da Luz dos Dourados;RR;shipped;parceiro_c
feb83328-353e-3ed7-4b68-4a453b1b58b2;CUST_06627;PROD_4676;3;814.48;2443.44;2023-06-29;pix;Cassiano do Oeste;SP;shipped;parceiro_a
350c28f9-04c6-40b0-1a8e-8e0256f35467;CUST_44084;PROD_2516;7;4413.41;30893.87;2023-06-14;pix;Silva da Praia;RS;delivered;parceiro_a
ae637371-21a1-05e5-3a5c-d5fc042583a2;CUST_19854;PROD_0116;17;3897.28;66253.76;2023-06-21;boleto;Cirino do Campo;MA;delivered;parceiro_b
fe210b94-09d9-cdee-0fe0-507c793b2486;CUST_00732;PROD_2198;11;859.29;9452.19;2023-06-06;pix;Almeida;CE;delivered;parceiro_a
5b494806-8c38-00fe-4bf8-12e5c247fe9f;CUST_10485;PROD_1751;12;4837.01;58044.12;2023-06-09;pix;Souza do Norte;PE;delivered;parceiro_c
85d7e172-bb52-9ffe-5e6c-60dff8b890f7;CUST_37200;PROD_0594;20;2682.67;53653.4;2023-06-13;debit_card;Pastor;RS;delivered;parceiro_b
89eb701d-8d9c-15cb-2f88-b7f90303281e;CUST_10825;PROD_4483;4;2230.48;8921.92;2023-06-19;credit_card;Leão de Minas;BA;cancelled;parceiro_a
ba052782-edcf-52e4-1629-dd7e3d060b1b;CUST_47352;PROD_4952;4;2874.59;11498.36;2023-06-07;boleto;Monteiro dos Dourados;BA;delivered;parceiro_a
fd2bd46f-8d2d-b3da-aa72-43e4cc821e02;CUST_11383;PROD_1208;17;4418.52;75114.84;2023-06-04;boleto;Pastor;PR;delivered;parceiro_c
34cb705a-5214-b79a-20b2-836c8fd511b4;CUST_49285;PROD_0533;16;1479.18;23666.88;2023-06-17;pix;Melo Alegre;RS;delivered;parceiro_c
2d725deb-471b-d264-967f-5ecf0d621930;CUST_40332;PROD_1799;8;1092.67;8741.36;2023-06-21;boleto;Moraes;MS;delivered;parceiro_a
3f6e9b18-5fe8-828e-afce-555852ec35aa;CUST_18477;PROD_1915;20;3453.12;69062.4;2023-06-19;pix;Correia da Serra;MA;pending;parceiro_b
c662d7cb-0fe0-cb49-67e8-bc742d60d208;CUST_33064;PROD_1982;7;508.37;3558.59;2023-06-14;credit_card;Martins;RJ;cancelled;parceiro_a
c4d61cd5-ce76-c317-a292-41db70a1998d;CUST_17879;PROD_0126;17;3254.71;55330.07;2023-06-14;pix;Garcia;RJ;delivered;parceiro_c
f7a666ef-f37f-1190-9416-b287ca4ffa0b;CUST_34497;PROD_1768;17;842.29;14318.93;2023-06-10;pix;Pereira da Serra;ES;delivered;parceiro_c
4aa84eca-0407-2a78-56b2-8e9374829d61;CUST_12267;PROD_0947;3;3255.58;9766.74;2023-06-03;credit_card;Borges;BA;delivered;parceiro_b
bc8a3bed-4c38-f216-f680-75e60a62e589;CUST_47954;PROD_4888;7;2467.34;17271.38;2023-06-01;boleto;Câmara;SP;shipped;parceiro_b
cd9b6bd6-4aae-273b-0d27-ff5bf228e5c8;CUST_04740;PROD_2545;9;3341.33;30071.97;2023-06-30;boleto;Dias;SP;delivered;parceiro_b
9ea81795-e81a-df3d-0f14-1c59b793a014;CUST_19292;PROD_0440;7;2653.39;18573.73;2023-06-27;debit_card;Castro;MG;shipped;parceiro_a
ebcbc35b-6bb6-bd43-3427-d22d466cea0f;CUST_08602;PROD_2062;9;2599.69;23397.21;2023-06-26;credit_card;Lopes Grande;PE;delivered;parceiro_a
92636036-5a4c-71f5-c1b8-cade4bf134bd;CUST_40874;PROD_4027;8;979.81;7838.48;2023-06-23;boleto;Abreu;MG;shipped;parceiro_c
fcdc2d7c-dd32-2236-1ed0-de88ab0becdd;CUST_44060;PROD_3648;5;621.94;3109.7;2023-06-01;debit_card;da Rosa de Marques;RS;delivered;parceiro_a
b5f3728e-bc87-8aaa-333f-807cd05ac8dc;CUST_43892;PROD_0788;19;1042.32;19804.08;2023-06-19;boleto;Gomes;PR;delivered;parceiro_c
e85ad783-0e7f-7da5-1a8a-cc99d2eeeeaa;CUST_10529;PROD_0129;3;633.3;1899.9;2023-06-13;credit_card;das Neves;SP;shipped;parceiro_a
5eab0331-f677-43e5-51df-f01602e085f8;CUST_01304;PROD_2912;14;4020.01;56280.14;2023-06-03;credit_card;Guerra do Galho;PR;cancelled;parceiro_a
ff7f4417-0486-1aaa-d986-564a58b2c28d;CUST_41515;PROD_3242;7;1151.82;8062.74;2023-06-29;pix;Pereira Paulista;RS;delivered;parceiro_b
27d7a1e6-0909-d77f-c6a6-6b4cc198ae30;CUST_48718;PROD_1196;10;312.96;3129.6;2023-06-02;credit_card;Sousa;BA;delivered;parceiro_a
5cff4b5b-329e-9a8e-45d1-7f7c99766a41;CUST_30171;PROD_2721;20;3322.19;66443.8;2023-06-01;boleto;Pinto Grande;PR;delivered;parceiro_a
1ddc63a7-ca33-cf7c-eade-64bea593d5a5;CUST_39884;PROD_4408;16;4072.55;65160.8;2023-06-29;pix;Campos;MG;shipped;parceiro_a
63082eee-9d35-b43f-db7d-f370d6f51387;CUST_09791;PROD_1567;7;2106.1;14742.7;2023-06-27;credit_card;Aparecida de Moura;BA;shipped;parceiro_c
986f7f55-e23c-59e9-85df-7e79811a6d9f;CUST_33217;PROD_2974;16;2332.53;37320.48;2023-06-09;pix;das Neves do Galho;RJ;delivered;parceiro_a
b94e4563-4911-06b9-fee9-f69bbda8d4f1;CUST_08479;PROD_2953;7;2490.64;17434.48;2023-06-24;credit_card;Leão da Serra;SP;delivered;parceiro_b
f710eb71-2bc6-71fb-9d9a-e9c4575ab462;CUST_06249;PROD_2943;1;2846.09;2846.09;2023-06-15;credit_card;Pires de Pacheco;SP;delivered;parceiro_c
d7610f40-fe6e-dfe9-c08f-e2f9af532b86;CUST_28989;PROD_3041;18;2836.69;51060.42;2023-06-10;debit_card;Teixeira;MG;shipped;parceiro_b
2ab79804-96d1-6be7-316a-3fed80329e6c;CUST_20489;PROD_2473;8;3165.82;25326.56;2023-06-27;credit_card;Camargo;BA;delivered;parceiro_a
4c01d75a-4575-255d-dbb0-a8af3ee227fa;CUST_45430;PROD_2820;15;1971.32;29569.8;2023-06-12;credit_card;Pastor;PR;cancelled;parceiro_a
ecc4d1cd-610f-ee61-60f9-daca5359af6c;CUST_49360;PROD_4092;4;2711.63;10846.52;2023-06-30;boleto;Peixoto das Pedras;DF;delivered;parceiro_a
762197af-bab4-5129-30a9-6b40e97b4d8a;CUST_07125;PROD_1798;5;111.29;556.45;2023-06-20;debit_card;Nunes;RJ;delivered;parceiro_a
552fcf94-220f-7518-86e4-4e68e1f3ea0f;CUST_40165;PROD_1304;17;4559.34;77508.78;2023-06-29;debit_card;Silva;MA;delivered;parceiro_a
31257131-703b-dbbe-1bd1-b7e12600096c;CUST_34924;PROD_1073;11;3108.51;34193.61;2023-06-27;debit_card;Caldeira do Oeste;MG;delivered;parceiro_b
3642e3bf-d817-01b2-c294-6a164592846b;CUST_39191;PROD_4351;2;2709.79;5419.58;2023-06-06;debit_card;Lopes de Mendonça;BA;delivered;parceiro_c
d43d1b34-53cd-ade2-0bf3-5e621b186320;CUST_41529;PROD_0317;2;2351.02;4702.04;2023-06-13;pix;Rocha;PR;delivered;parceiro_c
8fba395f-a23b-7c89-7148-e7ae2956b6cf;CUST_09884;PROD_0495;19;3418.45;64950.55;2023-06-16;pix;Borges;MG;delivered;parceiro_b
f7ad2a47-2b1e-4651-22dd-53eec4df549b;CUST_49013;PROD_2359;10;4329.41;43294.1;2023-06-30;debit_card;Cavalcante do Norte;BA;pending;parceiro_a
55a12b17-8f96-e531-d300-ce0ed1387d1b;CUST_04957;PROD_3388;8;4953.84;39630.72;2023-06-20;credit_card;Pimenta;DF;cancelled;parceiro_c
59ce3435-5221-6aed-485a-049a41380cd6;CUST_22395;PROD_2916;14;2713.93;37995.02;2023-06-29;debit_card;Sales;RS;pending;parceiro_a
bce0d6ec-0a34-cff9-daca-651305e971e5;CUST_05977;PROD_1371;1;4131.08;4131.08;2023-06-30;debit_card;da Conceição das Pedras;SP;shipped;parceiro_a
a2f9c2bf-e8a6-b722-ad8a-05511dc7e768;CUST_21592;PROD_2640;8;2372.87;18982.96;2023-06-20;boleto;Nascimento da Praia;SP;delivered;parceiro_b
45c3a57b-f7bf-d713-1c9b-abf4f5d3ef44;CUST_01128;PROD_0896;20;2546.26;50925.2;2023-06-04;credit_card;Moreira;SE;cancelled;parceiro_c
80efc651-b7a7-0218-1eea-887334877cdb;CUST_49453;PROD_4088;6;1138.77;6832.62;2023-06-07;credit_card;Montenegro das Pedras;RJ;cancelled;parceiro_a
879f60b5-ff72-c067-3233-519e1de84659;CUST_13628;PROD_1258;5;3643.48;18217.4;2023-06-21;credit_card;Correia;SP;cancelled;parceiro_b
be291172-da78-9fc2-bde7-600536674e4a;CUST_37335;PROD_2714;11;139.71;1536.81;2023-06-13;pix;Borges;SP;delivered;parceiro_a
c320e2ba-e348-1093-71ec-43a22b3acbba;CUST_48669;PROD_1777;13;2335.73;30364.49;2023-06-03;boleto;Macedo;ES;delivered;parceiro_c
2434e686-b130-150a-6258-34b9a663b280;CUST_45790;PROD_3481;12;2180.57;26166.84;2023-06-05;credit_card;Andrade de Cirino;RJ;delivered;parceiro_c
ff90fb54-8634-aeb6-8e7b-d4c24e894102;CUST_03628;PROD_3730;5;4404.1;22020.5;2023-06-09;boleto;Pimenta;RJ;delivered;parceiro_c
a4b7a6c4-2ef9-83c2-ed40-07b81646858a;CUST_00220;PROD_0328;7;4853.98;33977.86;2023-06-30;debit_card;Alves de Goiás;SC;delivered;parceiro_b
f13930a7-ac65-3b1b-8c6b-5763c7a0d3c0;CUST_41391;PROD_2820;17;520.29;8844.93;2023-06-05;boleto;Porto dos Dourados;SP;delivered;parceiro_c
6e83a365-b369-da7e-dc48-84a83d58ab84;CUST_48014;PROD_0131;10;3637.45;36374.5;2023-06-19;boleto;Cavalcanti da Praia;MG;pending;parceiro_b
af6aad7b-5033-a89e-7770-3d72c3c58313;CUST_34628;PROD_0252;10;1837.75;18377.5;2023-06-22;credit_card;Barros;SP;delivered;parceiro_b
1af8024b-2060-c55d-403e-f7019aef50e8;CUST_11246;PROD_3444;19;4855.57;92255.83;2023-06-20;debit_card;Gomes;GO;shipped;parceiro_a
e88e1fb4-50e9-0fa9-e70a-68ee3a6cbf88;CUST_47229;PROD_3504;15;504.24;7563.6;2023-06-30;credit_card;Barros do Amparo;AL;delivered;parceiro_b
4a795f88-a06b-034b-7076-019285eb6885;CUST_00322;PROD_1786;2;4991.08;9982.16;2023-06-10;pix;Carvalho de Alves;SP;delivered;parceiro_a
87225614-072e-5162-db58-be5b11c131ea;CUST_07631;PROD_3730;7;2607.7;18253.9;2023-06-27;credit_card;Pires;SP;pending;parceiro_c
ea9d4b2f-dffa-55e7-4253-f2528ba0b0a8;CUST_25351;PROD_1713;15;3090.81;46362.15;2023-06-13;credit_card;da Mota da Prata;SP;shipped;parceiro_c
7483337d-dad6-7942-4074-0e1437febbd4;CUST_45962;PROD_3501;11;119.15;1310.65;2023-06-08;debit_card;Lima de Goiás;RJ;shipped;parceiro_a
35889c81-739a-161b-2f4a-2c5195551a26;CUST_40737;PROD_0145;9;3318.56;29867.04;2023-06-13;debit_card;Cunha Paulista;MT;delivered;parceiro_a
b3ed29c6-98dd-c405-e640-18f83fb86190;CUST_42041;PROD_0616;3;3175.31;9525.93;2023-06-30;credit_card;Barbosa;AM;shipped;parceiro_a
da29c3b2-b0c8-f5c5-690f-0d91fdded87f;CUST_33019;PROD_1706;17;961.64;16347.88;2023-06-21;debit_card;Costela de Guerra;MG;delivered;parceiro_a
681d07f7-3e96-b98f-abc3-e1607bfe0c05;CUST_45696;PROD_0142;7;464.19;3249.33;2023-06-13;credit_card;da Mata;RS;pending;parceiro_b
da710fb9-b0df-b8d7-5a4b-e0656195a3d7;CUST_20783;PROD_3332;18;4848.29;87269.22;2023-06-22;debit_card;Leão do Galho;BA;delivered;parceiro_b
9722b720-07f9-0399-1c58-4c390a00cef8;CUST_42172;PROD_2775;9;759.01;6831.09;2023-06-02;credit_card;da Luz do Norte;PA;delivered;parceiro_a
b19a3c39-e226-6e69-c042-a51b0f117d27;CUST_38708;PROD_0190;13;2136.41;27773.33;2023-06-29;boleto;Oliveira de Sousa;MG;pending;parceiro_a
1fba795b-ace8-cecc-01b0-d992047ef737;CUST_26276;PROD_2069;1;58.62;58.62;2023-06-20;pix;Melo;MG;shipped;parceiro_b
4a8ce054-9c04-f7d0-dca5-1c3f8b01a3f6;CUST_20387;PROD_2266;12;1985.59;23827.08;2023-06-05;debit_card;Silveira de Pinto;SP;delivered;parceiro_b
7c420398-6eab-04a4-7132-5fc1cfe363a5;CUST_46476;PROD_3980;16;1824.93;29198.88;2023-06-14;pix;da Costa da Prata;GO;delivered;parceiro_c
72cb3470-fd18-2ac7-3d6b-82a367047131;CUST_39880;PROD_3176;3;4644.92;13934.76;2023-06-17;boleto;da Cunha;DF;delivered;parceiro_b
2911286b-70e8-6f1c-99b0-7091abe096f1;CUST_11500;PROD_2862;16;2751.36;44021.76;2023-06-11;pix;Pastor da Prata;SP;delivered;parceiro_a
67c6f8bf-c6e6-7c92-3532-1c196c412674;CUST_23081;PROD_3125;16;1494.46;23911.36;2023-06-05;debit_card;Farias;BA;delivered;parceiro_b
4e1eb3ea-a0d6-ef9e-1e9f-fc11600bc6b4;CUST_39217;PROD_1180;18;1758.73;31657.14;2023-06-03;debit_card;Martins;BA;delivered;parceiro_a
fc4dc43f-559a-efec-4b7d-22b397a1e7e3;CUST_04195;PROD_0461;6;1015.08;6090.48;2023-06-25;boleto;Caldeira;CE;shipped;parceiro_a
23834bb5-4d92-842b-ba2e-a3e7d529e07a;CUST_10934;PROD_1908;3;1106.98;3320.94;2023-06-15;credit_card;Aparecida da Mata;SP;shipped;parceiro_b
d85cbfca-fa5d-a044-ba6e-7132d589b072;CUST_26432;PROD_1205;5;1479.02;7395.1;2023-06-10;credit_card;Cunha;RN;delivered;parceiro_a
99689bd6-84d9-72c9-13fb-bef33101bdaa;CUST_07501;PROD_0195;20;4731.4;94628.0;2023-06-26;credit_card;Marques;BA;delivered;parceiro_b
5962adfe-d28e-05ed-9474-75ae6a4eea54;CUST_19237;PROD_1832;17;3129.69;53204.73;2023-06-04;credit_card;da Rosa Alegre;AM;delivered;parceiro_c
b0c3abce-7236-0f28-a8ec-914501ce2168;CUST_23212;PROD_3227;10;376.48;3764.8;2023-06-24;pix;Fernandes;PE;delivered;parceiro_a
0192c81d-48a5-3793-f9a1-69ef7a94b739;CUST_33855;PROD_3050;18;4323.17;77817.06;2023-06-27;debit_card;Vieira do Oeste;ES;shipped;parceiro_a
d71c41c4-fd9e-1561-7a78-9e3cf9b5a9cf;CUST_22694;PROD_4614;7;824.77;5773.39;2023-06-29;credit_card;Silva da Mata;MG;pending;parceiro_c
08d3ca47-cf1c-8bb5-2b6d-18d169350505;CUST_20732;PROD_2857;3;1483.69;4451.07;2023-06-10;boleto;Silveira;RJ;delivered;parceiro_a
feecec12-369d-a445-6f4a-d5d703b44fcf;CUST_39754;PROD_0449;2;1500.04;3000.08;2023-06-13;boleto;Ferreira;MG;delivered;parceiro_b
1d49f854-bb6e-d65a-8d1d-def0d3c78782;CUST_23949;PROD_3090;11;1895.84;20854.24;2023-06-27;debit_card;Silveira Verde;MG;cancelled;parceiro_a
b375cf9d-d370-727e-c1b1-5e4b6774cc01;CUST_04499;PROD_2157;7;60.27;421.89;2023-06-18;debit_card;Araújo das Flores;RJ;delivered;parceiro_a
a00e6bae-038a-fc66-f671-373935e555c9;CUST_00336;PROD_1845;16;2619.12;41905.92;2023-06-27;debit_card;Silveira do Campo;RS;delivered;parceiro_b
e237965a-3b36-b93c-8a49-e70e35fc8068;CUST_26610;PROD_1857;18;1455.01;26190.18;2023-06-06;pix;Rezende;MG;delivered;parceiro_a
925cf1e5-7d70-0187-87e2-ea2817d0b2c8;CUST_13474;PROD_2299;1;4373.93;4373.93;2023-06-14;pix;Monteiro;RJ;delivered;parceiro_a
7e13cd85-0e3e-88f5-f072-ff9df6b58c7b;CUST_33988;PROD_0904;19;966.35;18360.65;2023-06-26;debit_card;Marques Alegre;CE;delivered;parceiro_b
4c86e7fb-0156-fb4b-70d0-b6350ace2d33;CUST_43218;PROD_0516;8;998.76;7990.08;2023-06-10;credit_card;Cardoso de Ferreira;MG;delivered;parceiro_a
103b10df-e910-fc26-c8ef-1cca0c14af06;CUST_08269;PROD_2363;9;2232.8;20095.2;2023-06-22;boleto;Martins da Mata;MA;cancelled;parceiro_a
65e68831-ab7d-5be1-c0a1-24171f44f661;CUST_00154;PROD_4353;20;1890.64;37812.8;2023-06-13;credit_card;Cirino da Mata;MG;delivered;parceiro_a
04d5c7e1-4172-4672-37da-9cdd08e1b3f4;CUST_29248;PROD_1449;9;295.53;2659.77;2023-06-26;credit_card;Macedo;PB;delivered;parceiro_c
061be87b-4ddb-22e4-8de3-d22bac7cded2;CUST_18890;PROD_0674;6;3491.54;20949.24;2023-06-03;boleto;Rocha;SE;shipped;parceiro_c
cf0b0236-d069-376d-3ebb-8fb6df6a0e6f;CUST_40875;PROD_4214;20;3533.95;70679.0;2023-06-23;debit_card;Machado;CE;delivered;parceiro_c
e6e096db-54d0-a902-d972-b637eae08649;CUST_02031;PROD_4116;1;1349.59;1349.59;2023-06-28;pix;da Luz do Campo;MG;pending;parceiro_b
76bf8f4d-aa2c-1452-86fb-aaed21f711e8;CUST_18402;PROD_2311;10;356.18;3561.8;2023-06-06;credit_card;Abreu;PR;delivered;parceiro_b
01265de2-dbde-9928-6451-32825d1decb6;CUST_01146;PROD_4798;10;4878.29;48782.9;2023-06-20;credit_card;Gonçalves;SC;delivered;parceiro_a
5c8f4ca8-0a33-66e1-1bea-efea8c4fb883;CUST_42810;PROD_4493;14;2733.73;38272.22;2023-06-25;credit_card;Andrade;RS;delivered;parceiro_b
57aad5a1-4428-dafa-a7c5-d74cd2615aac;CUST_45808;PROD_4350;18;4864.65;87563.7;2023-06-15;pix;da Conceição das Flores;MG;delivered;parceiro_a
c1c8328d-2076-1cf2-aeb6-87224c8edf32;CUST_41804;PROD_1404;15;2119.14;31787.1;2023-06-05;pix;Casa Grande de Câmara;SP;delivered;parceiro_b
a28dad9a-9a3b-6396-217c-8e348b4d0fd1;CUST_20940;PROD_0593;20;2456.4;49128.0;2023-06-13;debit_card;Aparecida;BA;cancelled;parceiro_c
499e7803-b023-89b2-743e-798b99887c71;CUST_20394;PROD_0844;10;4591.4;45914.0;2023-06-20;boleto;Araújo;GO;delivered;parceiro_c
5a1bc446-0692-91ac-801d-79bedb93fbb2;CUST_39021;PROD_0633;11;4798.69;52785.59;2023-06-28;credit_card;Fernandes;SP;delivered;parceiro_a
ff5ecba0-b097-02fe-7c9b-0f9ea4dfd868;CUST_46315;PROD_1109;8;2920.35;23362.8;2023-06-04;pix;Brito de das Neves;ES;shipped;parceiro_b
41cde51a-7822-b1f0-752d-ae6f8fcf742e;CUST_16745;PROD_1350;11;2771.67;30488.37;2023-06-24;debit_card;da Mata;MG;delivered;parceiro_b
210b1d8e-6a27-9981-29f5-558f0d27a2d6;CUST_25064;PROD_1031;2;1488.1;2976.2;2023-06-23;credit_card;Castro do Oeste;SC;delivered;parceiro_b
6e1fb325-f4b6-55ae-d38c-329b91d48e8a;CUST_40298;PROD_2436;8;2272.84;18182.72;2023-06-29;credit_card;Alves da Prata;SP;shipped;parceiro_c
e6afc256-783f-7adf-a489-2c5615d7acb3;CUST_11692;PROD_3078;17;4329.46;73600.82;2023-06-06;pix;Casa Grande de Goiás;MG;delivered;parceiro_a
d185fedf-e74d-9c33-f861-bb8c4c868f49;CUST_30627;PROD_0995;9;2511.87;22606.83;2023-06-08;debit_card;Nogueira Alegre;BA;delivered;parceiro_b
2acde2fb-79c3-67bf-13f8-687e9bd9fa63;CUST_34460;PROD_2863;13;4197.22;54563.86;2023-06-25;pix;Vargas das Flores;PA;delivered;parceiro_c
827783f5-eabd-80f1-0255-0222236da996;CUST_12962;PROD_3307;4;4724.12;18896.48;2023-06-29;credit_card;da Rocha Verde;RJ;cancelled;parceiro_b
9ff0fe20-b8d3-0eb9-fe7e-14b57c53bc81;CUST_06254;PROD_2273;14;3998.3;55976.2;2023-06-04;boleto;da Rocha;PB;pending;parceiro_c
361e4205-a393-81d7-5c3c-6757c917dffa;CUST_00502;PROD_0062;13;482.15;6267.95;2023-06-08;debit_card;Nogueira de Pacheco;SP;delivered;parceiro_c
355685af-9304-3298-3681-e29955bfab57;CUST_04878;PROD_4070;17;1277.61;21719.37;2023-06-03;debit_card;Duarte;MS;delivered;parceiro_a
f12cb2f9-463f-4af3-03cc-5b6744a7bfca;CUST_37368;PROD_3870;20;1635.45;32709.0;2023-06-06;pix;Brito;MG;delivered;parceiro_a
85124502-8b44-bf80-a9b6-1102c309d9e2;CUST_28587;PROD_2684;5;64.25;321.25;2023-06-11;boleto;Nunes de Borges;MG;pending;parceiro_a
c22646b1-7188-e2e6-1b08-7f3c300e367c;CUST_23565;PROD_4259;8;1599.49;12795.92;2023-06-05;pix;Cirino de Cirino;RS;delivered;parceiro_a
52beff65-648c-d103-8bd8-2751f0ed2812;CUST_32577;PROD_4395;8;4969.8;39758.4;2023-06-03;debit_card;Guerra;SP;delivered;parceiro_c
81403676-75c8-f071-071d-56677ec686ab;CUST_33686;PROD_4499;10;770.07;7700.7;2023-06-02;credit_card;Costela Alegre;PR;shipped;parceiro_b
9be0b302-4eda-04c0-f3ec-de620bf44a5a;CUST_07332;PROD_2157;17;2458.53;41795.01;2023-06-06;debit_card;Lima do Galho;RJ;shipped;parceiro_b
eaf8b192-be9d-ae4d-63c5-2ac9e8499b7a;CUST_16454;PROD_0687;9;960.6;8645.4;2023-06-05;pix;Porto do Oeste;PA;delivered;parceiro_c
ab25fa72-08f1-8c22-c838-5291a14384b7;CUST_39555;PROD_3838;3;2911.81;8735.43;2023-06-07;credit_card;Leão de Goiás;SP;delivered;parceiro_a
0f233f46-2587-4e5d-608e-f8fcf727ae7e;CUST_26943;PROD_3081;10;1910.39;19103.9;2023-06-21;credit_card;Albuquerque;BA;delivered;parceiro_b
8bea1e20-5188-9dc3-d917-c40f74e680ce;CUST_03450;PROD_0936;13;3567.19;46373.47;2023-06-12;credit_card;Costa de Costela;SE;delivered;parceiro_a
1f0598db-fdc7-f973-7c1d-9f7a868397b0;CUST_25650;PROD_2517;3;2762.82;8288.46;2023-06-17;pix;Caldeira de Montenegro;RS;delivered;parceiro_a
c1b5d32f-5818-afc9-ed8a-9564c83eaa39;CUST_21278;PROD_2867;17;4706.53;80011.01;2023-06-01;credit_card;da Conceição Verde;SP;delivered;parceiro_c
0b848736-fc08-3eb6-a9ca-78c136156aad;CUST_05290;PROD_1920;18;2149.73;38695.14;2023-06-21;pix;Fonseca de da Conceição;SP;delivered;parceiro_a
c5edd7e1-82ca-0dca-41b3-b699932b6c35;CUST_40717;PROD_2249;18;4279.94;77038.92;2023-06-28;pix;Lopes de Goiás;SP;cancelled;parceiro_a
ecba86b2-fa32-5b7a-1e43-a6c0a36da05a;CUST_26767;PROD_1727;4;2832.69;11330.76;2023-06-08;credit_card;da Costa do Amparo;SP;shipped;parceiro_b
a18dcfc2-c63d-0ff9-8012-cf26d86740d3;CUST_18432;PROD_4565;13;4907.22;63793.86;2023-06-16;credit_card;Moreira;SC;cancelled;parceiro_a
bc83e4e6-1009-665d-7a43-c85a09ae26ed;CUST_02108;PROD_4972;19;42.33;804.27;2023-06-04;debit_card;Fonseca da Praia;BA;pending;parceiro_b
d1ea77fd-18d9-e6f0-2f2c-6f0ecdb93bc3;CUST_39371;PROD_3548;11;760.32;8363.52;2023-06-21;debit_card;Gonçalves;CE;cancelled;parceiro_c
e30a5a49-56dd-62f6-3a84-7c98f731ae9b;CUST_25049;PROD_0371;7;1632.7;11428.9;2023-06-03;debit_card;Farias;RO;delivered;parceiro_c
d921afc1-f8a2-c07c-6b37-a709984b9759;CUST_12881;PROD_2870;8;373.0;2984.0;2023-06-23;pix;Cassiano de Câmara;GO;pending;parceiro_b
f7edfcc4-07a8-7bee-a6f6-f135ac6c3853;CUST_26153;PROD_3586;9;2416.13;21745.17;2023-06-06;credit_card;Siqueira de Pinto;CE;delivered;parceiro_c
19ff412e-489e-1bb3-5bb7-8b9549a71894;CUST_39334;PROD_0821;7;141.74;992.18;2023-06-01;credit_card;Siqueira do Campo;PE;cancelled;parceiro_a
ea331e3c-e2d5-c300-f1b4-6b5aac3d9c5b;CUST_11276;PROD_3227;5;590.71;2953.55;2023-06-11;pix;Farias das Pedras;RS;delivered;parceiro_a
66216208-bbd5-35b4-5759-752c068953a8;CUST_47426;PROD_3179;13;1211.76;15752.88;2023-06-26;debit_card;Costa de Câmara;GO;shipped;parceiro_b
77be748f-db08-f2b5-7b24-f0f9069e689b;CUST_47324;PROD_4503;5;3078.58;15392.9;2023-06-01;credit_card;Costa;ES;pending;parceiro_c
7609f5e8-6e21-4814-7e11-1fd2540882bb;CUST_49359;PROD_1841;5;3432.41;17162.05;2023-06-24;debit_card;da Mata;DF;delivered;parceiro_a
8b3bda33-4f9d-a5d4-4ebb-56d5d026557e;CUST_17802;PROD_1509;20;1629.38;32587.6;2023-06-12;boleto;Pinto das Flores;SP;pending;parceiro_b
ad0f15eb-79a3-2694-f4d7-54f763ee4387;CUST_38850;PROD_4609;17;250.02;4250.34;2023-06-23;debit_card;Barbosa de Brito;SP;delivered;parceiro_b
0e0e4552-ba9d-e44e-d0d6-00c95bbb6669;CUST_44221;PROD_0286;14;448.92;6284.88;2023-06-13;pix;Costela;MG;delivered;parceiro_b
351e9000-5e83-51f6-661b-570524c2ee65;CUST_05150;PROD_3926;14;912.43;12774.02;2023-06-14;boleto;Nascimento do Oeste;BA;delivered;parceiro_c
82acc9d3-d2c0-e1f6-fccd-27d76d9068b1;CUST_40565;PROD_1682;20;4727.84;94556.8;2023-06-13;debit_card;Rezende Paulista;MG;delivered;parceiro_a
a2c54282-6316-c3d5-744f-b466317380fa;CUST_13076;PROD_4655;5;972.15;4860.75;2023-06-16;pix;Albuquerque;RJ;pending;parceiro_a
b199c399-18bb-4084-9ebf-779ae25f5d45;CUST_33313;PROD_4057;18;802.94;14452.92;2023-06-06;credit_card;Vasconcelos;SC;shipped;parceiro_c
f6838b42-f3d6-67a1-01db-dcd3a6a9d2d7;CUST_28290;PROD_4796;7;432.35;3026.45;2023-06-02;debit_card;Câmara;MA;delivered;parceiro_c
e61c7bb1-8618-8990-6b43-a3a4ee6c73e7;CUST_04037;PROD_1831;17;2573.01;43741.17;2023-06-27;pix;Rocha de Câmara;AC;pending;parceiro_a
4ac2ea9c-872a-8012-2dd9-129a08acca7e;CUST_24120;PROD_4096;14;166.62;2332.68;2023-06-23;pix;da Costa das Flores;RJ;delivered;parceiro_b
359a6fd8-ec55-6503-4ac0-f190720a0461;CUST_42157;PROD_1916;9;4280.84;38527.56;2023-06-28;pix;Duarte;RJ;delivered;parceiro_a
00b57e06-4acc-d59c-7596-dfaddd2bc2b0;CUST_02387;PROD_1770;12;755.23;9062.76;2023-06-25;boleto;Costela de Nogueira;MA;pending;parceiro_b
5de2f697-cc08-ba81-6e7d-6bbff8d39e12;CUST_27944;PROD_4271;6;4415.79;26494.74;2023-06-17;pix;Alves de Gonçalves;PR;delivered;parceiro_b
d62da7ab-bdd4-9afa-93d3-812ae05ed5b2;CUST_18971;PROD_3858;5;4470.35;22351.75;2023-06-30;pix;Macedo de Dias;MG;delivered;parceiro_b
a1fd01dc-91fb-248f-d2ab-ddb40858d569;CUST_08857;PROD_1818;9;2997.99;26981.91;2023-06-15;boleto;Rocha;PE;cancelled;parceiro_a
1bbd2916-b090-ffdf-eab7-4c056f4750e3;CUST_36345;PROD_3779;12;2972.26;35667.12;2023-06-06;pix;Fonseca da Mata;SC;delivered;parceiro_b
2d2d1345-8f4c-1682-a484-552ae2d468e2;CUST_47270;PROD_1935;2;2660.6;5321.2;2023-06-19;boleto;da Paz;SP;pending;parceiro_b
5357507c-e6f9-72a6-386e-4d7532c11f2b;CUST_43904;PROD_2931;4;3761.37;15045.48;2023-06-11;credit_card;Fonseca;PE;delivered;parceiro_b
f4fbe12c-184a-f973-5353-c2a667df37d3;CUST_27286;PROD_3814;14;4744.24;66419.36;2023-06-13;credit_card;da Conceição dos Dourados;MT;delivered;parceiro_b
204526a8-44f7-f1e0-998f-29d9760fff00;CUST_17769;PROD_1507;18;2858.85;51459.3;2023-06-28;pix;Sá;SP;delivered;parceiro_c
2bef0ebb-28e1-ada5-96fa-028a34ba3ee8;CUST_38512;PROD_4419;3;997.81;2993.43;2023-06-12;pix;Abreu;SP;pending;parceiro_b
b9844054-2d78-4e72-3a7f-47428be188da;CUST_11213;PROD_1155;1;2938.48;2938.48;2023-06-26;credit_card;Mendes de da Cruz;SP;delivered;parceiro_c
8aaf2a6d-e719-8248-8356-08258acdedcf;CUST_04010;PROD_3342;7;4973.67;34815.69;2023-06-06;credit_card;Aragão;ES;delivered;parceiro_a
f7b6520c-e875-e7e1-5630-7a847a9f3fc1;CUST_06318;PROD_2796;8;854.67;6837.36;2023-06-17;pix;Rios Paulista;MG;delivered;parceiro_c
f0d13bd5-ebeb-d4ad-3f2c-0e6c283dcc00;CUST_16668;PROD_2415;1;2140.73;2140.73;2023-06-18;credit_card;Montenegro de Barros;SE;pending;parceiro_c
124b1b64-7d55-5e6a-5c85-01fd3ed4d898;CUST_44415;PROD_3333;10;3798.13;37981.3;2023-06-24;credit_card;Gonçalves de Borges;BA;cancelled;parceiro_b
2c39f045-65f2-1a69-652e-9084bf9d1bff;CUST_16002;PROD_1510;7;3059.99;21419.93;2023-06-04;credit_card;Gonçalves do Campo;DF;cancelled;parceiro_b
4e8e20f7-5687-181f-305c-2de9889ae80f;CUST_42211;PROD_3969;19;51.42;976.98;2023-06-05;pix;Mendonça;SP;shipped;parceiro_a
7eb11618-a2a2-bda6-447e-a110a6720b1a;CUST_49190;PROD_3881;14;3866.15;54126.1;2023-06-13;boleto;Dias;SC;pending;parceiro_c
0eac32d4-cbeb-66b0-81b3-a68885bb289b;CUST_03689;PROD_2549;16;1050.97;16815.52;2023-06-28;pix;Souza das Pedras;SP;delivered;parceiro_b
941857bc-dfe4-a639-e912-8519009aeee6;CUST_26421;PROD_4329;15;1212.75;18191.25;2023-06-13;debit_card;da Mata;SP;delivered;parceiro_c
ef456949-6f99-8585-555b-c195f2a4d024;CUST_10838;PROD_3590;13;1584.47;20598.11;2023-06-24;credit_card;Rios da Prata;MG;shipped;parceiro_a
95e08dba-1246-9e66-e9c4-8a4447cb848a;CUST_09558;PROD_4168;14;3023.51;42329.14;2023-06-03;credit_card;Campos;PR;delivered;parceiro_c
092616bd-b061-3879-d06b-97336b37487f;CUST_26092;PROD_4354;16;2753.98;44063.68;2023-06-25;pix;Cavalcanti;RJ;delivered;parceiro_a
e9eeacc5-2376-0eca-b9f5-9f5dc7b362a2;CUST_44209;PROD_1977;17;1925.97;32741.49;2023-06-23;boleto;Casa Grande Grande;MG;delivered;parceiro_c
c385c12f-ca0a-999d-7e1f-6d453d34cf2f;CUST_31880;PROD_2402;4;1273.9;5095.6;2023-06-09;boleto;Macedo;SC;delivered;parceiro_b
7c358d81-9087-fc33-10e3-4b9d3f74032a;CUST_08955;PROD_1284;20;1820.47;36409.4;2023-06-11;pix;da Cruz Alegre;PE;delivered;parceiro_b
f91b01e0-1966-e9cf-c9c8-6a4db8e4361f;CUST_42742;PROD_4488;8;3774.67;30197.36;2023-06-29;credit_card;Araújo das Flores;MG;delivered;parceiro_a
26ab5757-f6c7-3165-9586-913f6215e9ec;CUST_45775;PROD_0668;1;1293.07;1293.07;2023-06-04;boleto;Moreira do Sul;MG;delivered;parceiro_b
a0d4896d-0e27-5186-ef0b-2e35ad1ddce3;CUST_40178;PROD_4188;11;1178.88;12967.68;2023-06-16;pix;Moura do Norte;RS;delivered;parceiro_b
8bc21077-b75d-304c-c517-a9835cdf5907;CUST_26312;PROD_1916;12;1930.78;23169.36;2023-06-20;credit_card;Costela;PR;delivered;parceiro_a
38e9a884-e32a-e618-b3f5-740449d5c1eb;CUST_04285;PROD_1384;12;1114.25;13371.0;2023-06-30;debit_card;Azevedo de Caldeira;DF;delivered;parceiro_c
3d7c4733-6ef5-bb37-6e56-21ec04017f68;CUST_31750;PROD_1818;2;1611.59;3223.18;2023-06-20;credit_card;Nunes;RJ;shipped;parceiro_b
e321ba0e-4ed9-fda7-a0a9-c6a9e9b9e650;CUST_31494;PROD_1256;13;2773.67;36057.71;2023-06-06;boleto;Sales;SP;shipped;parceiro_c
acfe1a02-5969-caa5-1d83-9311f33af85d;CUST_22401;PROD_3427;2;1240.69;2481.38;2023-06-22;boleto;da Cruz de Carvalho;ES;delivered;parceiro_c
3849cd9a-05ed-507c-74fa-42a6dfa994df;CUST_32101;PROD_1580;15;4855.63;72834.45;2023-06-21;debit_card;Santos de da Rosa;MG;shipped;parceiro_c
ffa56efb-6c6f-7e2d-a65a-baf5c018398c;CUST_14486;PROD_1427;11;2158.18;23739.98;2023-06-25;credit_card;Borges;RJ;shipped;parceiro_c
c908f76d-9a7f-cd2d-7701-6ddeb13dec02;CUST_15445;PROD_0377;1;4954.64;4954.64;2023-06-13;credit_card;Borges;DF;delivered;parceiro_a
241d7050-a9b5-0db8-d06c-6d6088a9e78f;CUST_37541;PROD_4879;17;4099.37;69689.29;2023-06-08;debit_card;Rios;SE;delivered;parceiro_c
4f082aaf-52dd-d7e4-a95d-67b25e33c72c;CUST_05797;PROD_0068;20;3724.72;74494.4;2023-06-09;credit_card;Peixoto;PA;delivered;parceiro_a
041b2424-f6e2-3531-a5d5-1426525feb5f;CUST_05443;PROD_3970;12;3640.16;43681.92;2023-06-11;credit_card;Pimenta;SC;delivered;parceiro_c
8248c632-71c4-6800-eeec-32676cada119;CUST_41481;PROD_4817;4;2872.79;11491.16;2023-06-23;boleto;Cardoso;SE;delivered;parceiro_a
acd4e87b-4bde-57f6-b271-8f8123bb94fb;CUST_47702;PROD_0103;3;1932.04;5796.12;2023-06-09;pix;Nogueira;MG;cancelled;parceiro_a
37e4a0f2-0c97-5d36-081b-d4bc7a7765ca;CUST_48332;PROD_4655;13;4531.48;58909.24;2023-06-30;boleto;Carvalho da Mata;BA;delivered;parceiro_a
6696005c-9640-d919-276c-a664b0b2b2cd;CUST_13714;PROD_0339;19;2996.16;56927.04;2023-06-22;pix;da Rosa;MS;pending;parceiro_a
65317a3d-cf4e-067e-78dc-e93777e8a16e;CUST_22995;PROD_4974;14;3291.4;46079.6;2023-06-27;pix;Oliveira do Norte;SP;shipped;parceiro_a
1ff7819f-f0fb-f2d9-643f-1b9de60ef3ff;CUST_27095;PROD_2373;17;1612.66;27415.22;2023-06-05;credit_card;Casa Grande;RJ;delivered;parceiro_a
d826ec3d-fe4c-e174-37c2-a68d709fc978;CUST_38129;PROD_1833;12;2645.61;31747.32;2023-06-12;credit_card;Cardoso;SP;shipped;parceiro_b
43b9694f-6e05-516b-5a71-82b64d49fb93;CUST_37592;PROD_2795;7;4426.4;30984.8;2023-06-17;credit_card;Cassiano;PR;delivered;parceiro_c
f4e3fee6-b169-ae4b-2341-d49962f92bbf;CUST_14639;PROD_2582;3;143.68;431.04;2023-06-04;pix;da Paz;PR;shipped;parceiro_b
aec6040f-32d7-afde-5474-c5efd144b78c;CUST_15274;PROD_2553;15;2279.73;34195.95;2023-06-09;credit_card;Souza do Sul;PE;delivered;parceiro_c
efb658df-9914-44f9-a436-de22a705b873;CUST_07776;PROD_0419;2;2896.92;5793.84;2023-06-26;credit_card;Alves da Praia;RJ;shipped;parceiro_a
d5bb7331-17d9-03af-ff71-08e7148790e5;CUST_37144;PROD_3890;10;3985.55;39855.5;2023-06-11;boleto;Azevedo;CE;delivered;parceiro_a
790e8c07-9e24-8955-d09c-51b93e10babf;CUST_01227;PROD_3083;18;828.41;14911.38;2023-06-21;debit_card;da Cruz de Aragão;RJ;delivered;parceiro_a
2e7d7448-5999-5e83-b14e-033b713ff229;CUST_49552;PROD_1151;20;497.23;9944.6;2023-06-18;debit_card;Vieira do Campo;SP;pending;parceiro_a
276543c0-744a-2f89-7271-4b377d9abfab;CUST_33503;PROD_2309;2;4239.7;8479.4;2023-06-21;credit_card;Peixoto da Praia;PR;shipped;parceiro_c
7d4cb1a5-1f13-ba01-acd9-85b8e3047dcd;CUST_33220;PROD_1007;12;664.23;7970.76;2023-06-13;credit_card;Carvalho de Moura;MG;shipped;parceiro_a
d0237523-e0ac-2324-c267-fc9f9347622f;CUST_37113;PROD_1798;6;3328.62;19971.72;2023-06-14;pix;Montenegro;SP;shipped;parceiro_c
e753bee9-b973-6f53-5fe5-065e2f22cf97;CUST_19115;PROD_2157;18;1591.71;28650.78;2023-06-25;pix;Casa Grande do Oeste;SP;delivered;parceiro_b
75c3c0c6-796d-bf89-9b60-2398daffb415;CUST_02287;PROD_4470;4;599.79;2399.16;2023-06-10;pix;Nascimento do Oeste;SP;delivered;parceiro_a
3450b55b-6383-89f7-cd1e-a3ca2047c9af;CUST_32243;PROD_3448;5;1556.55;7782.75;2023-06-28;debit_card;da Cunha de Minas;SP;delivered;parceiro_a
6a8bf81e-a6c0-a1f7-9b99-94bb1b4c5187;CUST_33054;PROD_1807;15;679.86;10197.9;2023-06-19;pix;Brito;SP;pending;parceiro_a
2d09b87b-b9ae-ccbf-ead0-4a5ccaa12bf6;CUST_49852;PROD_0735;6;3185.39;19112.34;2023-06-01;pix;Vasconcelos dos Dourados;RR;delivered;parceiro_a
6986744e-c417-7fc3-0042-83c91ec92e1c;CUST_27028;PROD_4987;11;1090.85;11999.35;2023-06-03;pix;da Cunha;SP;pending;parceiro_c
31e6e177-474e-d53c-6164-ad73f05e3857;CUST_08156;PROD_4779;10;219.78;2197.8;2023-06-19;pix;da Conceição de Ribeiro;SP;delivered;parceiro_b
fc067606-0548-33ed-1549-147d9dce2a83;CUST_30731;PROD_4952;4;2386.06;9544.24;2023-06-07;debit_card;Fernandes;RS;delivered;parceiro_c
dc5a15b2-0ada-12e3-502b-1a1e6bc3b5e4;CUST_24052;PROD_0388;9;561.68;5055.12;2023-06-06;pix;Abreu da Prata;SP;delivered;parceiro_b
80d1b2df-90d3-3c6f-5821-600fc0c1d884;CUST_48960;PROD_4598;9;1846.86;16621.74;2023-06-10;credit_card;Cavalcante de Minas;SP;shipped;parceiro_b
1a000935-a9be-2253-35c3-f1f6231aebe1;CUST_34314;PROD_1453;14;2616.25;36627.5;2023-06-12;pix;Cunha do Galho;PR;pending;parceiro_a
3f96e224-32ad-61ed-7e85-a615c14e2755;CUST_20168;PROD_3912;1;3304.79;3304.79;2023-06-20;debit_card;Macedo do Galho;RJ;delivered;parceiro_c
0b55d0b1-519f-c81e-5932-92f2e9bfaa0b;CUST_45173;PROD_0111;8;4168.87;33350.96;2023-06-18;debit_card;Moura Verde;RJ;delivered;parceiro_b
efb7e4be-34d9-fd59-d2f2-c0a56cc5cf34;CUST_34461;PROD_3730;16;3746.94;59951.04;2023-06-14;pix;da Cunha;SP;delivered;parceiro_a
c307c7ac-8ff2-42ab-b4f8-e517479fe768;CUST_24507;PROD_0922;15;3609.61;54144.15;2023-06-07;pix;Santos;PR;delivered;parceiro_b
0d5abaa8-93ae-3a5a-ec19-e9725788e817;CUST_46497;PROD_3124;17;1648.48;28024.16;2023-06-18;credit_card;Souza de Novaes;CE;shipped;parceiro_c
8d4b934e-d681-b47f-fab2-0de9647b93e2;CUST_44350;PROD_2232;6;4770.25;28621.5;2023-06-25;boleto;Novais;PR;delivered;parceiro_b
fb331bb2-1e46-146b-8d07-8b5d344cd0f9;CUST_18409;PROD_4547;3;1601.52;4804.56;2023-06-25;boleto;Rezende;RJ;delivered;parceiro_a
9e170cd2-1945-df67-e729-dec1c9a9c95d;CUST_46987;PROD_0479;8;1955.27;15642.16;2023-06-06;debit_card;da Mota;RJ;delivered;parceiro_a
83fab5fc-e7ee-e123-dbe4-be8b97e99b93;CUST_43647;PROD_3408;3;2367.15;7101.45;2023-06-19;pix;Martins Alegre;MG;pending;parceiro_c
653457a1-5eb3-dd5c-937e-1f030b95718d;CUST_14315;PROD_3587;14;390.63;5468.82;2023-06-21;credit_card;Alves;PR;delivered;parceiro_a
05a6395b-8484-7cc3-d648-7f8e99a7093b;CUST_33628;PROD_0870;12;2417.62;29011.44;2023-06-10;debit_card;Guerra das Flores;MG;delivered;parceiro_c
9b08ae62-569f-9310-d389-67dba04fb92b;CUST_27165;PROD_4174;1;1002.79;1002.79;2023-06-07;credit_card;da Rosa;SP;shipped;parceiro_c
954f829f-de29-1974-1b1b-65adcae3bc0b;CUST_46132;PROD_1733;1;3848.78;3848.78;2023-06-14;boleto;Andrade;RJ;delivered;parceiro_c
0a252018-37b1-c200-13b6-936e72fa609e;CUST_43221;PROD_2628;17;1256.23;21355.91;2023-06-06;debit_card;Martins de Leão;RS;delivered;parceiro_c
e003183f-51fb-ec80-559d-d9bb8bbbfd39;CUST_40112;PROD_2475;14;583.45;8168.3;2023-06-10;credit_card;Costela;RJ;delivered;parceiro_c
8ee73e4d-5aa4-adb5-d3b6-6e41f8c0d955;CUST_35661;PROD_0067;19;528.25;10036.75;2023-06-09;debit_card;Costa;SP;delivered;parceiro_a
a036a213-4439-2fe3-03a6-0c1f31a28674;CUST_47869;PROD_3105;16;3111.63;49786.08;2023-06-23;pix;Araújo;RJ;delivered;parceiro_b
ca997a0c-9f55-22d9-e00d-bfae01cb0738;CUST_22188;PROD_0335;13;4822.21;62688.73;2023-06-10;debit_card;Oliveira;GO;delivered;parceiro_a
2d5eef48-d2a2-83ce-a84a-50e8c7fef038;CUST_10046;PROD_1040;4;2305.91;9223.64;2023-06-13;debit_card;Teixeira Paulista;SP;pending;parceiro_a
2f76f5db-eb54-7002-b685-b2a395b46eb6;CUST_27090;PROD_4481;15;4586.94;68804.1;2023-06-06;boleto;Camargo do Oeste;RN;shipped;parceiro_a
68b0d415-d000-70b3-d25f-f66c543972cb;CUST_28196;PROD_3169;15;3609.87;54148.05;2023-06-11;debit_card;Carvalho de Novaes;SC;cancelled;parceiro_b
0f5c652e-2447-0d67-79a2-1f9e4050c5da;CUST_12418;PROD_4703;14;2290.13;32061.82;2023-06-06;boleto;Castro;RO;shipped;parceiro_b
be72011c-07bf-747d-a9ae-41e363305410;CUST_00909;PROD_0321;13;4660.81;60590.53;2023-06-17;boleto;Cardoso;SC;delivered;parceiro_b
1e9bb782-c40a-c36a-cfb7-b3e159a00861;CUST_05067;PROD_4974;13;3494.69;45430.97;2023-06-27;credit_card;Marques;MA;shipped;parceiro_a
3bfecedd-7e6a-beb0-052b-784b0d37d73a;CUST_47430;PROD_3051;3;3372.37;10117.11;2023-06-11;credit_card;Nascimento;MG;pending;parceiro_b
1f0cdaf9-0c60-b39e-6f14-f987b9462901;CUST_10574;PROD_2964;17;3276.5;55700.5;2023-06-06;debit_card;Macedo de Santos;RS;delivered;parceiro_a
ff6902bf-3b81-7a96-98a8-f79b6fc5084c;CUST_05721;PROD_3279;20;2209.57;44191.4;2023-06-18;pix;Pimenta de Goiás;SP;delivered;parceiro_c
2579c3f7-6300-e1e5-a179-c1909cc069bd;CUST_42065;PROD_2864;6;3785.86;22715.16;2023-06-27;pix;Leão Grande;RJ;delivered;parceiro_c
03fa55af-9b64-8900-05d9-0c11ef29a830;CUST_24132;PROD_4667;1;2609.61;2609.61;2023-06-06;debit_card;Borges da Prata;RS;delivered;parceiro_c
de2100fa-e3e9-e044-3546-e7de6e48ca08;CUST_17364;PROD_1492;20;2578.02;51560.4;2023-06-17;credit_card;Pimenta das Pedras;SP;delivered;parceiro_c
bd70c429-fee0-ba64-8da6-fa54044c3894;CUST_37211;PROD_1331;11;4746.68;52213.48;2023-06-10;credit_card;Guerra;MG;delivered;parceiro_c
a288fc5c-b424-ee3e-3bab-3244f28d821f;CUST_37946;PROD_0186;4;870.76;3483.04;2023-06-09;boleto;Rocha;RJ;pending;parceiro_b
89dea427-f22d-f1d9-226f-244abc0f7304;CUST_10917;PROD_2678;11;3633.12;39964.32;2023-06-22;credit_card;Alves;SP;delivered;parceiro_a
f9f8248f-7b20-f834-fd3d-73bbcfba5023;CUST_47395;PROD_1955;6;4920.44;29522.64;2023-06-12;pix;Nunes;MG;delivered;parceiro_b
2ab52e2f-6ec4-4055-4148-7c24eb803686;CUST_12291;PROD_4055;20;2972.12;59442.4;2023-06-28;credit_card;Ferreira;BA;shipped;parceiro_a
3b50b8c5-028c-c12f-83ec-6c48d756c815;CUST_38934;PROD_0482;20;3639.37;72787.4;2023-06-04;credit_card;Melo Paulista;CE;pending;parceiro_a
a75f3f74-aae3-cb32-4b16-80f40c547b10;CUST_35987;PROD_1102;7;3634.63;25442.41;2023-06-18;pix;Carvalho das Pedras;PA;cancelled;parceiro_a
bfe5dff8-7553-f416-ac4f-8a45c08ac17c;CUST_37506;PROD_4935;4;455.91;1823.64;2023-06-02;pix;Ramos;MG;cancelled;parceiro_b
8a887102-c4cf-f0ec-bbaa-06ffda114adf;CUST_43591;PROD_2492;16;4926.51;78824.16;2023-06-22;credit_card;Melo do Oeste;SP;delivered;parceiro_a
1b512528-2c1c-48fe-0c53-d753e424f53a;CUST_49279;PROD_3677;2;229.03;458.06;2023-06-05;boleto;da Cunha de da Luz;SC;delivered;parceiro_a
15cf0f7a-6ffe-76e0-07b6-71e33e972d81;CUST_35633;PROD_4277;1;2016.39;2016.39;2023-06-19;credit_card;Machado de Melo;GO;delivered;parceiro_b
3a811434-94bc-9daa-eb5b-bf345a0cd8f8;CUST_28988;PROD_2284;9;2192.73;19734.57;2023-06-11;debit_card;Souza de Guerra;RJ;delivered;parceiro_b
e8eabcad-bea6-a4b3-9410-5bfbdc776983;CUST_12084;PROD_3693;1;3252.69;3252.69;2023-06-20;pix;Andrade;GO;delivered;parceiro_b
f5e9e820-2438-8bfc-6ea7-6f777140363e;CUST_17915;PROD_1075;13;2389.48;31063.24;2023-06-19;credit_card;Ramos;GO;cancelled;parceiro_c
0e3df3df-e280-cefe-578e-e3c8d1658533;CUST_01970;PROD_5000;1;3169.92;3169.92;2023-06-05;credit_card;Aragão do Campo;RJ;cancelled;parceiro_a
2cd7102f-78f9-593b-df63-152ccf1ceb06;CUST_28353;PROD_2473;7;329.93;2309.51;2023-06-18;pix;Pires;RS;delivered;parceiro_a
ea66f090-4f1d-6a61-9bc5-53f53342d17d;CUST_42090;PROD_2734;15;4803.75;72056.25;2023-06-14;pix;das Neves;RJ;delivered;parceiro_a
77b751c8-7f7f-27f1-092c-fbba27c03160;CUST_34439;PROD_2112;20;2293.23;45864.6;2023-06-21;pix;Viana do Oeste;BA;pending;parceiro_b
65984d3c-32d3-d05f-52f4-eeacf1e8fbe7;CUST_36054;PROD_2048;2;3052.11;6104.22;2023-06-21;boleto;da Paz da Mata;RS;cancelled;parceiro_a
f10cd7fa-73e0-b02b-6d60-64bef07a7ac5;CUST_38437;PROD_2454;17;2342.79;39827.43;2023-06-12;credit_card;Borges;SP;delivered;parceiro_a
ee0a38c0-5dc3-fbe0-4229-8ef5d5b6c997;CUST_09665;PROD_3994;17;3799.74;64595.58;2023-06-01;debit_card;Melo;BA;delivered;parceiro_b
18cd1a3e-edfb-e2a2-f305-323f12a6277f;CUST_45935;PROD_2434;20;3968.8;79376.0;2023-06-13;boleto;Costela das Pedras;SP;pending;parceiro_a
7add0325-6e73-1e1b-91aa-f6970ed26333;CUST_40558;PROD_2338;16;3133.03;50128.48;2023-06-26;pix;Alves;BA;delivered;parceiro_b
e4762f2d-d72f-2d5e-8a06-2e8786d97c75;CUST_04056;PROD_1910;18;2131.66;38369.88;2023-06-12;debit_card;Souza do Amparo;DF;pending;parceiro_a
c3763c2a-4a2e-ab46-52da-66532c3f3a54;CUST_29704;PROD_4593;17;3356.6;57062.2;2023-06-05;boleto;Cirino;MG;delivered;parceiro_a
f823ecae-33b0-5379-15cd-ef1b3ab77f15;CUST_49741;PROD_1624;11;725.21;7977.31;2023-06-29;pix;Freitas;MG;delivered;parceiro_c
fb67223d-175e-9461-fa7f-b13a7ba9a20d;CUST_36254;PROD_4954;3;198.81;596.43;2023-06-25;pix;Silveira;DF;pending;parceiro_a
1d4039c8-bac7-304b-aea4-1060bc3c83a0;CUST_25903;PROD_0017;16;1092.62;17481.92;2023-06-26;boleto;Gomes;ES;shipped;parceiro_b
2665b012-7dcf-3f11-0e06-4996bc59789f;CUST_12742;PROD_3006;6;1428.5;8571.0;2023-06-17;debit_card;Araújo;RJ;cancelled;parceiro_c
bda8cee3-edb6-64a8-1e1d-dc296d14bdac;CUST_25850;PROD_0655;9;3125.58;28130.22;2023-06-19;boleto;Camargo Paulista;CE;cancelled;parceiro_b
917df8a7-063b-06f8-e5d5-65d41c584657;CUST_03547;PROD_2511;17;4404.25;74872.25;2023-06-08;credit_card;Leão da Serra;PR;pending;parceiro_b
0c1a1bbb-0821-27c9-d63b-917e09140bf8;CUST_22043;PROD_4507;19;1389.72;26404.68;2023-06-24;credit_card;Câmara;SP;delivered;parceiro_b
d877d29a-b440-2c6f-e731-1e5e423f1f32;CUST_30843;PROD_2665;4;4381.6;17526.4;2023-06-01;credit_card;Santos;RJ;delivered;parceiro_a
3205c2e7-8c4a-cb30-23cd-86c3d84b8c16;CUST_26539;PROD_4574;8;3703.9;29631.2;2023-06-18;debit_card;Duarte Verde;SP;delivered;parceiro_a
afee2290-0468-6033-e307-b60e2d76e574;CUST_31011;PROD_2728;11;467.0;5137.0;2023-06-11;debit_card;Sampaio do Campo;BA;delivered;parceiro_a
50929d9d-8543-444b-48fa-55b09bafd6f6;CUST_16451;PROD_3493;15;4019.63;60294.45;2023-06-22;debit_card;Novais;SP;delivered;parceiro_a
51eabf7d-b867-815f-b6d4-1b72653c2902;CUST_14773;PROD_1538;4;1544.73;6178.92;2023-06-21;pix;Ferreira;SP;pending;parceiro_c
b7f15ec0-3a6e-9f8c-ea89-e35b2a1c2274;CUST_18345;PROD_0493;5;1504.54;7522.7;2023-06-24;debit_card;Vieira;RS;delivered;parceiro_b
335a3d2a-0d76-580e-bc46-29477599a19c;CUST_32756;PROD_0827;8;2825.48;22603.84;2023-06-16;pix;da Mata de Gomes;BA;delivered;parceiro_a
e0c4a2dc-422c-c534-d707-83d5b74d64d8;CUST_19298;PROD_4070;14;2879.08;40307.12;2023-06-07;boleto;Sampaio;RJ;delivered;parceiro_c
cf1d3385-0db7-b5f9-371a-27d65c2a3e7f;CUST_41939;PROD_1262;1;2909.81;2909.81;2023-06-25;pix;Melo da Praia;SP;delivered;parceiro_b
fee4eaaa-81e8-5e09-4076-1143c6bc0f23;CUST_39263;PROD_0645;13;4016.66;52216.58;2023-06-29;pix;Barros;RJ;cancelled;parceiro_b
a3a5d9b5-4096-b7ba-5c3a-1edd8e313d08;CUST_19254;PROD_1949;2;4436.01;8872.02;2023-06-20;pix;Cardoso;PR;delivered;parceiro_a
77d0d687-1944-b703-d859-b10488f0f3fe;CUST_08822;PROD_4547;19;829.91;15768.29;2023-06-09;boleto;Correia;MG;delivered;parceiro_b
877888fe-e83f-7981-b9c1-5c6f8db71588;CUST_41186;PROD_0803;7;4618.58;32330.06;2023-06-12;debit_card;Correia do Campo;SP;delivered;parceiro_a
58f01fab-5181-6500-3775-1ea1aa53d750;CUST_45794;PROD_1141;14;73.69;1031.66;2023-06-26;debit_card;Martins da Mata;RS;shipped;parceiro_c
ca706b60-9afa-f79b-ce4f-f9601bf1b5c1;CUST_13042;PROD_0004;16;3851.38;61622.08;2023-06-11;pix;Costela;SP;shipped;parceiro_a
192a2164-3ee1-f518-46b1-062fc5946b3f;CUST_30007;PROD_4738;13;1576.89;20499.57;2023-06-26;credit_card;Freitas;MS;delivered;parceiro_b
fda22bf3-1502-d0ea-33d1-2b020d642863;CUST_14192;PROD_3259;20;3426.79;68535.8;2023-06-17;credit_card;Vargas;PR;shipped;parceiro_b
19d2bfda-a10c-4a60-c3f5-0edd22d0f382;CUST_41180;PROD_2135;11;3030.5;33335.5;2023-06-09;pix;Guerra da Serra;GO;delivered;parceiro_c
d53c01b0-7a15-28de-9a3c-9be2b696c2fe;CUST_16340;PROD_0403;5;4344.74;21723.7;2023-06-14;credit_card;Câmara da Serra;RJ;delivered;parceiro_a
5805b3d7-6e15-83d0-5b9c-46e3da85904e;CUST_21114;PROD_1165;1;1594.51;1594.51;2023-06-29;debit_card;Aparecida dos Dourados;SC;delivered;parceiro_c
5e134faa-29fc-3f98-4051-4ffa44cb3488;CUST_14453;PROD_2901;17;749.2;12736.4;2023-06-28;credit_card;Correia;BA;pending;parceiro_b
5e1fa5bf-ca39-92fd-f266-5471a4051b38;CUST_43463;PROD_1284;8;2014.33;16114.64;2023-06-23;pix;Oliveira;RJ;delivered;parceiro_a
100ad924-8dd7-8bb6-a408-fee609f6c01d;CUST_08602;PROD_3395;13;2560.39;33285.07;2023-06-11;credit_card;Casa Grande do Campo;RJ;cancelled;parceiro_b
aa4dfcf1-99d7-c89d-6458-f496671d295f;CUST_33878;PROD_2956;18;126.3;2273.4;2023-06-22;pix;Moraes de Teixeira;AM;delivered;parceiro_c
28443467-3238-1302-d4f6-3700faeeeb5e;CUST_23095;PROD_4856;19;168.83;3207.77;2023-06-03;boleto;Costa da Praia;GO;shipped;parceiro_c
facbc7c7-601d-423c-1902-a29cde00ac72;CUST_40744;PROD_4545;7;4551.75;31862.25;2023-06-29;boleto;Sousa das Flores;RJ;cancelled;parceiro_a
46a138e8-b7fd-bbf5-e2cc-fab57b611384;CUST_29101;PROD_2190;8;2142.26;17138.08;2023-06-29;debit_card;Pinto de Freitas;BA;pending;parceiro_c
a9d8bdd1-a18a-f07b-bae6-3b4d794a3cdb;CUST_42169;PROD_4062;9;3168.95;28520.55;2023-06-26;credit_card;Teixeira;SP;delivered;parceiro_b
62c9a62a-316a-fbff-dc9b-b5b52da2ce46;CUST_23052;PROD_1650;11;630.27;6932.97;2023-06-06;boleto;da Rosa do Oeste;MA;cancelled;parceiro_a
5bb74428-cc62-1bde-f523-ad1db8842c44;CUST_13458;PROD_0883;9;3434.39;30909.51;2023-06-10;boleto;Aparecida;RJ;delivered;parceiro_a
a145d612-1c4f-0361-657c-43086e04d150;CUST_26026;PROD_0145;18;2934.11;52813.98;2023-06-26;debit_card;Melo Paulista;RJ;shipped;parceiro_b
bb5624fd-598c-d4bb-4bf6-efed4141973f;CUST_45182;PROD_3057;17;1267.17;21541.89;2023-06-28;debit_card;Mendes dos Dourados;SP;delivered;parceiro_a
fa958df1-dbfd-872d-2f64-44c49da3284b;CUST_44035;PROD_4256;5;596.62;2983.1;2023-06-17;debit_card;Macedo do Galho;SP;shipped;parceiro_b
5eddbbb4-11f8-702d-fb97-e6aca6cb3f45;CUST_00852;PROD_2970;17;3437.33;58434.61;2023-06-15;credit_card;Azevedo;DF;cancelled;parceiro_b
9469d066-7d91-df69-1834-ba39516d7824;CUST_40425;PROD_2184;18;441.82;7952.76;2023-06-04;pix;Montenegro;PR;delivered;parceiro_c
e7ac1568-5bb7-07e8-5a9f-1382c19d81a2;CUST_41456;PROD_2322;10;258.44;2584.4;2023-06-20;debit_card;da Luz;BA;delivered;parceiro_a
1f8004fc-bcca-09e4-886b-92d659db5767;CUST_20676;PROD_0120;5;187.42;937.1;2023-06-30;pix;da Mota de Goiás;PR;pending;parceiro_a
ee1adcf0-b334-e8c3-c89e-852f21fae79a;CUST_18616;PROD_0181;15;3477.94;52169.1;2023-06-15;credit_card;Almeida do Campo;PR;shipped;parceiro_a
212d01cd-48ae-b145-b7dc-af2185ee7826;CUST_01371;PROD_2656;19;4374.13;83108.47;2023-06-29;boleto;Fogaça;SP;delivered;parceiro_a
2f059274-aa6b-ded4-966c-23aa9a81d023;CUST_26552;PROD_1175;9;1312.63;11813.67;2023-06-21;pix;Marques;RJ;delivered;parceiro_a
e024ba4c-26ca-07e4-5420-579944f6d292;CUST_34351;PROD_2812;3;4803.71;14411.13;2023-06-21;pix;Garcia de da Mata;ES;delivered;parceiro_a
a6ca7f54-207e-fb68-bf17-93c097793df0;CUST_46851;PROD_1429;15;4146.0;62190.0;2023-06-16;boleto;Barbosa;SP;cancelled;parceiro_a
25d7ed47-19d8-b3fa-68c2-47f13439dc4f;CUST_03485;PROD_0328;4;477.34;1909.36;2023-06-22;boleto;Correia;PB;delivered;parceiro_a
c180afa4-f29d-4f30-5223-812ea267977f;CUST_17099;PROD_2982;12;2806.74;33680.88;2023-06-07;pix;Duarte do Campo;RJ;cancelled;parceiro_c
36bd6642-2d5d-50ea-dda7-c6c4bcea2287;CUST_47299;PROD_1381;11;3467.21;38139.31;2023-06-13;debit_card;Moreira;SP;delivered;parceiro_b
dccd9dfc-12bb-6745-a9fd-47ada8c6d798;CUST_01444;PROD_4680;2;3713.22;7426.44;2023-06-10;boleto;Ribeiro;SP;pending;parceiro_b
d3cf2b79-ed15-0462-5c40-ac0dc7a5ab4a;CUST_03085;PROD_1009;6;2920.49;17522.94;2023-06-02;credit_card;Montenegro dos Dourados;MA;delivered;parceiro_b
016ca667-78ec-a09b-39c1-244bd70dd4a7;CUST_08293;PROD_0721;12;417.9;5014.8;2023-06-22;credit_card;Vieira;MG;delivered;parceiro_b
3285d883-8541-dfe0-1d81-5eb25bf35b63;CUST_39509;PROD_4415;8;2677.61;21420.88;2023-06-22;credit_card;da Mota de Macedo;SP;delivered;parceiro_b
6e16a752-7143-57ea-167f-2a4e95b55033;CUST_44340;PROD_3457;20;4925.42;98508.4;2023-06-06;pix;Melo de Caldeira;BA;delivered;parceiro_b
c2322faf-69e8-7e82-c5a8-8f9392fc43bb;CUST_36407;PROD_2731;15;4584.33;68764.95;2023-06-19;boleto;Barros de Nunes;PR;delivered;parceiro_b
c0b4533b-0b16-bd4e-355c-d6c2602e5208;CUST_33640;PROD_2879;7;4082.37;28576.59;2023-06-14;credit_card;Albuquerque;BA;delivered;parceiro_b
3712815b-df90-1774-b767-9b212b30f803;CUST_34119;PROD_4951;16;4914.95;78639.2;2023-06-12;credit_card;Costela;TO;delivered;parceiro_a
bf01c747-583c-3203-0362-7d3c03ee7b75;CUST_22244;PROD_3723;11;3159.36;34752.96;2023-06-18;credit_card;Nogueira de Ribeiro;SP;shipped;parceiro_a
7844a301-d932-97bd-407c-b2b9665279eb;CUST_43226;PROD_3609;13;307.77;4001.01;2023-06-04;credit_card;Mendonça de Goiás;SP;cancelled;parceiro_a
6289c1ba-1428-8920-cfe4-2dc03c09d333;CUST_20879;PROD_4168;15;1356.95;20354.25;2023-06-15;boleto;da Cunha da Serra;RJ;delivered;parceiro_b
ad1da3a9-1275-9d56-3302-8f6d7fa42bfc;CUST_04700;PROD_4018;14;155.86;2182.04;2023-06-20;credit_card;Campos das Pedras;RS;delivered;parceiro_a
9c521659-08f1-de8b-ae24-d76d36acf321;CUST_01810;PROD_1010;14;2113.44;29588.16;2023-06-28;debit_card;Macedo;SP;pending;parceiro_c
c7e53c8c-5c20-694d-77c6-417b547a2a74;CUST_06617;PROD_1708;2;3004.74;6009.48;2023-06-15;credit_card;Dias;GO;delivered;parceiro_c
99669a6c-314f-8885-605b-c68b19ca6053;CUST_03264;PROD_2931;18;541.74;9751.32;2023-06-05;debit_card;Cavalcanti Alegre;PR;delivered;parceiro_b
77601d75-94dd-8eff-38c6-10eb85181581;CUST_43345;PROD_0278;14;4479.97;62719.58;2023-06-14;credit_card;Sampaio da Praia;MT;delivered;parceiro_a
84e4aa54-e0f9-d4da-e176-c8336b190c32;CUST_45519;PROD_2457;16;1336.18;21378.88;2023-06-12;debit_card;Macedo Alegre;SC;delivered;parceiro_a
ee55135c-c071-41e7-ba8d-d92911ca4110;CUST_18703;PROD_4081;12;4761.63;57139.56;2023-06-28;debit_card;Lima;SC;cancelled;parceiro_a
141c914e-4895-611e-7c9e-fd79f96b5d8d;CUST_19780;PROD_3566;20;3596.45;71929.0;2023-06-17;pix;Vieira;SP;delivered;parceiro_b
78d0b374-deba-5ed2-f76f-9bdeacb5e548;CUST_25721;PROD_2668;5;3885.09;19425.45;2023-06-11;credit_card;Carvalho;RJ;delivered;parceiro_b
576dc174-7aa3-6f44-f53a-0d219e7f807f;CUST_02990;PROD_0204;19;3905.38;74202.22;2023-06-21;debit_card;Montenegro das Flores;SP;delivered;parceiro_b
1c3caeb9-334f-fbd8-45fe-ec571099e15a;CUST_13430;PROD_0627;15;4339.4;65091.0;2023-06-21;debit_card;Castro;RS;delivered;parceiro_b
0efafca9-b56a-1f12-6134-061dfd8d5679;CUST_03581;PROD_1490;2;2938.74;5877.48;2023-06-13;pix;Alves;CE;cancelled;parceiro_a
13a1591d-bd44-0e36-575c-435e2868cc3a;CUST_37926;PROD_0656;18;4088.57;73594.26;2023-06-23;debit_card;Souza;RS;delivered;parceiro_c
633f99eb-d2ec-ad6e-912d-8db804dd9dca;CUST_15648;PROD_0648;10;2409.19;24091.9;2023-06-25;debit_card;Vargas;SP;shipped;parceiro_b
191bd64d-53f6-3a47-0bd1-1a40b9e54752;CUST_11850;PROD_3311;17;4729.54;80402.18;2023-06-09;credit_card;da Paz do Sul;SP;pending;parceiro_b
a76f4ad6-3594-bf86-2d7b-5a799ef82da0;CUST_31090;PROD_4653;10;4471.56;44715.6;2023-06-26;boleto;Costa;DF;delivered;parceiro_c
df221e68-5e37-c3c4-9e80-93847a0ac1f1;CUST_13636;PROD_2421;12;4965.91;59590.92;2023-06-09;pix;Câmara Verde;BA;delivered;parceiro_b
d04ca49f-e64e-8966-4b83-e2e06b9cb08b;CUST_12870;PROD_4958;17;892.44;15171.48;2023-06-19;credit_card;Camargo de Araújo;RS;delivered;parceiro_c
350ddb67-4e1e-538d-cc32-33df2b114357;CUST_13056;PROD_4577;15;3974.42;59616.3;2023-06-02;credit_card;Pereira Alegre;RS;cancelled;parceiro_b
5974b430-e5ec-e4d1-0971-5d7e516b7200;CUST_12326;PROD_0796;14;210.71;2949.94;2023-06-12;credit_card;Barros;SP;pending;parceiro_c
b8103031-cc54-b887-5f6e-8b25d8cb957d;CUST_31877;PROD_2555;13;1007.68;13099.84;2023-06-20;pix;Castro Verde;PA;cancelled;parceiro_c
f7915c4a-20c7-61d2-3381-25ba7c1960c5;CUST_22510;PROD_2666;19;560.19;10643.61;2023-06-15;debit_card;Cirino de Novais;CE;delivered;parceiro_a
d140cb28-ede7-8162-da0c-7c99aba192be;CUST_35493;PROD_4178;5;2026.17;10130.85;2023-06-08;credit_card;da Cruz;SP;pending;parceiro_a
e7f1aaa5-e76a-4875-5f06-af414f912987;CUST_33071;PROD_1582;1;3344.3;3344.3;2023-06-16;pix;Campos;MG;delivered;parceiro_a
46381635-a2ce-6bdd-8c06-b828826bace0;CUST_14534;PROD_3302;15;166.84;2502.6;2023-06-13;credit_card;Costela;MG;delivered;parceiro_b
25a087d4-4d52-b195-0e10-7493b7c2b6fd;CUST_06784;PROD_1976;15;2770.62;41559.3;2023-06-11;boleto;Santos das Pedras;RJ;delivered;parceiro_c
4190758a-a23e-3dc6-e281-c0f15da92746;CUST_44941;PROD_4090;16;4743.18;75890.88;2023-06-17;pix;da Rocha dos Dourados;BA;delivered;parceiro_c
9ca73847-2da2-7609-f04a-71d505d7e3b2;CUST_31458;PROD_2236;17;4126.04;70142.68;2023-06-27;credit_card;Gomes;MG;delivered;parceiro_b
d75e8e45-833f-2534-e606-b583c418f0a4;CUST_46176;PROD_4440;19;3237.97;61521.43;2023-06-14;debit_card;Casa Grande;PE;delivered;parceiro_b
11860a5d-f83c-7edf-dc0b-52db3b1699fc;CUST_41456;PROD_0939;15;4305.23;64578.45;2023-06-07;credit_card;Albuquerque da Prata;SP;delivered;parceiro_b
9d44803b-cb58-e3ca-1371-dd4f0c449209;CUST_02905;PROD_3332;1;202.13;202.13;2023-06-07;pix;Farias;BA;delivered;parceiro_a
5b33edf0-1237-7ca2-c97f-a538fcac4fbd;CUST_13522;PROD_3458;1;1547.75;1547.75;2023-06-11;pix;Costa de Freitas;MT;shipped;parceiro_a
83f931d0-4ac4-0797-f1a7-31d17b6a7782;CUST_21854;PROD_1122;19;3307.68;62845.92;2023-06-29;pix;Azevedo;RJ;delivered;parceiro_b
eca95218-34cc-45e0-6274-bf75317ffd59;CUST_44039;PROD_2517;8;527.52;4220.16;2023-06-26;pix;Almeida;ES;delivered;parceiro_b
b6cf9547-ccc5-1926-5f6c-fa13b07ea1da;CUST_28248;PROD_1715;13;2232.48;29022.24;2023-06-20;boleto;Siqueira;MT;shipped;parceiro_b
137611b3-ee9a-5474-5962-6ed0c4ed70f0;CUST_01069;PROD_0758;19;2322.6;44129.4;2023-06-29;boleto;Moraes;RJ;shipped;parceiro_c
ce9f3b47-35e5-0515-f35f-dcac24c039e6;CUST_22895;PROD_4922;13;4893.62;63617.06;2023-06-21;debit_card;Correia;PR;delivered;parceiro_a
5973dd92-89e2-1958-3032-907f273534f2;CUST_07776;PROD_4213;8;434.53;3476.24;2023-06-23;credit_card;da Cruz;CE;cancelled;parceiro_b
d90975be-bbf0-7e73-30e9-0f89b7224e0c;CUST_23610;PROD_2910;1;2687.48;2687.48;2023-06-04;credit_card;Macedo do Sul;SP;shipped;parceiro_a
e4ee3c76-46c7-6347-8094-2837a52da9ec;CUST_40183;PROD_1708;19;2721.73;51712.87;2023-06-17;pix;Oliveira de Nascimento;PR;delivered;parceiro_b
cdaf3dde-408f-5262-f2ea-f5c822f07a1f;CUST_25912;PROD_2891;4;382.98;1531.92;2023-06-24;boleto;Pastor;RJ;delivered;parceiro_a
cf1bae61-c539-0fda-7048-08665868b6ea;CUST_24629;PROD_1920;5;2458.02;12290.1;2023-06-15;boleto;Silveira do Amparo;RJ;cancelled;parceiro_a
fb9a8442-c308-64a8-6472-ac4e7fcefb69;CUST_39427;PROD_0017;9;1015.55;9139.95;2023-06-07;debit_card;Casa Grande Paulista;RJ;delivered;parceiro_b
42984ccb-a709-9eb0-f877-48d6e02c3178;CUST_29826;PROD_2668;15;4080.9;61213.5;2023-06-28;pix;Moreira da Mata;RS;delivered;parceiro_a
a8997cb7-fddf-5fe8-ba72-693ba2caec74;CUST_02834;PROD_4831;17;65.31;1110.27;2023-06-16;credit_card;Marques;SP;cancelled;parceiro_a
83e42de0-0ff5-fdcb-022d-e63bf98e0c79;CUST_22233;PROD_0790;5;1953.11;9765.55;2023-06-28;debit_card;Silva;MG;cancelled;parceiro_b
411f747e-58c6-bc2b-ec2f-0e61a1751568;CUST_33370;PROD_0018;3;1534.2;4602.6;2023-06-07;debit_card;Barbosa do Norte;RS;shipped;parceiro_b
84e33ed6-b86e-b7b4-a4b0-53535c3d88ba;CUST_10519;PROD_1020;11;651.96;7171.56;2023-06-18;boleto;Viana;RJ;shipped;parceiro_a
b391eae2-9e13-54e5-a8c8-b955d0000ade;CUST_49033;PROD_1150;4;4945.72;19782.88;2023-06-15;credit_card;Moraes;GO;delivered;parceiro_c
43b5cb57-ead7-21c3-4b58-d38a0033c0c8;CUST_00549;PROD_0712;10;1692.0;16920.0;2023-06-18;credit_card;Lopes;MG;shipped;parceiro_b
dfeff78b-e7c2-6391-6743-ab12d50e497c;CUST_49544;PROD_1650;7;3342.95;23400.65;2023-06-30;credit_card;Andrade de Almeida;CE;delivered;parceiro_b
c7b6f2b3-f132-73d6-9a5a-4d071aa32d08;CUST_10537;PROD_2237;7;2251.31;15759.17;2023-06-04;boleto;Rocha;BA;pending;parceiro_a
e69f6bda-9e1f-8df8-293a-ba033cffd97c;CUST_08282;PROD_2352;6;3595.39;21572.34;2023-06-26;pix;Marques;MS;delivered;parceiro_c
491cd411-4a00-9de1-efaf-aae6259901ab;CUST_21794;PROD_4824;5;918.66;4593.3;2023-06-19;pix;Vargas;AC;delivered;parceiro_b
a64f8382-4a31-b49f-fc0d-f6373c061dbf;CUST_16679;PROD_0507;17;4626.67;78653.39;2023-06-14;pix;Nunes;DF;delivered;parceiro_b
6b531e71-87af-f489-1f01-d8bd91f73f07;CUST_33538;PROD_2763;9;1369.15;12322.35;2023-06-15;pix;Lima Grande;RJ;delivered;parceiro_a
0ba2289e-7abd-5378-17a2-f6e1460b6a74;CUST_13754;PROD_4060;6;541.59;3249.54;2023-06-26;debit_card;Pastor;SP;delivered;parceiro_a
235e0825-9c6d-1ae8-95af-40c9ca042bb6;CUST_27889;PROD_2431;12;2843.14;34117.68;2023-06-07;boleto;Almeida de Machado;SC;delivered;parceiro_b
e2baaf12-50c0-3e6e-9f50-d34e5bc65b58;CUST_35599;PROD_2012;18;207.34;3732.12;2023-06-28;credit_card;Pacheco Verde;CE;shipped;parceiro_a
1736d546-0995-7d10-8ce2-379c34bce1e8;CUST_42192;PROD_1015;5;2189.8;10949.0;2023-06-30;boleto;Lima;PE;delivered;parceiro_c
44459c4d-28b9-36ea-2260-5d1c2443d3f5;CUST_39093;PROD_0560;9;4711.92;42407.28;2023-06-16;credit_card;Castro do Campo;SP;delivered;parceiro_b
830be1fb-9525-b16a-3845-c578654311f7;CUST_06354;PROD_3424;20;4922.8;98456.0;2023-06-04;credit_card;Pinto de Minas;CE;cancelled;parceiro_b
c0865810-0ee1-28df-0b9e-0c769ca84160;CUST_26673;PROD_1923;2;2827.4;5654.8;2023-06-16;pix;Barros;MS;shipped;parceiro_a
28ed5fe5-1e8a-b5ef-79ca-d19a743b058a;CUST_05164;PROD_1083;15;797.61;11964.15;2023-06-19;pix;Moura do Norte;BA;shipped;parceiro_a
7ec64a9b-dc94-4865-e232-5b3d5fae4ef8;CUST_34638;PROD_1075;7;4650.31;32552.17;2023-06-19;credit_card;Novaes;MG;shipped;parceiro_b
81b9520c-9f7e-095f-a28e-d9bb930bc3a3;CUST_42985;PROD_4480;17;1039.99;17679.83;2023-06-27;pix;Pimenta de Minas;RJ;delivered;parceiro_a
0c8f8146-5305-2dcc-8f8e-fd7744d8f93b;CUST_34708;PROD_0491;19;3212.86;61044.34;2023-06-07;credit_card;Caldeira dos Dourados;RJ;delivered;parceiro_a
fb1059cd-44a2-ec02-715a-4052f8b0f946;CUST_16513;PROD_2565;12;677.4;8128.8;2023-06-12;boleto;Dias;SP;delivered;parceiro_a
4c4910e9-9d82-0315-8a21-a6afcb4c0344;CUST_08291;PROD_0119;12;3956.75;47481.0;2023-06-29;boleto;Vargas do Galho;RJ;pending;parceiro_c
107c4e4c-b72d-6cbc-5592-7a12d1d6efae;CUST_46559;PROD_2387;3;4489.07;13467.21;2023-06-22;credit_card;Nascimento de Goiás;PR;delivered;parceiro_a
872b249e-ad5f-c8a5-603c-d3852509cbed;CUST_42815;PROD_2797;11;3081.68;33898.48;2023-06-22;pix;da Costa;RJ;shipped;parceiro_c
42443bc7-3ee8-6102-c3ae-f2e6d3af7ba6;CUST_30295;PROD_2163;15;3201.36;48020.4;2023-06-29;debit_card;Casa Grande;SP;delivered;parceiro_b
00f541a0-ba7f-430e-0480-d1a78fdaa9e0;CUST_14768;PROD_1921;17;4931.92;83842.64;2023-06-19;boleto;Garcia;SP;delivered;parceiro_b
cb2e5c78-b3b8-46d5-5932-1088fc00df7d;CUST_07781;PROD_0783;18;3130.71;56352.78;2023-06-14;credit_card;Nunes;RJ;delivered;parceiro_b
69282df2-ca1f-d779-3920-0333bf094d23;CUST_42754;PROD_2000;3;1464.57;4393.71;2023-06-10;pix;Lima;DF;delivered;parceiro_a
7b2048ce-695c-191b-56c2-6d20bc83e9b3;CUST_49251;PROD_3955;11;3630.05;39930.55;2023-06-14;boleto;Duarte;PA;shipped;parceiro_a
3c4c1c9a-008e-fde1-cdb3-cb12a30bbd33;CUST_30521;PROD_4443;19;3321.75;63113.25;2023-06-16;credit_card;Costa da Mata;PR;delivered;parceiro_a
2f7134da-0015-fb41-aefb-a02076dd79ba;CUST_21397;PROD_0538;16;1084.17;17346.72;2023-06-04;debit_card;Lopes;MG;delivered;parceiro_a
2dee3251-ffb2-527c-11c1-949f138a357b;CUST_39597;PROD_1548;11;2812.44;30936.84;2023-06-16;pix;Fonseca do Campo;SP;delivered;parceiro_a
cc4d1e3f-e1c9-f672-b8c0-76a56f0f43bd;CUST_06084;PROD_4845;19;4629.33;87957.27;2023-06-18;pix;Castro;SC;delivered;parceiro_b
81634285-e113-fc08-e03e-bcbdce8ac470;CUST_24368;PROD_4739;19;1704.6;32387.4;2023-06-14;boleto;Oliveira;SP;delivered;parceiro_c
b0c735a9-d6f7-7b03-f26b-a5faeb6cbc3f;CUST_32463;PROD_3031;16;1323.05;21168.8;2023-06-18;credit_card;Sampaio de Fogaça;RJ;delivered;parceiro_a
a716f975-8a38-348f-4686-8ef1e51a289e;CUST_30898;PROD_1808;19;1226.55;23304.45;2023-06-16;pix;Oliveira;SP;delivered;parceiro_c
3552a73f-5b60-d10e-e2b3-bf328473810e;CUST_07886;PROD_3514;10;1347.35;13473.5;2023-06-23;credit_card;da Costa;MG;delivered;parceiro_a
68e58846-cb1c-c0b3-bbaa-efc005145a33;CUST_12473;PROD_4814;8;4197.69;33581.52;2023-06-01;boleto;da Cunha;RJ;delivered;parceiro_a
fc92bb8c-4f6b-0ce4-693c-815f49018110;CUST_06670;PROD_3133;17;2542.98;43230.66;2023-06-16;credit_card;da Mata do Sul;RJ;delivered;parceiro_b
ed459be7-84ec-b529-6ba4-17b120bbdeef;CUST_19987;PROD_3967;1;3238.05;3238.05;2023-06-29;pix;Viana de Sampaio;PR;delivered;parceiro_b
be3f45c8-af00-0c89-3474-7dc42683bbda;CUST_18111;PROD_4705;17;4116.53;69981.01;2023-06-17;boleto;Siqueira de Novaes;RS;delivered;parceiro_b
97ec45f2-2661-4ec6-135e-cde586777d74;CUST_44777;PROD_0890;16;524.25;8388.0;2023-06-25;pix;Pinto;RS;shipped;parceiro_b
d4b7c532-ca8b-c03b-1529-9ccee10fc124;CUST_37146;PROD_4093;1;1747.33;1747.33;2023-06-21;debit_card;Machado;MG;delivered;parceiro_b
b56f4c2f-cdcd-38a7-aa3e-07fb38c69d67;CUST_27073;PROD_3704;9;1885.71;16971.39;2023-06-01;boleto;Fogaça;PE;delivered;parceiro_b
2207f424-d733-7420-14a0-18763eed7428;CUST_39986;PROD_1943;20;1215.49;24309.8;2023-06-23;debit_card;Câmara;SC;delivered;parceiro_b
24f73121-21c9-6703-780c-7d2791ed17cf;CUST_04301;PROD_4010;19;1579.97;30019.43;2023-06-27;credit_card;da Mata do Sul;RS;delivered;parceiro_a
dfd8baca-f74b-34a1-e68f-99ec8787d63c;CUST_04505;PROD_0531;10;1636.1;16361.0;2023-06-27;debit_card;Cassiano;SP;delivered;parceiro_b
93533f18-16e6-d36b-ad22-a4dbc6361960;CUST_11613;PROD_1652;4;2586.6;10346.4;2023-06-05;credit_card;Pires;AM;delivered;parceiro_c
537e364c-329c-f364-7523-0fb3cdec53b9;CUST_05652;PROD_3625;11;510.19;5612.09;2023-06-04;boleto;Nogueira;MG;delivered;parceiro_b
2a064bbe-c041-8588-5b66-faee1e562495;CUST_42456;PROD_2814;20;1502.14;30042.8;2023-06-21;pix;Farias das Flores;SP;shipped;parceiro_a
18cbf794-d34c-18de-ee91-1d6086adf6a6;CUST_22102;PROD_4518;4;256.95;1027.8;2023-06-09;credit_card;Garcia das Pedras;RS;delivered;parceiro_a
053deeb5-2c51-50c9-5da6-52af892a1d38;CUST_21058;PROD_0114;11;1122.42;12346.62;2023-06-28;debit_card;Fogaça;CE;shipped;parceiro_a
3935856c-6190-1fdf-57da-9c9c3b2e3cdd;CUST_12696;PROD_3732;12;1356.91;16282.92;2023-06-03;debit_card;Sampaio da Serra;CE;shipped;parceiro_a
e13a21ec-7b6e-4599-4ce6-9871e0ceced5;CUST_28988;PROD_0175;18;4179.95;75239.1;2023-06-20;boleto;Viana Grande;SE;cancelled;parceiro_a
42c43953-b6cc-e558-51fa-cb5bb580afdc;CUST_35989;PROD_3768;17;2603.59;44261.03;2023-06-15;credit_card;Almeida;MG;cancelled;parceiro_a
12214c83-57bc-842c-5d5f-03548dcfa3db;CUST_49979;PROD_1764;2;498.78;997.56;2023-06-22;credit_card;Souza;PE;pending;parceiro_c
79d2576f-6e1e-6161-06ef-b504e2d7537d;CUST_31834;PROD_0967;3;3948.83;11846.49;2023-06-29;pix;Cardoso do Campo;MG;delivered;parceiro_a
10af4dab-a880-3689-9e89-aa53569561a4;CUST_38793;PROD_4107;16;3546.9;56750.4;2023-06-18;credit_card;Costela de Almeida;SP;pending;parceiro_c
ce005149-097b-f059-c6ea-e0f91a2b4510;CUST_03987;PROD_3521;5;2536.28;12681.4;2023-06-23;credit_card;Pereira de Barros;MG;cancelled;parceiro_a
0d5fd43c-750f-6d5e-23ed-8172ab373da2;CUST_10306;PROD_1486;15;2408.7;36130.5;2023-06-06;credit_card;Araújo do Campo;ES;delivered;parceiro_b
7f21ac6e-6060-75c1-5417-01cd62f2a81e;CUST_44286;PROD_0076;11;926.1;10187.1;2023-06-04;pix;Andrade Alegre;BA;delivered;parceiro_c
d8a35d5f-73c0-5597-514b-3943f659f62a;CUST_47761;PROD_1909;5;4124.18;20620.9;2023-06-15;boleto;da Cunha;DF;pending;parceiro_b
54c33f93-1c5d-636a-7055-9e3e1f5cd247;CUST_11884;PROD_3703;6;1144.76;6868.56;2023-06-03;credit_card;Brito das Pedras;MG;pending;parceiro_a
09c741e0-b09c-0dba-7135-dbc11b000be9;CUST_44535;PROD_4762;8;197.19;1577.52;2023-06-30;credit_card;das Neves;MG;delivered;parceiro_b
fccd6d97-1dba-06ac-25c8-2407f6f741ea;CUST_46836;PROD_4704;17;4051.73;68879.41;2023-06-18;boleto;Costela da Mata;AM;pending;parceiro_b
f0c0b02a-5b25-f902-4120-ee85a6ca3dae;CUST_34593;PROD_2765;4;4793.84;19175.36;2023-06-05;pix;Fonseca da Praia;ES;delivered;parceiro_a
90915aa9-bcb6-c7f0-8c73-0be22867214e;CUST_45461;PROD_4959;2;3449.92;6899.84;2023-06-07;debit_card;Rodrigues;SE;shipped;parceiro_a
7f851ea4-24f9-075a-fc06-1de7da666d97;CUST_47870;PROD_2961;5;3792.65;18963.25;2023-06-11;boleto;Rocha da Serra;CE;pending;parceiro_a
f7d08d89-547a-5368-c8d1-d217de09b384;CUST_49424;PROD_4082;3;3144.23;9432.69;2023-06-13;debit_card;Alves;SP;delivered;parceiro_b
191a43aa-8da3-134a-901e-cce1d639a4b0;CUST_28609;PROD_0618;8;962.03;7696.24;2023-06-07;boleto;Machado;MG;shipped;parceiro_a
c6e95160-e206-4b2e-e6ff-5dd02f710f17;CUST_36698;PROD_1952;9;3821.71;34395.39;2023-06-26;credit_card;Moraes;MT;shipped;parceiro_b
ed800a2d-8e94-e7f3-098c-307c90a1729c;CUST_10876;PROD_1252;1;2162.17;2162.17;2023-06-15;credit_card;Almeida;SP;cancelled;parceiro_b
276b79f8-358d-29ce-9f22-bafe22b12c77;CUST_40211;PROD_4975;4;1384.13;5536.52;2023-06-22;debit_card;Vieira;SC;delivered;parceiro_b
ba1280fc-6e7a-390d-b7e9-b87f6ead1c88;CUST_34992;PROD_2689;6;1087.39;6524.34;2023-06-14;credit_card;Sá de Ramos;RJ;cancelled;parceiro_b
309004b3-1b50-ece8-dd0a-dc735dc2a1a6;CUST_06496;PROD_1901;15;1538.21;23073.15;2023-06-25;credit_card;Monteiro;RS;delivered;parceiro_a
3ff4efff-7f04-3091-84ed-684bdd3d9b81;CUST_17988;PROD_2496;5;4621.11;23105.55;2023-06-12;boleto;Nunes;PR;delivered;parceiro_b
0dc5eb4a-8710-2e7d-9921-e953847d37fc;CUST_34268;PROD_1778;1;1899.85;1899.85;2023-06-03;credit_card;Aparecida da Prata;SP;delivered;parceiro_a
4c2ff564-31de-7056-147f-dd243605afb4;CUST_12609;PROD_2235;5;1964.39;9821.95;2023-06-16;credit_card;Silveira;SP;delivered;parceiro_b
f40b73de-b182-aee7-c7b1-061ac0f14c44;CUST_16929;PROD_1386;10;493.26;4932.6;2023-06-30;credit_card;Farias das Pedras;SC;delivered;parceiro_b
6a1b93f9-7ffd-a18a-641b-9e19d868db1d;CUST_49116;PROD_0058;19;489.63;9302.97;2023-06-04;credit_card;Almeida do Norte;SP;shipped;parceiro_b
5f6da1c7-5a68-6c3e-b2ef-b91a784f3941;CUST_02875;PROD_3954;13;785.79;10215.27;2023-06-08;credit_card;Viana;RJ;cancelled;parceiro_a
aaa584e9-c55b-6050-7dd1-e31ad0bfb178;CUST_41300;PROD_4656;18;2654.71;47784.78;2023-06-14;credit_card;Nunes do Amparo;SC;pending;parceiro_b
61431a0a-b3a8-95fb-c952-d19a7b42ad25;CUST_21706;PROD_2493;3;3087.34;9262.02;2023-06-21;credit_card;Correia da Mata;SP;shipped;parceiro_b
d2ea65bd-3977-e6e7-25b3-b4e14c8c0e92;CUST_46378;PROD_1886;9;1796.47;16168.23;2023-06-05;credit_card;Sousa das Pedras;AM;shipped;parceiro_a
d2c850f0-2681-988a-188f-4dd56a1702d3;CUST_16737;PROD_1449;7;3840.11;26880.77;2023-06-25;pix;Oliveira Grande;SC;shipped;parceiro_a
35884a96-9b54-55cc-e3cd-fabbdb03881c;CUST_34353;PROD_2707;14;1500.89;21012.46;2023-06-04;pix;Moraes;MG;delivered;parceiro_c
bfe5c450-02d2-8889-cbce-1cd6efbadf50;CUST_09463;PROD_1349;19;3027.14;57515.66;2023-06-18;pix;Rios Paulista;SP;delivered;parceiro_c
01e80a5c-c7b7-94e0-8441-c0621e154f9d;CUST_10912;PROD_4255;5;1736.3;8681.5;2023-06-29;credit_card;Teixeira da Mata;CE;shipped;parceiro_a
03f0ffa0-4c17-e69a-53ec-84bc460d584c;CUST_32257;PROD_4087;15;2316.97;34754.55;2023-06-10;pix;da Paz;RN;delivered;parceiro_a
c190f436-9f5d-320a-a4a6-20e0ae029b47;CUST_04975;PROD_3330;15;3401.54;51023.1;2023-06-24;pix;Siqueira da Praia;PR;delivered;parceiro_b
db9352f3-ac30-0bfe-c0c9-c17dd9014d14;CUST_16974;PROD_1865;5;335.87;1679.35;2023-06-01;pix;Dias;SP;cancelled;parceiro_a
3be202e9-5010-8741-aabb-3171fb3a315a;CUST_30317;PROD_3226;19;4067.95;77291.05;2023-06-26;pix;Almeida;RS;delivered;parceiro_a
ac7a78ff-7345-5b31-6baa-784e4a4128ff;CUST_24344;PROD_4160;5;4471.29;22356.45;2023-06-08;debit_card;Novais;SP;pending;parceiro_c
4f8854dd-7b4b-b88a-7657-706a34cc6857;CUST_00367;PROD_4916;3;2726.88;8180.64;2023-06-05;pix;Vieira da Praia;RJ;cancelled;parceiro_c
8616a147-c179-261b-15b5-753c9eb49545;CUST_08037;PROD_1800;20;1765.22;35304.4;2023-06-18;credit_card;Sales;RN;delivered;parceiro_b
a4097c69-df6f-7287-43b9-145cf620063c;CUST_40136;PROD_2436;12;2183.55;26202.6;2023-06-03;boleto;Machado de Sampaio;PR;delivered;parceiro_b
2bfef1b4-929e-6380-947f-649c03d961d9;CUST_24716;PROD_1270;6;2621.76;15730.56;2023-06-10;debit_card;Pacheco do Oeste;MT;delivered;parceiro_b
1394bd37-efcd-3dc7-7881-03e00432e54b;CUST_30791;PROD_1107;10;2778.34;27783.4;2023-06-17;credit_card;Aparecida;PR;delivered;parceiro_b
98a57560-2cf3-6aca-da3b-d1b6faebe90e;CUST_36635;PROD_4431;19;4758.35;90408.65;2023-06-26;pix;Sousa Grande;GO;delivered;parceiro_a
aa365731-e8c9-595d-ba20-ab794bb3782c;CUST_10290;PROD_1926;20;3727.21;74544.2;2023-06-04;debit_card;Alves de da Cruz;SC;delivered;parceiro_a
f5b87cec-f0cc-fc2c-ca2e-61608a63b07b;CUST_48280;PROD_1248;15;2830.28;42454.2;2023-06-15;pix;Albuquerque de Goiás;MG;cancelled;parceiro_b
42bdd25d-a064-3547-ed51-e6521c89a132;CUST_29752;PROD_1515;3;1529.77;4589.31;2023-06-03;debit_card;Brito da Serra;SC;shipped;parceiro_b
d269a792-2982-1042-3fbb-ec7132503e23;CUST_22968;PROD_1576;16;3461.1;55377.6;2023-06-28;credit_card;Freitas da Mata;PR;delivered;parceiro_c
eeca0ba9-68d9-1971-f728-41f67e5ab536;CUST_45576;PROD_0093;19;2950.2;56053.8;2023-06-18;credit_card;da Rosa de da Rocha;PR;shipped;parceiro_a
dca3c3e9-e958-8cb5-d553-5347f9facec1;CUST_19228;PROD_0197;17;1605.98;27301.66;2023-06-09;debit_card;Teixeira Paulista;RJ;delivered;parceiro_a
05079133-fd10-4dfe-16ce-4524543456f3;CUST_29425;PROD_0191;20;257.32;5146.4;2023-06-13;credit_card;Fernandes;BA;pending;parceiro_b
97051bda-6bf4-d813-1e2f-efa3ca9ffcb6;CUST_45958;PROD_3393;2;3195.78;6391.56;2023-06-23;credit_card;Siqueira;MG;shipped;parceiro_b
676b075e-12ff-ee55-9d9b-93f031b3a858;CUST_03737;PROD_3916;13;1439.24;18710.12;2023-06-14;credit_card;Guerra do Galho;PR;shipped;parceiro_a
eebeea99-47e2-705b-55b6-eb8717783429;CUST_18788;PROD_1342;1;2182.21;2182.21;2023-06-15;credit_card;Camargo de Gomes;RS;delivered;parceiro_a
c5624fbd-d138-d3d3-1e0d-dc8c0f546496;CUST_20706;PROD_3511;3;845.78;2537.34;2023-06-28;pix;Fonseca do Amparo;AM;shipped;parceiro_a
2e3d33fc-03cf-0b94-93fb-e577fd7c073a;CUST_02633;PROD_3471;7;4444.97;31114.79;2023-06-21;credit_card;da Cunha;SC;delivered;parceiro_a
f824032c-e008-3d6c-9f92-bd64e3e97688;CUST_36478;PROD_3598;16;1683.7;26939.2;2023-06-29;pix;Melo;SP;shipped;parceiro_a
b918e95a-acdc-228f-258d-56294c210119;CUST_11305;PROD_4044;7;4532.99;31730.93;2023-06-13;pix;Pinto;SP;delivered;parceiro_c
ebc1e00b-2a9e-d6fb-d5d7-eed61a5fbf76;CUST_35036;PROD_2214;19;4085.19;77618.61;2023-06-08;credit_card;Ferreira de Ramos;SP;delivered;parceiro_c
c47ad65e-75a2-a604-e2b9-06cd78e694ee;CUST_10694;PROD_1551;19;4620.87;87796.53;2023-06-11;debit_card;Garcia de Abreu;CE;delivered;parceiro_c
4a9b5e71-f71f-60d4-e4cf-8d0e649290eb;CUST_04293;PROD_4062;17;2035.16;34597.72;2023-06-14;pix;Albuquerque;RS;delivered;parceiro_a
05097dcd-631e-f0c4-55c0-d30086fb0d31;CUST_23877;PROD_2051;2;4525.2;9050.4;2023-06-07;pix;Aparecida;SE;cancelled;parceiro_b
3e30e794-336d-be52-1ac3-69eb299f6416;CUST_24246;PROD_2717;8;3051.5;24412.0;2023-06-13;credit_card;Alves;PI;delivered;parceiro_b
f43c5751-2bd0-dece-0c11-1e098a4f179c;CUST_07843;PROD_2495;7;3262.46;22837.22;2023-06-26;credit_card;Costa;SP;pending;parceiro_c
34c22518-3dc6-d62e-a5a7-bc32ccd6c8f7;CUST_17126;PROD_4769;1;3715.56;3715.56;2023-06-15;credit_card;Rezende de Cavalcante;RJ;pending;parceiro_b
c4c079d4-6b55-c9d3-121e-e02c36ce7952;CUST_27317;PROD_4822;15;2927.97;43919.55;2023-06-07;pix;Oliveira de Pacheco;SC;shipped;parceiro_b
306ae495-72c3-28d7-7410-a244d13f3338;CUST_07605;PROD_1598;17;4697.33;79854.61;2023-06-16;boleto;da Mota;MG;delivered;parceiro_b
1b9ea5d0-6b02-cbbd-0c2c-3aa1f6103206;CUST_42057;PROD_0702;3;1083.97;3251.91;2023-06-17;credit_card;da Costa;PR;pending;parceiro_a
7e31046b-56d8-72f2-8005-78da13db3e78;CUST_18660;PROD_1764;15;168.71;2530.65;2023-06-01;credit_card;Montenegro;MT;delivered;parceiro_a
9014e1e7-f958-73a8-0293-9f7f92dbb82c;CUST_42343;PROD_1130;4;976.72;3906.88;2023-06-03;credit_card;Aparecida de Borges;RJ;shipped;parceiro_c
4fbe0f55-c5b0-9a92-5ff4-448ca5121a11;CUST_10352;PROD_0536;16;326.48;5223.68;2023-06-22;boleto;Pastor;SP;shipped;parceiro_b
bca2debd-cb50-e87d-c11b-881a28b29840;CUST_45926;PROD_0292;14;280.73;3930.22;2023-06-12;debit_card;Camargo dos Dourados;SP;delivered;parceiro_b
10affb68-da49-69e6-b17f-a22c31f695b0;CUST_38727;PROD_1344;5;2391.51;11957.55;2023-06-07;boleto;Almeida;MG;delivered;parceiro_b
6c56e9ca-9dd9-4ed3-ea43-c04ca53284b9;CUST_03875;PROD_3881;19;1610.75;30604.25;2023-06-30;pix;Rodrigues da Serra;SC;delivered;parceiro_b
5f9cfdf8-b84a-d232-18ea-0c7325f99471;CUST_48689;PROD_2845;11;2089.78;22987.58;2023-06-20;pix;Gonçalves de Barbosa;RJ;delivered;parceiro_a
522b4fc6-6608-ddc0-46a0-8a0d7e2e38c0;CUST_10046;PROD_1719;2;2470.2;4940.4;2023-06-28;pix;Novais;PR;delivered;parceiro_b
b81f3a83-0f0b-45f8-f96d-370f7536c31f;CUST_32595;PROD_2851;10;4159.78;41597.8;2023-06-27;credit_card;Brito;BA;delivered;parceiro_c
9caaa04f-1478-59c1-55a9-93c173c8b100;CUST_27989;PROD_2376;18;2276.74;40981.32;2023-06-03;credit_card;Costa;BA;delivered;parceiro_b
a590d404-eb3b-ba7b-dd5a-7146b068a497;CUST_00096;PROD_0840;5;502.02;2510.1;2023-06-10;pix;Moraes;RO;shipped;parceiro_c
6065dc46-332b-313d-6e1e-156906f3092d;CUST_47606;PROD_1154;17;4614.98;78454.66;2023-06-18;boleto;Nogueira da Serra;SP;delivered;parceiro_b
f3023754-4625-beb8-697b-9e5a70305dff;CUST_17569;PROD_2893;12;4501.18;54014.16;2023-06-11;boleto;Rodrigues;PE;pending;parceiro_a
42e3adfd-ae63-4450-5442-e86b7e5cf0da;CUST_47210;PROD_4161;15;4079.66;61194.9;2023-06-06;credit_card;Oliveira;GO;cancelled;parceiro_a
bdd199c2-2d98-146a-d6cc-ef56b0510a8a;CUST_18397;PROD_1822;18;2660.88;47895.84;2023-06-21;credit_card;da Costa;AM;delivered;parceiro_c
1eb6713f-042d-963f-4987-ec51ad682362;CUST_26074;PROD_4727;12;500.61;6007.32;2023-06-28;debit_card;Cirino de Silveira;SP;shipped;parceiro_a
fe355ae8-21b6-ea3c-7c90-f43f541c77ba;CUST_08515;PROD_2332;13;4398.3;57177.9;2023-06-12;debit_card;da Rosa do Oeste;RJ;pending;parceiro_c
3728bb55-a36e-ff4e-c1d1-de8d9c535d11;CUST_21764;PROD_1450;1;2538.6;2538.6;2023-06-22;credit_card;Mendes de Almeida;RJ;delivered;parceiro_a
19a48649-62ba-a46f-c7e8-2a9d0c6c6249;CUST_11079;PROD_0814;6;3716.12;22296.72;2023-06-13;boleto;Brito de Melo;SP;delivered;parceiro_a
b1da434a-67d1-c260-9d56-c618af88731e;CUST_02815;PROD_4916;9;1820.24;16382.16;2023-06-03;pix;Alves;AL;pending;parceiro_a
083bc86f-0eef-a300-cfb2-0654c529c466;CUST_10052;PROD_3816;18;1617.59;29116.62;2023-06-21;debit_card;Sampaio;PR;shipped;parceiro_a
9581ff25-6285-671a-e697-9aea33f86376;CUST_05796;PROD_0524;17;2057.04;34969.68;2023-06-12;credit_card;Vasconcelos de Minas;SC;shipped;parceiro_b
37f9deb1-1d2d-e4df-093b-5a079af93cfc;CUST_12673;PROD_2955;2;3120.71;6241.42;2023-06-16;credit_card;Cavalcante;SP;delivered;parceiro_b
96a8e9df-16be-d2b1-b9a4-fbeefe8817d3;CUST_41108;PROD_4339;4;315.13;1260.52;2023-06-07;boleto;Fogaça do Oeste;RJ;delivered;parceiro_a
065242d7-ccdb-8f4f-79aa-62ee3fda6c56;CUST_21869;PROD_2613;8;347.29;2778.32;2023-06-11;pix;Moraes de Costa;RS;delivered;parceiro_c
95f5a440-93f5-489a-4102-c573dbba14df;CUST_48639;PROD_0380;4;1738.22;6952.88;2023-06-23;credit_card;Cirino;MT;delivered;parceiro_b
a67c7f6a-6b63-ffd1-2ef2-69a6f0dad78f;CUST_09545;PROD_3607;15;1689.09;25336.35;2023-06-05;debit_card;Rocha;MG;pending;parceiro_a
d8300da7-12ba-99b8-4b80-068aa08293b9;CUST_45014;PROD_0413;18;3123.41;56221.38;2023-06-13;boleto;Pimenta de Cavalcanti;RJ;pending;parceiro_b
de1705ad-292d-a331-c882-0cfec4291deb;CUST_34129;PROD_3380;18;2625.05;47250.9;2023-06-21;boleto;Ribeiro;RJ;shipped;parceiro_a
30625991-58e7-501f-1b42-ac9e74844e82;CUST_10206;PROD_0074;7;945.03;6615.21;2023-06-13;credit_card;Nogueira;MG;delivered;parceiro_b
c94530a4-0032-e5be-5011-122be9644eb3;CUST_37490;PROD_1728;14;3854.09;53957.26;2023-06-08;pix;Peixoto;PR;delivered;parceiro_b
ce8ac689-577e-c158-92f8-d41d2f6bba4b;CUST_22853;PROD_0446;15;3421.26;51318.9;2023-06-04;pix;da Cunha do Amparo;SP;delivered;parceiro_c
01a4478d-3548-db42-8e1d-fe701ce44ac0;CUST_42442;PROD_3001;2;829.82;1659.64;2023-06-01;pix;Sampaio;SC;delivered;parceiro_a
122d2da5-0695-27aa-4ebb-9efac22a938e;CUST_04687;PROD_4883;10;3081.88;30818.8;2023-06-15;pix;Sampaio Alegre;MG;delivered;parceiro_a
2b412c6c-7923-dbde-30c2-f89b96db345e;CUST_48122;PROD_3327;14;4978.28;69695.92;2023-06-15;credit_card;Gomes Paulista;MS;delivered;parceiro_b
e93584a7-33b1-671d-ec43-27933867d19e;CUST_34127;PROD_4797;1;3806.28;3806.28;2023-06-24;boleto;Cassiano das Pedras;PB;shipped;parceiro_a
7f944c1c-625d-4234-74ce-7003e67f9b4e;CUST_17087;PROD_4391;7;69.77;488.39;2023-06-16;debit_card;Melo;SP;delivered;parceiro_a
2415b6cc-e4c2-06bf-2b76-5797aef8e4f7;CUST_19540;PROD_2998;15;679.17;10187.55;2023-06-10;pix;Moraes da Mata;CE;cancelled;parceiro_a
77134b4a-f19f-975a-eeb1-1940b821e067;CUST_30429;PROD_4687;16;1335.43;21366.88;2023-06-05;credit_card;Fonseca;SC;pending;parceiro_b
4c65d617-a4ce-acce-e794-c509d84ff001;CUST_30957;PROD_3270;10;2986.54;29865.4;2023-06-30;credit_card;Ferreira;SC;cancelled;parceiro_c
2022fa8a-86e0-e4f7-1c81-8e9ab5c76914;CUST_08887;PROD_3432;7;1010.33;7072.31;2023-06-29;pix;Pimenta;SC;delivered;parceiro_b
bc900b92-d18c-ff34-06d9-377632a04c4e;CUST_38519;PROD_1380;18;2868.57;51634.26;2023-06-08;debit_card;Gomes;DF;delivered;parceiro_a
0d024ab4-286c-d624-8344-fdcfeb313749;CUST_00031;PROD_4880;1;2111.18;2111.18;2023-06-02;credit_card;Albuquerque;PE;shipped;parceiro_c
dc72bfd7-624c-df95-efd7-6523b54e1fc0;CUST_43345;PROD_4262;5;845.25;4226.25;2023-06-11;boleto;Borges de Monteiro;SC;delivered;parceiro_a
9320e9f0-7938-8bd8-e098-21be9b66eca9;CUST_08195;PROD_3913;14;3304.16;46258.24;2023-06-18;credit_card;Correia Grande;SP;delivered;parceiro_a
58268530-0904-44c3-c724-e079f90fe0bf;CUST_13748;PROD_4479;10;4244.07;42440.7;2023-06-15;credit_card;Carvalho;SC;delivered;parceiro_c
fea42524-1f36-eab2-f04b-bbee75703517;CUST_26329;PROD_1239;10;790.34;7903.4;2023-06-29;debit_card;Ramos Alegre;SP;delivered;parceiro_a
a7c21874-8f18-2f70-4ca9-68c51b320da1;CUST_38913;PROD_4215;17;2006.25;34106.25;2023-06-01;boleto;Casa Grande do Galho;SP;pending;parceiro_b
40cbda56-2447-c399-e83b-66c8f1102ed1;CUST_02119;PROD_1809;20;2542.85;50857.0;2023-06-06;boleto;Cavalcanti;RJ;delivered;parceiro_a
2ee223fd-d280-92c0-d354-ba40f0526a3f;CUST_23679;PROD_3323;13;2322.05;30186.65;2023-06-16;debit_card;Macedo das Pedras;RN;delivered;parceiro_a
f97fa443-df65-381f-2d08-be743556ab1b;CUST_07416;PROD_1592;9;4973.07;44757.63;2023-06-30;credit_card;da Cruz;CE;delivered;parceiro_c
61c3b09c-72ad-b141-4aea-fbb919ca0d72;CUST_12448;PROD_1020;2;2428.01;4856.02;2023-06-24;debit_card;Rodrigues da Serra;SP;shipped;parceiro_a
3c026ed2-0465-7841-c6ab-80d630cbbae1;CUST_05899;PROD_4654;7;1184.37;8290.59;2023-06-21;boleto;Costela do Amparo;SC;shipped;parceiro_c
d352c039-372c-1fdc-796e-d3b4453202b6;CUST_29325;PROD_2912;17;83.46;1418.82;2023-06-09;debit_card;Fernandes;DF;delivered;parceiro_c
817f22af-dd1d-2bd9-d887-da7fd47bbd0b;CUST_02457;PROD_3000;8;1558.41;12467.28;2023-06-15;credit_card;Teixeira;SP;shipped;parceiro_a
b7fe829e-508e-e587-3d18-b6dc6d5a5340;CUST_12572;PROD_1321;12;2255.25;27063.0;2023-06-17;debit_card;Borges do Galho;BA;delivered;parceiro_c
5ca227c4-b812-a068-2f28-2fd4753fdf84;CUST_18117;PROD_2678;5;1107.27;5536.35;2023-06-22;pix;Souza Verde;SP;delivered;parceiro_b
8d3322fd-517a-e529-f042-2dbb48c5a9ea;CUST_02492;PROD_1943;7;1482.46;10377.22;2023-06-30;pix;Viana de Gonçalves;SP;delivered;parceiro_b
b49b966d-4c86-2459-4371-d305836d60ea;CUST_37451;PROD_4391;20;1244.15;24883.0;2023-06-27;credit_card;Caldeira;AM;delivered;parceiro_a
b5a9bce9-e99b-84a3-86af-8b51361aac5d;CUST_24448;PROD_3978;1;2482.08;2482.08;2023-06-19;pix;Sá Alegre;SP;delivered;parceiro_a
acdd5887-6a37-36c4-bbfa-2b869df2efd7;CUST_05567;PROD_3072;17;4058.23;68989.91;2023-06-14;boleto;Albuquerque de Moura;RJ;delivered;parceiro_c
7928c89e-ddea-950a-19a1-6ec9760978af;CUST_23240;PROD_1170;12;4668.73;56024.76;2023-06-24;debit_card;Teixeira;RJ;delivered;parceiro_a
eb472385-c448-74f4-01a6-e60908f9db08;CUST_23210;PROD_2669;9;943.95;8495.55;2023-06-26;pix;Pires;RJ;pending;parceiro_c
a3032eb8-f650-c828-c9e9-276574e435ed;CUST_41004;PROD_2367;19;3338.08;63423.52;2023-06-04;credit_card;Barros de Ferreira;RJ;delivered;parceiro_a
5d12653a-48f0-9b81-0947-136b2f7cdf68;CUST_32868;PROD_4124;1;4095.21;4095.21;2023-06-29;boleto;Porto;MA;delivered;parceiro_b
d8aa109b-707b-1cfb-64ac-b0ab79c44c8b;CUST_46540;PROD_1994;10;4102.48;41024.8;2023-06-16;boleto;Barbosa de Goiás;ES;delivered;parceiro_a
f3c37a43-1331-7f55-3ad1-da7a3fff3600;CUST_09743;PROD_3193;14;1563.03;21882.42;2023-06-08;credit_card;Teixeira de Peixoto;PE;delivered;parceiro_c
93ff33ec-339e-2fd3-1828-e83a3780234d;CUST_09468;PROD_4691;14;532.17;7450.38;2023-06-17;boleto;Alves;RJ;delivered;parceiro_c
3e9fa0e6-dbcf-0e9f-381c-86a6c35861d1;CUST_46544;PROD_0565;8;1079.79;8638.32;2023-06-09;debit_card;da Mata;RS;shipped;parceiro_b
637337a2-7364-7ccd-5d67-1cb26cd3ef31;CUST_04536;PROD_1047;15;2293.37;34400.55;2023-06-12;debit_card;da Cruz;MG;delivered;parceiro_a
2f26fd5f-53f9-e8d8-c993-1f731a4f608f;CUST_17297;PROD_2781;19;1912.82;36343.58;2023-06-03;debit_card;Vieira;MG;cancelled;parceiro_b
0306ccb6-8161-e4b3-afc1-34c6b2d897ac;CUST_31641;PROD_3889;7;3656.9;25598.3;2023-06-01;debit_card;Ramos de Goiás;MA;delivered;parceiro_b
466249ba-abe9-ca5d-7fd0-6eb846c81cfd;CUST_25296;PROD_2260;11;2544.87;27993.57;2023-06-22;boleto;Costela do Campo;MT;delivered;parceiro_a
56850e17-33fc-505a-83c2-0b6c7bfa2ca8;CUST_38763;PROD_2713;2;248.2;496.4;2023-06-18;credit_card;Alves;RJ;delivered;parceiro_a
49593d21-2c9b-ae51-9c74-fde2f3fd29fd;CUST_47482;PROD_3469;20;2938.28;58765.6;2023-06-13;credit_card;Dias;MG;shipped;parceiro_c
15c1fe62-ca76-5c26-5811-d2b2285f93bc;CUST_36549;PROD_0373;19;4648.84;88327.96;2023-06-25;boleto;Rocha do Amparo;RS;delivered;parceiro_a
46124b00-4da3-85af-4bbd-8575c6111d0d;CUST_30269;PROD_0382;13;4112.39;53461.07;2023-06-09;credit_card;Barros de Gomes;MS;delivered;parceiro_c
87be2079-2928-87b0-1b60-401b633ee276;CUST_20831;PROD_1557;18;2017.05;36306.9;2023-06-09;credit_card;da Paz;SP;delivered;parceiro_a
cb1fbdc0-dcfd-3662-bff1-57ebbb654c68;CUST_49434;PROD_1341;5;4486.76;22433.8;2023-06-27;pix;Melo;SP;pending;parceiro_b
9f524d13-ddb6-7e52-9fd2-4b16fa14fcd0;CUST_35337;PROD_0025;11;1326.18;14587.98;2023-06-20;debit_card;Macedo;PA;delivered;parceiro_c
0e7a52de-03ed-a9fa-5f4e-0cb0768f2b01;CUST_49561;PROD_0874;15;781.72;11725.8;2023-06-16;boleto;Cunha do Norte;RJ;delivered;parceiro_a
03cbcbe3-99c2-30a5-ecdc-afa839d46c3b;CUST_05017;PROD_2008;19;2293.75;43581.25;2023-06-30;boleto;da Cunha dos Dourados;MG;delivered;parceiro_c
5299ab0c-9b79-1f08-361f-3089fc821920;CUST_38506;PROD_1761;14;4558.37;63817.18;2023-06-03;pix;Ribeiro;RJ;shipped;parceiro_c
4370f31b-6a24-5c58-70a7-4bfecfe672f6;CUST_10399;PROD_2884;16;484.26;7748.16;2023-06-05;pix;Melo Paulista;SP;delivered;parceiro_a
7f916950-64d3-6724-59a2-393a0b6625bf;CUST_20991;PROD_4492;18;468.43;8431.74;2023-06-05;debit_card;Nunes de Caldeira;SP;delivered;parceiro_c
757de8fe-f97b-51c1-8857-0b9c4c3543a2;CUST_09201;PROD_3992;1;1912.9;1912.9;2023-06-09;pix;Gomes do Campo;RS;delivered;parceiro_a
45bbc818-f281-6cfd-1af1-21cfc684e407;CUST_24244;PROD_1646;17;366.52;6230.84;2023-06-12;boleto;Vieira Verde;MG;cancelled;parceiro_b
9ca6ed0c-a076-51da-4bd6-82f467be7322;CUST_49005;PROD_3567;18;3427.57;61696.26;2023-06-08;debit_card;Monteiro do Sul;RJ;delivered;parceiro_a
31664c5d-9c69-4338-2635-afe47df1f14d;CUST_05308;PROD_1485;10;3310.21;33102.1;2023-06-24;boleto;Fonseca de Abreu;ES;delivered;parceiro_b
042332a0-7d25-6afb-d539-f23d56a367c8;CUST_35830;PROD_2611;15;477.57;7163.55;2023-06-21;pix;Ramos;SP;cancelled;parceiro_a
8700e0a1-ad40-43a9-2bbd-60b8226aec48;CUST_09663;PROD_4103;7;4123.45;28864.15;2023-06-07;pix;Lopes;RJ;delivered;parceiro_a
0a9de70a-ccc6-ad45-1ae2-118f815de2fa;CUST_10522;PROD_1501;20;1554.35;31087.0;2023-06-25;boleto;Machado;RS;delivered;parceiro_b
2a8d1a63-ded6-01f4-58cb-fde49836f04f;CUST_48364;PROD_3177;20;1912.42;38248.4;2023-06-28;credit_card;Nunes das Pedras;SP;delivered;parceiro_a
c7e8cba9-3f5a-d81f-e988-0c13c725085c;CUST_39266;PROD_1032;10;4811.12;48111.2;2023-06-18;pix;Aragão de das Neves;ES;delivered;parceiro_c
8a64a68e-d5ad-f002-be22-b3e6406a03e2;CUST_17953;PROD_0857;10;1793.86;17938.6;2023-06-10;credit_card;Correia Grande;RJ;delivered;parceiro_a
95bc5e8b-752e-186d-5191-45ee2fa516d0;CUST_04414;PROD_3241;11;3419.45;37613.95;2023-06-23;debit_card;Campos;RJ;shipped;parceiro_a
b899a54c-4275-9229-48d4-b3fd18dbfd49;CUST_48432;PROD_1907;1;745.79;745.79;2023-06-19;pix;Nogueira;RJ;shipped;parceiro_a
94f815b1-e724-dd28-4e76-19ae2fca4650;CUST_40104;PROD_0879;4;1961.3;7845.2;2023-06-02;credit_card;Sousa do Amparo;MG;delivered;parceiro_a
d2bd8a4c-5882-951b-d616-b414fc911067;CUST_47380;PROD_3769;3;3396.17;10188.51;2023-06-22;boleto;Macedo da Serra;MG;delivered;parceiro_a
298c2632-e6b8-f4d0-6d5e-4828bc973c9f;CUST_17118;PROD_1165;13;1532.04;19916.52;2023-06-12;boleto;Siqueira da Prata;SP;delivered;parceiro_c
582ab2aa-26fc-b544-3e58-8af20bef918a;CUST_41439;PROD_3807;9;2874.83;25873.47;2023-06-07;debit_card;Ramos de Barbosa;BA;pending;parceiro_a
e99cff68-8485-76bf-b524-92ad36d609fd;CUST_49765;PROD_1659;16;2319.87;37117.92;2023-06-10;credit_card;Fernandes;SP;pending;parceiro_c
dc0ba085-8292-78da-af7a-2b3e8fc85f53;CUST_15446;PROD_1808;13;4353.56;56596.28;2023-06-19;credit_card;Viana da Prata;SP;delivered;parceiro_a
e74d0622-c26e-de6c-15de-8db881d2618d;CUST_08426;PROD_1901;17;2436.26;41416.42;2023-06-30;pix;das Neves do Amparo;RJ;pending;parceiro_a
950fc118-bfc7-af49-babf-b014bab9b081;CUST_00646;PROD_1716;18;4778.78;86018.04;2023-06-26;pix;Duarte da Prata;SP;shipped;parceiro_b
9eff03c5-f50b-8d42-0b6e-964b5dd11389;CUST_40847;PROD_3668;20;4521.61;90432.2;2023-06-12;credit_card;Novaes de Alves;RS;delivered;parceiro_a
85572c75-b139-512d-bc4a-2ae7da9131a4;CUST_46332;PROD_0592;7;2799.5;19596.5;2023-06-28;boleto;Rios da Mata;RJ;pending;parceiro_b
97f946fd-492f-4f14-b9e9-570a02f89f6c;CUST_16211;PROD_1861;10;1309.09;13090.9;2023-06-25;pix;Cavalcante de Pimenta;MG;pending;parceiro_b
f7249040-6bbc-45e3-13fa-5b75b7810867;CUST_36080;PROD_0560;9;4750.95;42758.55;2023-06-12;credit_card;Pereira de Goiás;RJ;shipped;parceiro_a
0ac9fbd5-0b82-e78f-9574-0733273c37a4;CUST_27123;PROD_1977;20;3079.24;61584.8;2023-06-11;pix;Fogaça;ES;delivered;parceiro_c
a6463170-5034-1446-314b-22cde194751a;CUST_33780;PROD_2250;3;4363.07;13089.21;2023-06-16;boleto;da Rosa;RS;delivered;parceiro_a
5b3617f1-5d7b-96e7-7475-927b30f97d70;CUST_49123;PROD_1079;10;3230.41;32304.1;2023-06-17;debit_card;da Costa de Oliveira;SP;delivered;parceiro_c
8490a507-c803-1d2b-a23a-a23f54214801;CUST_13528;PROD_1346;15;2735.39;41030.85;2023-06-20;boleto;Jesus das Pedras;SP;shipped;parceiro_a
23abd381-7693-b8b3-219d-eb821e0a9c82;CUST_43409;PROD_4212;19;3436.16;65287.04;2023-06-02;debit_card;Pinto;MG;pending;parceiro_a
02d3ce63-4877-c360-d680-3598caca56cb;CUST_23452;PROD_1817;9;3924.92;35324.28;2023-06-12;debit_card;Ramos;PE;pending;parceiro_a
3b0b3773-a564-947d-6f0e-0481a9017cbf;CUST_23842;PROD_4139;13;388.96;5056.48;2023-06-06;credit_card;Almeida dos Dourados;ES;pending;parceiro_a
a58fdea2-81e4-6472-ecfa-79c6b2b68c2a;CUST_32707;PROD_2509;11;52.55;578.05;2023-06-13;credit_card;Casa Grande;SP;pending;parceiro_c
9d289985-946d-f49d-6488-fba3dedda266;CUST_12941;PROD_0152;11;3876.05;42636.55;2023-06-19;credit_card;Cirino;BA;cancelled;parceiro_c
d2ca0c00-05b4-786e-7c0a-b0d9a224f66c;CUST_41881;PROD_1728;2;4847.73;9695.46;2023-06-20;credit_card;Viana de Nunes;MG;delivered;parceiro_b
f896e1b1-5d82-7bd8-3b5b-004c2a109ef7;CUST_03428;PROD_4639;9;3369.21;30322.89;2023-06-07;debit_card;Machado da Prata;PA;shipped;parceiro_a
1701012f-c14c-369e-52ab-95155172a655;CUST_46871;PROD_1273;11;2892.19;31814.09;2023-06-26;credit_card;Vieira da Mata;SP;delivered;parceiro_c
74ff2b4a-8248-bf6d-5e99-cd8a0b6b733f;CUST_05610;PROD_3776;17;4341.5;73805.5;2023-06-07;boleto;Cavalcante Verde;PR;delivered;parceiro_c
89c2cee8-5369-f5c4-ca76-a648a68d3e58;CUST_25237;PROD_0052;2;649.33;1298.66;2023-06-14;pix;Borges de Minas;PR;shipped;parceiro_a
4cf36561-645e-213e-9764-28db963d68cb;CUST_02373;PROD_1404;7;1351.01;9457.07;2023-06-08;credit_card;Borges do Amparo;GO;delivered;parceiro_c
84391628-1687-841c-de20-3d7bcd989aff;CUST_16261;PROD_4467;17;3447.81;58612.77;2023-06-10;credit_card;Moreira;MA;shipped;parceiro_b
6c076d06-57aa-8371-82c7-030f87ecea19;CUST_33044;PROD_2528;4;4362.13;17448.52;2023-06-15;credit_card;da Luz;SC;delivered;parceiro_b
e4bd87a6-f10e-fbc9-e17e-3882271f7fde;CUST_35369;PROD_1362;12;1622.22;19466.64;2023-06-22;pix;Ribeiro Verde;DF;delivered;parceiro_b
e3c9c9b7-13cb-738f-a535-4c4f08925bc3;CUST_28297;PROD_0128;2;2733.0;5466.0;2023-06-20;credit_card;Silveira de Cavalcanti;GO;delivered;parceiro_b
a2d751b1-e3e0-8958-d043-58c213101e34;CUST_41991;PROD_4742;9;3585.78;32272.02;2023-06-17;pix;Borges;PR;delivered;parceiro_a
83442097-23ec-c699-acac-c52d261c6eec;CUST_37207;PROD_1858;14;2210.74;30950.36;2023-06-04;pix;Silva de Minas;SP;delivered;parceiro_a
f0364ee7-2e2f-dccf-76b3-c2368f2898aa;CUST_10524;PROD_4810;16;2226.49;35623.84;2023-06-11;debit_card;Costa;SP;shipped;parceiro_a
9ee55da9-54d4-24d3-bab2-a95525610457;CUST_12047;PROD_1075;5;512.76;2563.8;2023-06-28;credit_card;Pastor dos Dourados;RR;delivered;parceiro_b
f1d5c395-10a0-147e-c930-2c0d4ef32f97;CUST_40009;PROD_3816;11;4805.69;52862.59;2023-06-20;pix;Barros Alegre;GO;pending;parceiro_c
de919bcd-f6dd-51b4-eddc-d91d3243bcf5;CUST_37455;PROD_1028;12;2490.59;29887.08;2023-06-14;credit_card;Machado de Minas;MG;delivered;parceiro_b
a450d994-c5b3-8f27-faed-a5f19fc71927;CUST_48064;PROD_4012;3;1004.63;3013.89;2023-06-20;credit_card;Albuquerque do Sul;SP;pending;parceiro_a
55fcd317-445a-ae79-2fe7-5a9fbc28f05e;CUST_39638;PROD_1398;9;2790.29;25112.61;2023-06-09;debit_card;da Cunha;RS;shipped;parceiro_a
7b537feb-32ac-5b48-eb58-77876c3da4b6;CUST_35652;PROD_2767;13;3523.2;45801.6;2023-06-21;debit_card;Mendes das Pedras;SP;delivered;parceiro_c
55d01457-2cfb-5ba7-1aa7-f650fae0b6bf;CUST_26179;PROD_4938;4;1496.24;5984.96;2023-06-03;debit_card;Ribeiro;MG;cancelled;parceiro_a
fc702acd-2142-b14f-3063-b546fd2175b2;CUST_05798;PROD_0900;2;4441.24;8882.48;2023-06-10;boleto;Peixoto;GO;cancelled;parceiro_a
8d8a743f-df5d-e24f-ba18-7de3f5a50ed8;CUST_21832;PROD_2527;19;241.22;4583.18;2023-06-03;pix;Pires;PR;shipped;parceiro_a
7181be9e-1023-70ed-210c-42cacf921b3a;CUST_40710;PROD_0033;10;1043.22;10432.2;2023-06-02;debit_card;Teixeira Verde;GO;pending;parceiro_b
12edbbb7-25a7-cffa-a873-f2d5ce4cd5bd;CUST_01930;PROD_2894;4;1108.61;4434.44;2023-06-06;credit_card;Peixoto;PR;cancelled;parceiro_a
1ecd0a6d-b52c-3aa1-c937-09f2135f6b4d;CUST_27355;PROD_0310;1;4779.93;4779.93;2023-06-27;credit_card;Porto;RJ;delivered;parceiro_b
57fcdff9-0076-4933-ee48-952e993a6748;CUST_07623;PROD_1067;5;1729.13;8645.65;2023-06-01;boleto;Borges do Campo;BA;delivered;parceiro_a
619c40b9-6fcf-5287-2482-80ba4c87f14e;CUST_35972;PROD_4952;7;4846.0;33922.0;2023-06-05;credit_card;Câmara;SP;shipped;parceiro_c
870d0c55-d473-5ed2-1956-aa51ad7874e1;CUST_00526;PROD_4894;2;632.63;1265.26;2023-06-28;debit_card;Machado de Novais;MG;delivered;parceiro_b
385e2ea8-23ed-ebf9-42f5-03e0d925609f;CUST_24087;PROD_4746;17;3731.03;63427.51;2023-06-22;credit_card;Albuquerque de Marques;RJ;delivered;parceiro_a
a5ccdf41-2daf-509b-9574-27f7ef2e8211;CUST_43789;PROD_0966;20;4163.89;83277.8;2023-06-13;credit_card;Ferreira de Machado;SP;delivered;parceiro_b
024e17a3-61fc-9b41-859d-6fd873417838;CUST_30217;PROD_1380;3;3803.9;11411.7;2023-06-03;credit_card;Nunes;TO;delivered;parceiro_a
203241f5-e3f4-44bf-545d-4d7d4154a3d2;CUST_17870;PROD_2445;7;2750.7;19254.9;2023-06-07;credit_card;Melo Grande;RS;cancelled;parceiro_c
01c34a94-8a02-abad-654b-995ca03ae9d5;CUST_25425;PROD_2032;18;2817.45;50714.1;2023-06-13;credit_card;Andrade;DF;delivered;parceiro_c
174a5933-76c2-a7ea-5cb8-2198b3b1dffe;CUST_18153;PROD_4998;1;955.91;955.91;2023-06-07;pix;Rodrigues;CE;cancelled;parceiro_a
d3d108f6-7b60-e82a-786f-22a47f0c9e1f;CUST_17811;PROD_2117;9;2504.83;22543.47;2023-06-14;pix;Abreu;BA;delivered;parceiro_b
7b823f92-2923-6cdf-4ee3-19bb923a1421;CUST_48951;PROD_3985;17;4187.98;71195.66;2023-06-26;credit_card;Aparecida do Norte;SC;delivered;parceiro_a
299208fa-25a8-f302-faf3-41539ff70683;CUST_19677;PROD_2612;5;515.77;2578.85;2023-06-22;pix;Castro Alegre;PR;cancelled;parceiro_a
aa06ccd6-4bd5-6a2e-b02c-1126e3c6280c;CUST_09050;PROD_3890;10;3932.74;39327.4;2023-06-06;credit_card;Azevedo;SP;delivered;parceiro_b
2d119c9e-b6dd-cad0-2903-8baf3af58c42;CUST_03346;PROD_1201;2;3304.54;6609.08;2023-06-30;pix;Guerra;TO;delivered;parceiro_a
404d6a49-5be0-e167-1b89-0a3c348cc9c7;CUST_28485;PROD_1941;2;2170.08;4340.16;2023-06-24;pix;Casa Grande;RS;cancelled;parceiro_a
42ebbd2f-d1c5-248f-f934-34f179ac710a;CUST_33589;PROD_2089;3;1475.54;4426.62;2023-06-21;credit_card;Moreira;ES;delivered;parceiro_a
e2a499a0-605d-328d-a5f1-013d313d4f65;CUST_46255;PROD_3917;9;1069.39;9624.51;2023-06-09;boleto;da Paz de Minas;MG;delivered;parceiro_b
74c8bfe6-bb7e-bf8f-04bd-9e584289ae1a;CUST_35937;PROD_4043;4;2662.43;10649.72;2023-06-06;pix;Brito;GO;pending;parceiro_a
961ddb1d-41fc-e262-c50a-4761aa57e448;CUST_30253;PROD_0392;13;4527.08;58852.04;2023-06-08;credit_card;Fonseca Paulista;SP;delivered;parceiro_c
c5bbf2de-ff05-366a-3033-0cc54a169021;CUST_49144;PROD_2820;7;4954.11;34678.77;2023-06-19;pix;Correia;SP;delivered;parceiro_c
f33f459e-d7c9-a35d-498c-c11df854694c;CUST_18633;PROD_2011;13;2438.2;31696.6;2023-06-11;debit_card;da Mota;SP;delivered;parceiro_c
413161cc-72c7-5953-a041-7773235bdc53;CUST_18756;PROD_4990;16;4818.6;77097.6;2023-06-05;pix;Correia;MG;delivered;parceiro_a
52fcfb9e-7da2-40e1-c33b-86599dec419d;CUST_36698;PROD_2029;15;2632.71;39490.65;2023-06-09;pix;Peixoto;RS;cancelled;parceiro_a
f6f412e7-d402-a6bb-6856-79a466fef505;CUST_03879;PROD_4461;14;2277.43;31884.02;2023-06-08;credit_card;Cirino de Lopes;SP;delivered;parceiro_a
4a0a6ca4-29bb-1398-d470-ab6a3436fd66;CUST_43539;PROD_3084;16;4991.29;79860.64;2023-06-11;debit_card;Teixeira;SP;delivered;parceiro_c
b8b42c7a-93c6-53a8-739d-075d284dbb40;CUST_24905;PROD_3993;15;1326.73;19900.95;2023-06-26;credit_card;da Costa de Machado;RJ;delivered;parceiro_b
9db17ae2-7e83-16a0-119e-5b4f85eddaa8;CUST_11289;PROD_4209;2;2076.99;4153.98;2023-06-20;pix;Rocha das Pedras;RR;shipped;parceiro_b
f8192314-b6bb-6ece-0e91-3d41edd9d191;CUST_15056;PROD_1156;6;1502.47;9014.82;2023-06-22;pix;Gonçalves Grande;MS;delivered;parceiro_a
077f3586-ef52-caef-d4fc-d759da545f81;CUST_21116;PROD_2922;17;4254.03;72318.51;2023-06-02;debit_card;Vieira do Sul;RS;delivered;parceiro_a
c67f3f3a-4dfe-ed48-6c03-86508d4fb5c9;CUST_07234;PROD_1151;17;47.41;805.97;2023-06-28;pix;Sales;SP;pending;parceiro_a
42e11d47-1045-3c6f-3bcc-f59bfd6b4b53;CUST_42641;PROD_4488;2;2414.93;4829.86;2023-06-24;boleto;Câmara;MG;delivered;parceiro_b
e100ae47-7971-1e70-c839-4eee2b9b0e7a;CUST_13061;PROD_4125;6;378.09;2268.54;2023-06-11;boleto;da Mota dos Dourados;SP;delivered;parceiro_a
177ace00-0452-10ae-3885-16895dafd75f;CUST_33886;PROD_1309;3;3882.71;11648.13;2023-06-14;debit_card;Azevedo;RS;pending;parceiro_a
90ea5a56-9d60-46eb-9efe-228b1eb6b0d7;CUST_22764;PROD_4357;15;197.72;2965.8;2023-06-19;pix;Nascimento;GO;delivered;parceiro_b
8584a9be-c652-e5e5-5b6f-b066deb3d95c;CUST_23209;PROD_2549;14;4872.45;68214.3;2023-06-05;credit_card;Casa Grande;RJ;cancelled;parceiro_b
8117a16a-9f84-ad08-748f-b9f4c669174a;CUST_08172;PROD_1018;8;701.99;5615.92;2023-06-16;credit_card;Monteiro;RS;delivered;parceiro_b
03889822-d8dd-3b9a-d6c3-5a26fa0aa152;CUST_19377;PROD_2594;8;2420.64;19365.12;2023-06-14;debit_card;Vargas Verde;MG;delivered;parceiro_a
fcfc0575-04ff-2197-262e-be8869412b23;CUST_35158;PROD_4725;2;3299.34;6598.68;2023-06-09;credit_card;Casa Grande;RJ;shipped;parceiro_a
aafc340e-5725-94a4-221a-5f7f9f7b0ebf;CUST_44356;PROD_4714;18;2279.25;41026.5;2023-06-16;debit_card;Rios;PA;delivered;parceiro_a
4a9f1f40-990f-845b-b112-7daf1b116c97;CUST_10595;PROD_0826;9;1831.67;16485.03;2023-06-19;pix;Viana;RS;shipped;parceiro_b
52aeb23b-2119-3a6e-05c3-f5d7c63426ad;CUST_04049;PROD_3014;3;4869.49;14608.47;2023-06-30;credit_card;Mendes;SP;shipped;parceiro_c
d2b54366-6c7c-140c-e340-63e0a3020059;CUST_49368;PROD_2806;17;1360.71;23132.07;2023-06-16;debit_card;Cavalcanti;MG;delivered;parceiro_a
a2002edf-34b1-0d5f-827a-34fedf1278b5;CUST_40509;PROD_1918;19;2888.76;54886.44;2023-06-02;debit_card;Aragão de Goiás;SP;shipped;parceiro_b
0e0e81d2-541c-891a-9b43-2f60301254aa;CUST_22725;PROD_4964;11;2492.33;27415.63;2023-06-14;pix;Costa;MT;delivered;parceiro_b
cb7bbb80-d7da-e93d-60d8-2f07e117ed06;CUST_48013;PROD_3388;13;3487.99;45343.87;2023-06-09;debit_card;Nunes de Goiás;SP;delivered;parceiro_c
d3f6d6dd-0389-f143-8681-02cc307810b3;CUST_38209;PROD_1383;11;3953.0;43483.0;2023-06-22;credit_card;Nunes do Galho;SP;delivered;parceiro_a
9b5d427a-1b2b-262b-b676-932fcd074b46;CUST_42818;PROD_1149;10;148.71;1487.1;2023-06-05;debit_card;da Paz;SP;delivered;parceiro_b
a07f6faa-97d9-04c4-e331-861065bd4e3d;CUST_47839;PROD_3930;11;4756.73;52324.03;2023-06-10;pix;Lopes;SP;delivered;parceiro_c
53615705-9a51-1180-b90e-a1a182f5b689;CUST_19013;PROD_4953;11;1005.07;11055.77;2023-06-13;credit_card;Marques;RS;delivered;parceiro_b
c5d7b6c0-0d03-460b-90f5-edab812a7925;CUST_08149;PROD_0764;9;4589.83;41308.47;2023-06-26;credit_card;Novais dos Dourados;RJ;delivered;parceiro_b
a42e34f9-39fb-0c5b-22a7-fe00472f136b;CUST_09383;PROD_4521;12;1434.48;17213.76;2023-06-13;credit_card;Moreira das Pedras;MG;delivered;parceiro_a
03c4b0e0-cbf4-5215-81ed-0a2cddafe2e6;CUST_14249;PROD_0698;9;541.48;4873.32;2023-06-18;pix;Farias;SP;delivered;parceiro_a
a576390a-1df1-fc7c-7040-890fad641ad7;CUST_06127;PROD_4952;4;4338.09;17352.36;2023-06-29;credit_card;Almeida;BA;delivered;parceiro_a
f7a97e81-9107-18bf-372d-49134c0c86b9;CUST_44548;PROD_4997;5;4990.74;24953.7;2023-06-03;boleto;Martins;MG;pending;parceiro_b
42838783-8152-cb5d-7dda-5693156775a8;CUST_24652;PROD_3666;3;3982.22;11946.66;2023-06-12;pix;Monteiro de Minas;RJ;shipped;parceiro_c
3916ca99-668d-e881-0191-b1d06b0550f8;CUST_37541;PROD_2825;5;737.62;3688.1;2023-06-20;boleto;Macedo de Monteiro;AL;delivered;parceiro_b
32ff0be7-f0d6-0d12-90e9-4ee0958a2fa4;CUST_18689;PROD_1548;18;3070.31;55265.58;2023-06-25;pix;Caldeira;PR;cancelled;parceiro_a
656b9527-2cbf-0867-98ae-66cfc0ed55c4;CUST_40360;PROD_4757;17;642.44;10921.48;2023-06-14;pix;Ramos de Garcia;MG;delivered;parceiro_b
34832d97-4cd5-3f92-4808-92ea0405eecc;CUST_49670;PROD_2173;5;411.51;2057.55;2023-06-30;debit_card;Nascimento;BA;shipped;parceiro_c
f51e58e1-8a79-a627-63b1-840075dc55fb;CUST_45905;PROD_0215;9;2990.79;26917.11;2023-06-02;credit_card;da Mata da Prata;CE;delivered;parceiro_a
10d99c46-1a20-fb3b-6f42-456106d28e99;CUST_07088;PROD_4411;4;2530.5;10122.0;2023-06-23;boleto;da Mota;RJ;shipped;parceiro_b
d50a4f65-5182-dffe-b4d1-f7d8c5726499;CUST_26689;PROD_3745;1;58.8;58.8;2023-06-07;pix;Fogaça;SC;pending;parceiro_a
f9ee94b0-6b72-c4da-4aca-df1e57068cd6;CUST_31873;PROD_0423;17;4654.91;79133.47;2023-06-24;credit_card;da Costa;MG;delivered;parceiro_c
24a38a57-ed40-2c12-3d6d-96f054182dad;CUST_05715;PROD_3105;2;869.24;1738.48;2023-06-23;debit_card;Souza;ES;delivered;parceiro_a
8db32f11-52b6-44c7-282c-52764070a294;CUST_17968;PROD_1481;9;3218.27;28964.43;2023-06-26;credit_card;Brito;PR;pending;parceiro_b
e1e4e70f-d573-5576-7032-2693e2e56e56;CUST_00060;PROD_0175;1;2166.26;2166.26;2023-06-25;credit_card;Fonseca;MG;delivered;parceiro_b
af583a89-d98f-3012-3664-b9295ac6bef0;CUST_36316;PROD_1359;18;3133.36;56400.48;2023-06-02;pix;Monteiro do Campo;SP;delivered;parceiro_a
f9aa5ac3-ee0b-dccd-346b-a7491fe02c30;CUST_31258;PROD_2131;1;4138.34;4138.34;2023-06-30;credit_card;Siqueira;CE;cancelled;parceiro_c
2dabc63a-fc75-ad5e-ee92-f9ed31e092f5;CUST_25757;PROD_4468;18;362.02;6516.36;2023-06-20;credit_card;Aragão;AM;shipped;parceiro_b
39db5f19-c035-816d-f8bf-d4c6540f5395;CUST_22004;PROD_1785;12;2013.88;24166.56;2023-06-03;pix;Machado da Serra;MT;pending;parceiro_c
69ff16cb-98cf-89c5-2921-94a4d1b4f232;CUST_15410;PROD_1922;17;92.55;1573.35;2023-06-01;debit_card;Araújo;SP;delivered;parceiro_a
b5bb5983-eb40-5137-c8dd-7dd13b9ca989;CUST_41820;PROD_2892;9;3722.54;33502.86;2023-06-04;pix;Guerra de Moraes;SP;delivered;parceiro_a
70258fd9-6518-ff3d-61ae-10d20faafdbc;CUST_03100;PROD_2645;10;2830.46;28304.6;2023-06-24;pix;Abreu;SC;pending;parceiro_a
1f65b946-e10a-508f-fcf7-e68cbf499467;CUST_39534;PROD_1064;2;4390.65;8781.3;2023-06-11;credit_card;Cirino dos Dourados;AL;cancelled;parceiro_a
d6b03410-2aa5-e392-ff07-b04a072d5493;CUST_07539;PROD_0201;17;3182.98;54110.66;2023-06-10;pix;Nascimento;BA;delivered;parceiro_a
d84e18e4-73bc-c26f-8408-bd40feb953f4;CUST_26555;PROD_0937;1;2358.94;2358.94;2023-06-16;pix;Ribeiro;MT;pending;parceiro_a
779db686-7752-0712-757f-dfb53fcba49f;CUST_16770;PROD_3426;19;4818.11;91544.09;2023-06-23;credit_card;Nascimento;BA;pending;parceiro_a
2f7eedf3-7be9-039f-0671-1da3bce9de95;CUST_46691;PROD_1340;16;2106.22;33699.52;2023-06-23;pix;Novaes Alegre;RS;pending;parceiro_a
a79a73c8-e129-0460-4c6f-d3ae3205fcf6;CUST_18628;PROD_4829;8;958.4;7667.2;2023-06-17;debit_card;Pimenta;MG;shipped;parceiro_a
a01babcc-e747-5e89-885c-951bd6aa6cd0;CUST_17083;PROD_4242;5;1692.57;8462.85;2023-06-12;debit_card;Cavalcanti;TO;delivered;parceiro_c
a739bf6b-e9ee-0ece-1399-7bf85100f438;CUST_32321;PROD_0267;2;1808.88;3617.76;2023-06-29;credit_card;Barros de Montenegro;CE;delivered;parceiro_a
2d741a24-3a21-e40d-9aee-e88b6717047a;CUST_02211;PROD_3780;13;4153.75;53998.75;2023-06-20;credit_card;Aragão Verde;CE;shipped;parceiro_b
c166c262-8c6c-a032-5281-b7997bff57ca;CUST_44214;PROD_3993;6;163.49;980.94;2023-06-19;credit_card;Cavalcante Grande;MG;shipped;parceiro_a
2b470bec-3dcd-34ac-8bff-75601faeb689;CUST_22561;PROD_4447;16;2854.83;45677.28;2023-06-13;pix;Gonçalves;MG;delivered;parceiro_a
a2bdedc6-aa85-a838-d073-0191d791b422;CUST_24116;PROD_2168;18;190.44;3427.92;2023-06-14;credit_card;Siqueira;MG;delivered;parceiro_a
3edd901a-a92d-cdd0-38c0-faf40b8311b3;CUST_49259;PROD_4215;3;4391.63;13174.89;2023-06-25;debit_card;da Conceição;RO;pending;parceiro_c
2a68d02a-1ff4-d709-e967-102425180b31;CUST_45976;PROD_3520;19;3912.37;74335.03;2023-06-23;boleto;Rocha;RJ;shipped;parceiro_b
0a88a118-4cbc-56cb-4cc0-60f6683eeb8b;CUST_42127;PROD_2875;11;1049.3;11542.3;2023-06-05;credit_card;Martins de Goiás;BA;delivered;parceiro_c
cce03897-91a6-6f3d-fffc-65c4c1fd5082;CUST_22887;PROD_2556;14;1766.23;24727.22;2023-06-02;credit_card;Rezende de Rezende;RS;shipped;parceiro_b
3bfc4756-002c-987a-fd11-531c3984e998;CUST_28983;PROD_0434;9;2212.31;19910.79;2023-06-08;pix;da Costa;SP;delivered;parceiro_a
d692c451-b2f2-3981-4526-013bf6646ba0;CUST_15558;PROD_0274;17;4234.08;71979.36;2023-06-15;pix;Moreira Alegre;BA;delivered;parceiro_a
57d01ec8-a592-4b82-a795-8efbbba74dea;CUST_46937;PROD_4554;9;1082.58;9743.22;2023-06-17;pix;Camargo;RJ;delivered;parceiro_a
49608fcc-ded1-faf0-2827-cfcaad3a9ae2;CUST_42336;PROD_3648;16;1960.92;31374.72;2023-06-23;credit_card;Andrade de Pacheco;SC;delivered;parceiro_a
9d845126-5e75-36c4-d4b4-3124a4df2f21;CUST_41255;PROD_2271;8;2960.35;23682.8;2023-06-26;credit_card;Machado;PE;delivered;parceiro_a
2cc698ad-3f57-4da0-23a5-572ebf3b1c75;CUST_04450;PROD_4793;5;2790.91;13954.55;2023-06-16;debit_card;Cassiano;PR;pending;parceiro_a
2dfeb9a8-7373-6c3b-6b16-022d79f4d0a2;CUST_22877;PROD_3084;8;1952.52;15620.16;2023-06-22;credit_card;Duarte do Oeste;RS;cancelled;parceiro_a
ec81787f-6547-ddb6-15ae-d1a7c88b1cea;CUST_46656;PROD_0945;9;1149.43;10344.87;2023-06-14;credit_card;Cunha do Amparo;PR;delivered;parceiro_a
64240a47-4d77-5b1a-22c2-5d4842abf265;CUST_36072;PROD_2735;5;4360.36;21801.8;2023-06-30;pix;da Cunha da Mata;RJ;cancelled;parceiro_c
cd38321d-4a95-cfc1-1bfb-6612c067cd27;CUST_26596;PROD_4005;12;4159.14;49909.68;2023-06-24;debit_card;Silveira Verde;GO;shipped;parceiro_a
ffda186a-b97c-1816-0f17-8a0dd767c60c;CUST_35950;PROD_3111;15;244.64;3669.6;2023-06-13;pix;Viana;MT;delivered;parceiro_c
ba4bbaf1-a213-a6d3-7441-66ab33a9a2d6;CUST_03070;PROD_3045;19;3764.87;71532.53;2023-06-03;pix;Santos;RJ;delivered;parceiro_c
9e19fb41-862a-179a-82b5-0426dc9dba03;CUST_39350;PROD_3430;5;1602.92;8014.6;2023-06-07;credit_card;Abreu Verde;SP;delivered;parceiro_b
69ee4625-6630-d46f-eb47-d10afe9bad20;CUST_38834;PROD_4171;12;4548.33;54579.96;2023-06-05;credit_card;Moraes de Minas;PR;delivered;parceiro_a
c5a32d93-4b59-cfe3-7f1d-f48182d7bfbd;CUST_02333;PROD_3308;19;4384.46;83304.74;2023-06-11;boleto;Leão de Goiás;SP;delivered;parceiro_b
2883dcda-36eb-cbeb-ed38-17862f2c5e16;CUST_03162;PROD_1105;7;4163.73;29146.11;2023-06-24;pix;Moreira;MG;delivered;parceiro_b
524b6009-a380-c8f6-fad2-ac93d9e83686;CUST_13217;PROD_3992;15;831.96;12479.4;2023-06-13;debit_card;da Mata do Norte;RJ;shipped;parceiro_b
76533b42-002a-21b8-4634-073d995dd9d3;CUST_19124;PROD_0572;2;4533.58;9067.16;2023-06-19;credit_card;Cassiano;SC;delivered;parceiro_a
05dbcb94-d327-6763-25f5-3cf99937df24;CUST_15837;PROD_3700;14;4618.84;64663.76;2023-06-28;credit_card;Novais Verde;RJ;shipped;parceiro_a
8859e113-7262-8d9f-7f04-1f424e85425e;CUST_19728;PROD_0679;15;3784.6;56769.0;2023-06-01;pix;Aparecida das Pedras;SP;delivered;parceiro_a
210de880-101d-5335-c69a-866e42235e70;CUST_09054;PROD_0892;19;1767.59;33584.21;2023-06-22;boleto;Fogaça;PR;delivered;parceiro_b
0b9124cb-b866-97b3-de97-03cb52e87563;CUST_06182;PROD_1286;7;3746.24;26223.68;2023-06-09;credit_card;Câmara de Silveira;RN;shipped;parceiro_c
90c1d163-bfd6-dc54-a083-97ad3b056ccf;CUST_17385;PROD_4694;11;4893.54;53828.94;2023-06-29;pix;Nascimento do Norte;RS;pending;parceiro_b
69099140-d1f0-d216-1367-c1a61c1ec7a6;CUST_03014;PROD_2489;20;3757.25;75145.0;2023-06-07;pix;Casa Grande de Abreu;SC;delivered;parceiro_a
1e1b1647-cf92-f358-c1c5-a0ccd8a3ce9f;CUST_28518;PROD_2118;18;763.26;13738.68;2023-06-26;credit_card;Casa Grande de Melo;RS;pending;parceiro_a
1a15411d-05e4-8a06-e66f-cbd59979b7cc;CUST_24517;PROD_4478;7;343.89;2407.23;2023-06-24;credit_card;Teixeira;SP;delivered;parceiro_c
194747e0-cafe-7647-3a6d-c7e6fb183e1d;CUST_07236;PROD_1020;19;117.63;2234.97;2023-06-19;debit_card;Carvalho das Pedras;RJ;delivered;parceiro_a
45922fdc-587c-630a-d8a0-99147f6af279;CUST_08160;PROD_3739;8;1776.97;14215.76;2023-06-22;pix;Sá;MS;shipped;parceiro_c
3ee0dd99-9a5d-a6cb-559b-74878ee98699;CUST_15766;PROD_1003;2;1011.59;2023.18;2023-06-18;debit_card;Souza;RS;delivered;parceiro_c
51baddc7-7d67-15b8-6e40-3e409fa938ee;CUST_05140;PROD_4807;19;4338.97;82440.43;2023-06-01;credit_card;Cardoso;PE;delivered;parceiro_b
1829cbfe-2ddd-7dfa-9ae2-875c6e06105a;CUST_18192;PROD_1415;5;1778.29;8891.45;2023-06-25;pix;Cassiano da Mata;BA;delivered;parceiro_b
60ee681a-f0ae-2e61-3c9a-bd403b1bbf4d;CUST_06563;PROD_1513;16;4019.02;64304.32;2023-06-22;boleto;Rezende;BA;shipped;parceiro_a
474aa096-c21a-c3fe-a41f-73d0e50acb35;CUST_44888;PROD_2326;14;2671.46;37400.44;2023-06-25;boleto;Silva do Sul;BA;delivered;parceiro_b
dd3aaabf-142e-dd0b-13f5-9f911a7c9f64;CUST_32343;PROD_4491;15;658.12;9871.8;2023-06-12;pix;Brito de Araújo;CE;shipped;parceiro_b
860057bf-f097-4cf0-e215-3f1979635aed;CUST_42017;PROD_0274;9;2715.05;24435.45;2023-06-27;pix;Casa Grande da Prata;RJ;shipped;parceiro_a
97341fd5-29fe-fcc8-8ac4-dbf035c3a066;CUST_33893;PROD_1345;13;1550.84;20160.92;2023-06-06;pix;Aragão;MG;cancelled;parceiro_a
2c975950-051f-8714-6ed0-67d0c04c7f1e;CUST_49212;PROD_1475;4;1098.56;4394.24;2023-06-07;credit_card;Carvalho;RS;delivered;parceiro_a
97478fad-66e1-6e60-9f6a-96c53c9e538c;CUST_28641;PROD_4700;6;3017.02;18102.12;2023-06-26;debit_card;Câmara de Câmara;BA;delivered;parceiro_c
10b7f9ab-e65e-7c95-7534-87f8be1a625d;CUST_28981;PROD_3343;16;465.58;7449.28;2023-06-07;credit_card;Pereira de Caldeira;MG;cancelled;parceiro_b
c28bb1f4-1695-fd76-0716-254e8be0eb7b;CUST_30880;PROD_3219;1;1398.15;1398.15;2023-06-22;credit_card;Almeida de da Costa;SP;delivered;parceiro_a
e2cb9785-e526-4632-5d55-17a75f6dce7f;CUST_01716;PROD_1177;1;1002.19;1002.19;2023-06-01;boleto;Freitas de Souza;MG;delivered;parceiro_a
fe5fa1fd-4548-188d-9e7f-d060df0f56f4;CUST_37593;PROD_1095;8;153.37;1226.96;2023-06-04;pix;Monteiro de Pereira;MG;delivered;parceiro_b
0566b067-b3a5-8ec6-a3d9-44a75c2040cf;CUST_15958;PROD_1359;7;1417.06;9919.42;2023-06-06;debit_card;Macedo Grande;SP;delivered;parceiro_b
9c395d9d-6f78-71bd-b2e0-0741f02b1749;CUST_02905;PROD_3205;10;2475.21;24752.1;2023-06-24;credit_card;Albuquerque do Galho;SP;cancelled;parceiro_c
75f8382f-132f-ba13-d096-fd1a703446e7;CUST_40251;PROD_3901;9;4301.93;38717.37;2023-06-23;debit_card;Câmara Alegre;ES;delivered;parceiro_a
fc5878ec-3405-1df7-169c-898c49737ed2;CUST_43499;PROD_2021;19;1673.91;31804.29;2023-06-11;debit_card;da Costa;MG;delivered;parceiro_b
e8eda455-9c2b-8626-113e-8344b5bec390;CUST_16157;PROD_4752;10;1416.3;14163.0;2023-06-10;pix;Montenegro de Goiás;SP;pending;parceiro_b
780283b6-385d-9fbd-1dc6-9f50c56f368b;CUST_37776;PROD_1401;16;1101.01;17616.16;2023-06-30;debit_card;Abreu;CE;cancelled;parceiro_a
17a6b9be-2d82-9bab-3c41-08f976374585;CUST_48188;PROD_1016;13;4353.14;56590.82;2023-06-01;debit_card;Vieira da Mata;RJ;delivered;parceiro_a
fe3f5141-5606-17d8-9fe9-37500cc1dd35;CUST_28883;PROD_1453;7;2229.54;15606.78;2023-06-30;debit_card;da Rosa das Flores;RS;cancelled;parceiro_b
7b2b5eb1-3c01-5725-f35e-6b24fea8dca1;CUST_27194;PROD_3280;10;305.8;3058.0;2023-06-21;boleto;da Cruz;BA;shipped;parceiro_a
805c76a8-4323-8132-3249-9f32ba2fc765;CUST_44714;PROD_3984;12;2551.14;30613.68;2023-06-14;credit_card;Peixoto;SC;delivered;parceiro_a
6d556e43-e9d7-6b99-4e57-5ed4d62183cd;CUST_27915;PROD_1052;6;799.33;4795.98;2023-06-28;credit_card;da Cruz de Porto;RJ;delivered;parceiro_b
194416f4-b8d0-f10a-a366-ff52f23d17c7;CUST_45439;PROD_1536;4;220.52;882.08;2023-06-14;boleto;Caldeira de Cardoso;RJ;delivered;parceiro_c
5a1df9e1-f75c-1237-2e01-66b3ef6aec47;CUST_43269;PROD_3985;20;3394.71;67894.2;2023-06-10;credit_card;Abreu Paulista;DF;delivered;parceiro_b
03214ea0-d5af-0271-3f2a-4e2d76504820;CUST_39773;PROD_2193;20;301.03;6020.6;2023-06-30;boleto;Guerra;CE;cancelled;parceiro_c
f422193a-ac18-6c54-13b7-367686d2bc71;CUST_37240;PROD_2028;17;4682.31;79599.27;2023-06-15;credit_card;Gomes;RO;cancelled;parceiro_c
339c7aa8-6848-7583-851b-ab68579b4f5e;CUST_01064;PROD_0633;16;2260.6;36169.6;2023-06-20;pix;Alves do Oeste;RJ;shipped;parceiro_b
80e91507-4b05-fb1a-8aab-1d58c39893f6;CUST_23971;PROD_0665;11;3497.36;38470.96;2023-06-29;credit_card;Fernandes;RS;delivered;parceiro_a
7b947606-f2f4-b889-121d-ad760d4a477a;CUST_16601;PROD_2552;17;1383.73;23523.41;2023-06-08;credit_card;Souza;MS;delivered;parceiro_a
a5ad0fc9-2158-a39e-56b1-5c3ce6e59503;CUST_02424;PROD_1361;12;3313.42;39761.04;2023-06-09;pix;da Mata;CE;cancelled;parceiro_c
7edb65f9-60d4-5c59-9472-fd7055a13cf4;CUST_30018;PROD_0844;15;2072.46;31086.9;2023-06-17;debit_card;Costa do Galho;SP;shipped;parceiro_b
b9f74285-f64c-7daa-66da-d3d94a3bba1e;CUST_05461;PROD_3881;16;1683.25;26932.0;2023-06-14;pix;Cassiano;PR;delivered;parceiro_a
acc2f7c3-2963-4341-f74c-99cf0b02806b;CUST_33660;PROD_1406;4;2744.98;10979.92;2023-06-14;credit_card;Oliveira;SP;delivered;parceiro_c
879ee7b4-6cff-2afb-05e6-0ad18548cbe2;CUST_14558;PROD_3656;6;4099.1;24594.6;2023-06-18;credit_card;Fernandes;MG;delivered;parceiro_b
4af3be00-5cc8-1227-0bc8-d00c369193ee;CUST_37477;PROD_0999;14;4250.86;59512.04;2023-06-28;boleto;Araújo do Sul;SP;delivered;parceiro_c
026a8850-2700-6312-2010-4f2653696508;CUST_40364;PROD_2154;4;1528.36;6113.44;2023-06-01;pix;Souza de Rios;AM;delivered;parceiro_b
e9bb6a57-da31-ed58-c02a-c5c9a8e2c350;CUST_16197;PROD_4205;2;1743.09;3486.18;2023-06-04;pix;Moreira;DF;pending;parceiro_b
b2941769-31ad-b120-d4a8-626b69f16ae6;CUST_15305;PROD_1758;2;2807.35;5614.7;2023-06-07;boleto;Moraes de da Cunha;SC;delivered;parceiro_a
405f7015-5783-fde1-1b3d-696543063249;CUST_14292;PROD_1729;6;1840.74;11044.44;2023-06-26;boleto;Lopes;SP;delivered;parceiro_a
c9f9161a-8ae6-8121-eaba-5ca4a2c1a231;CUST_26745;PROD_3501;7;4104.0;28728.0;2023-06-03;pix;da Paz Verde;PA;cancelled;parceiro_b
906573bf-94a4-7df1-15fb-f57e03c7c5a4;CUST_05377;PROD_3094;13;4369.26;56800.38;2023-06-05;debit_card;Almeida;MA;delivered;parceiro_b
9499c15c-cce9-a4ab-7035-5978bf48eb03;CUST_02408;PROD_4307;3;3012.01;9036.03;2023-06-24;pix;da Cruz de Fonseca;PI;delivered;parceiro_b
855d3c4f-02cf-e923-eba0-27421ddfe80f;CUST_11075;PROD_4598;11;242.37;2666.07;2023-06-27;pix;Rios;RS;delivered;parceiro_c
35aac452-164c-7985-4445-3c2190631621;CUST_07957;PROD_3185;18;4608.16;82946.88;2023-06-29;credit_card;Melo de Cardoso;PR;delivered;parceiro_c
1b55eda8-0d23-de14-29e2-c6bf0f8aa48b;CUST_17642;PROD_0036;7;975.68;6829.76;2023-06-24;pix;Porto;SC;cancelled;parceiro_b
ebb1beea-5cb8-0477-01ae-c271fd3dddb1;CUST_32550;PROD_1265;8;4727.68;37821.44;2023-06-11;credit_card;Monteiro de Duarte;PB;delivered;parceiro_c
012428df-d635-d133-7472-93e4b2e52fa6;CUST_16517;PROD_1017;4;757.91;3031.64;2023-06-23;pix;Cirino;RJ;delivered;parceiro_b
8b515f44-16ea-4bd0-e57d-d918d55e9cae;CUST_13436;PROD_3475;10;12.78;127.8;2023-06-03;credit_card;Almeida;MG;delivered;parceiro_a
c796ef96-2552-c68b-8c5d-b2410e027813;CUST_46987;PROD_0958;18;1198.83;21578.94;2023-06-06;debit_card;Leão da Prata;PR;pending;parceiro_c
bc6221c7-f1c2-9662-49d7-dccc246caca8;CUST_47278;PROD_1575;16;974.95;15599.2;2023-06-21;boleto;Fonseca;RS;delivered;parceiro_c
7d6b677b-d0a8-84e0-4394-71a90f414f5a;CUST_48128;PROD_4628;4;15.1;60.4;2023-06-10;pix;Silveira do Amparo;GO;pending;parceiro_b
5fd1355c-32e2-b620-5195-441d4eaafc40;CUST_14260;PROD_4502;18;1330.98;23957.64;2023-06-08;credit_card;da Conceição de Minas;SP;shipped;parceiro_c
c58d5359-4882-3e37-a1e9-461a5c443470;CUST_40869;PROD_3473;12;2221.82;26661.84;2023-06-16;credit_card;Caldeira de Barbosa;RS;shipped;parceiro_b
5d833700-6d2f-e038-7f62-ad0775240d10;CUST_24953;PROD_0096;14;683.59;9570.26;2023-06-28;credit_card;Moura;BA;cancelled;parceiro_c
bc743042-3bb3-f7a3-bc7a-f202069a1f6d;CUST_37807;PROD_4479;13;2478.03;32214.39;2023-06-27;credit_card;Caldeira;GO;delivered;parceiro_c
59f5a06f-4635-d3de-4eb4-8f895cebaf8c;CUST_18071;PROD_1095;4;250.76;1003.04;2023-06-01;credit_card;Sampaio;SP;delivered;parceiro_b
c03f6972-fa12-21c7-23dd-51ed0db9fcce;CUST_04006;PROD_4937;19;24.91;473.29;2023-06-24;pix;Mendes;MG;delivered;parceiro_a
3036b27a-617a-98c0-9763-08b5d75b319a;CUST_32925;PROD_1398;20;4275.69;85513.8;2023-06-15;credit_card;Castro;MG;cancelled;parceiro_c
ba1065cd-d849-13cf-5735-e5212163db3c;CUST_45746;PROD_0763;5;2959.53;14797.65;2023-06-07;debit_card;Santos;SP;delivered;parceiro_b
dc79e258-6768-a3f1-1421-e018c0fc42e9;CUST_17462;PROD_3745;12;604.33;7251.96;2023-06-02;credit_card;Garcia do Sul;TO;delivered;parceiro_c
be33e6a0-28ee-fb86-0778-835065c92e09;CUST_07269;PROD_4623;18;3989.45;71810.1;2023-06-17;debit_card;Câmara;MG;shipped;parceiro_b
a8cf3503-d2c8-75ae-2322-65be92fb5d18;CUST_34611;PROD_1381;8;4913.95;39311.6;2023-06-29;pix;da Cunha da Serra;SP;delivered;parceiro_c
c50e7bac-6b28-dffd-7c0c-c7db6b84d46e;CUST_00386;PROD_4152;13;3773.77;49059.01;2023-06-13;pix;Sales do Oeste;SE;delivered;parceiro_a
cff09703-b114-d963-dbe8-b30da1d625d1;CUST_23342;PROD_3643;16;4868.45;77895.2;2023-06-27;pix;Mendes da Serra;SP;delivered;parceiro_c
71a417d0-e8dd-0ede-ce26-25b48e29dd69;CUST_47410;PROD_1700;8;1663.16;13305.28;2023-06-23;debit_card;Moraes Grande;PR;delivered;parceiro_a
fd60fb42-ae71-a6ec-38c4-ba4a185fec2a;CUST_29508;PROD_4103;15;1631.34;24470.1;2023-06-13;pix;Rezende de Cavalcante;RS;delivered;parceiro_c
0df29f04-cf1f-2934-bea1-2f797023d69c;CUST_07098;PROD_4993;15;3876.39;58145.85;2023-06-19;pix;Dias;SP;delivered;parceiro_b
c5407e40-a351-3807-bd7d-84c79cfb43bd;CUST_49927;PROD_4417;5;3572.83;17864.15;2023-06-22;debit_card;Cavalcante;ES;delivered;parceiro_c
7fcb00c8-be1f-e0ad-f078-ca523e379e41;CUST_11673;PROD_3259;16;280.24;4483.84;2023-06-10;pix;Santos de Minas;SP;delivered;parceiro_b
bc212b5f-2869-5034-f07e-17d0dede0311;CUST_34506;PROD_4537;10;2256.41;22564.1;2023-06-15;boleto;Ferreira de Pacheco;AM;delivered;parceiro_a
64237733-2c01-dea5-1866-0bb2766f794d;CUST_41240;PROD_3849;18;1726.11;31069.98;2023-06-14;debit_card;Nogueira;MG;delivered;parceiro_a
31c0988e-d8f5-7c2c-0c64-564d704ca6e6;CUST_01821;PROD_2540;3;2287.83;6863.49;2023-06-21;pix;Nogueira do Oeste;RJ;delivered;parceiro_b
4fc7f3cf-ebad-9b9d-1f75-03137fa5dedf;CUST_36560;PROD_2502;15;1071.6;16074.0;2023-06-21;debit_card;Farias;RJ;delivered;parceiro_b
6f027c95-82e0-12cd-3832-cecad9efa8de;CUST_08294;PROD_4530;11;841.98;9261.78;2023-06-22;credit_card;Nascimento;MG;shipped;parceiro_a
2c596ee3-cabf-2cad-6e46-a47f47faa18c;CUST_35648;PROD_1524;1;461.9;461.9;2023-06-03;credit_card;Borges Alegre;SP;delivered;parceiro_b
eb67d720-bb41-a0d6-b2d1-ec93dfd61e84;CUST_05296;PROD_4674;8;1855.04;14840.32;2023-06-25;credit_card;Sá;MG;delivered;parceiro_c
94c950f1-d466-343d-895b-5fa06af2b66e;CUST_48882;PROD_0396;3;4218.7;12656.1;2023-06-24;pix;Almeida;RJ;cancelled;parceiro_c
7ab90bc4-9ca4-5a9d-27cc-d0effa03d8e1;CUST_28137;PROD_1447;6;3703.13;22218.78;2023-06-02;boleto;da Paz;MG;delivered;parceiro_a
0ef6e648-e0d6-5a2b-d3d2-593009610c7d;CUST_31745;PROD_0107;12;3169.06;38028.72;2023-06-26;boleto;Cassiano;MG;delivered;parceiro_b
42130b86-664c-4ba1-4cdc-4f7a2d4777fd;CUST_44227;PROD_2121;9;1964.82;17683.38;2023-06-19;pix;Cirino;PR;delivered;parceiro_c
8631552e-72aa-be08-defd-3300c0dcb099;CUST_29640;PROD_4430;2;703.24;1406.48;2023-06-28;credit_card;Barbosa;SP;pending;parceiro_a
41e72b9c-83ff-0215-7c92-d51284c6ae65;CUST_23065;PROD_3210;2;2046.65;4093.3;2023-06-03;pix;Teixeira Alegre;GO;cancelled;parceiro_a
7e1d9407-0522-4b45-ccae-a5b707d68308;CUST_32713;PROD_3935;15;769.97;11549.55;2023-06-28;debit_card;Machado;MG;delivered;parceiro_a
d47a3b56-0704-29e0-55aa-4bee5e230fe4;CUST_05045;PROD_2807;13;2679.27;34830.51;2023-06-15;credit_card;Correia;PB;pending;parceiro_a
ebf59055-f735-0437-b42b-12aa4a444380;CUST_15529;PROD_1886;1;3764.35;3764.35;2023-06-05;debit_card;Azevedo;SP;delivered;parceiro_b
267842b5-d3f0-1ec5-5bf2-bf683064194a;CUST_13917;PROD_4386;5;3766.99;18834.95;2023-06-15;boleto;Gonçalves dos Dourados;MG;delivered;parceiro_b
dd66347c-1912-d247-4d79-22734e543aef;CUST_05516;PROD_4761;3;2136.13;6408.39;2023-06-20;credit_card;da Rosa;BA;delivered;parceiro_b
0bec8c35-a349-8daf-17af-ffe8335f0cda;CUST_12493;PROD_2581;13;2056.37;26732.81;2023-06-09;pix;Fogaça de Marques;BA;shipped;parceiro_c
360eb717-0dee-4aa1-f283-da1574b38f3e;CUST_18062;PROD_0772;4;141.5;566.0;2023-06-29;debit_card;Pires das Pedras;PR;delivered;parceiro_c
a4da29d1-015c-b9c1-66c8-51151143309f;CUST_29945;PROD_1066;16;4109.63;65754.08;2023-06-18;credit_card;Gonçalves;ES;delivered;parceiro_b
e7fd3d53-ddad-e840-43ee-fffd288b80b9;CUST_40040;PROD_1302;9;555.29;4997.61;2023-06-15;boleto;Carvalho do Norte;SP;delivered;parceiro_b
24edfb7f-0e8d-ea5c-9e22-f0f92e0b93f4;CUST_44917;PROD_4749;18;3656.33;65813.94;2023-06-29;pix;Albuquerque;GO;delivered;parceiro_a
6cd4b5d0-e057-9119-29bd-a5613f2e2cb2;CUST_28057;PROD_1706;3;3994.85;11984.55;2023-06-09;debit_card;Borges;ES;delivered;parceiro_b
20cc21d1-6ae5-167b-db86-b9debaaad907;CUST_34964;PROD_3609;3;1394.08;4182.24;2023-06-16;pix;Macedo;SP;delivered;parceiro_a
1f4e9998-a9f6-406f-f1c1-9c73630eb1a2;CUST_00495;PROD_4994;16;3380.96;54095.36;2023-06-11;credit_card;Sales;MG;shipped;parceiro_b
9e259fbd-625d-5256-3c93-4d43329cc4b3;CUST_14285;PROD_2075;8;2031.92;16255.36;2023-06-05;credit_card;Moraes;SP;cancelled;parceiro_c
7bbcec3d-4589-ad1d-17e5-9f871980b60f;CUST_41780;PROD_1202;9;2742.3;24680.7;2023-06-23;credit_card;Borges da Serra;SP;delivered;parceiro_c
fb10c034-8846-b91d-13a8-c75eae9ed86f;CUST_10878;PROD_0598;11;3428.22;37710.42;2023-06-14;pix;Caldeira;RS;delivered;parceiro_b
26be6ed1-0988-fbe9-0d13-2b75359deb69;CUST_26781;PROD_0854;16;4532.13;72514.08;2023-06-14;debit_card;Pacheco;AM;shipped;parceiro_b
52240e34-ec7e-92c5-1fb7-31c1d6667558;CUST_12871;PROD_0745;4;3767.13;15068.52;2023-06-27;boleto;Aparecida da Prata;PR;delivered;parceiro_a
a3c00341-4816-17dd-d3a0-c2a461037675;CUST_39208;PROD_0576;1;264.64;264.64;2023-06-28;credit_card;Silveira;CE;delivered;parceiro_a
c464c8c3-6b72-b4a6-14ce-7969e34937b8;CUST_42887;PROD_3524;14;1172.94;16421.16;2023-06-22;debit_card;Oliveira da Praia;RS;delivered;parceiro_b
1ae3fc91-4f49-9c73-1fe8-286bffd54db5;CUST_13950;PROD_2006;16;2879.84;46077.44;2023-06-30;debit_card;Martins de Brito;BA;delivered;parceiro_b
afd680aa-69fd-93d1-b1cd-7ed171bce042;CUST_26736;PROD_3420;16;4851.46;77623.36;2023-06-29;credit_card;Santos;PE;shipped;parceiro_c
2c792b69-9bfc-b985-ebe3-feb9f7e51006;CUST_22475;PROD_1701;7;280.85;1965.95;2023-06-24;credit_card;Dias;BA;delivered;parceiro_b
da915be8-9d8a-44a1-d84e-9d029ad71010;CUST_41984;PROD_3085;2;3375.44;6750.88;2023-06-14;boleto;Abreu;SE;delivered;parceiro_a
35acc99d-fe4d-3587-1894-7d77f447042f;CUST_16564;PROD_0401;4;3013.1;12052.4;2023-06-04;pix;Barbosa dos Dourados;SP;delivered;parceiro_b
6a076f7c-dfe3-c1cf-d101-dd70cbf0f3bc;CUST_46626;PROD_0795;15;3720.17;55802.55;2023-06-16;pix;Pimenta;SE;cancelled;parceiro_c
bff2021a-3c8f-6e1b-dba3-7b8f16b67660;CUST_04063;PROD_0866;10;1734.99;17349.9;2023-06-17;pix;Cassiano;BA;shipped;parceiro_a
471f6779-0f08-c6a0-8e0b-a46d35aeac44;CUST_24515;PROD_1917;4;3417.97;13671.88;2023-06-07;boleto;Jesus;RJ;delivered;parceiro_a
719e3744-7417-c695-1b60-c55ed7fbec68;CUST_34491;PROD_2449;14;475.41;6655.74;2023-06-28;credit_card;Pinto;SP;delivered;parceiro_a
8e3ae221-756a-0b2d-ccf8-d6c66b9d8837;CUST_46870;PROD_3692;13;327.45;4256.85;2023-06-04;pix;Correia;SC;shipped;parceiro_c
ff2d5eb4-30f1-8dc0-f0d2-77c45ac978ff;CUST_13777;PROD_3337;5;4095.23;20476.15;2023-06-29;credit_card;da Rocha do Norte;PE;delivered;parceiro_b
298dc652-3a8b-6bf7-14d2-1e05893f57b3;CUST_03799;PROD_2269;1;602.55;602.55;2023-06-28;pix;Nunes da Praia;SP;delivered;parceiro_a
2ac48d7a-eac1-aaab-8512-1d9ed1d5ab6d;CUST_49779;PROD_3993;3;3352.45;10057.35;2023-06-27;credit_card;Marques da Serra;MG;cancelled;parceiro_b
c7d60fd7-4920-7fbb-f7b3-b223ea13e4ea;CUST_26430;PROD_2404;16;586.66;9386.56;2023-06-15;debit_card;da Mata;BA;delivered;parceiro_b
b5a240c5-cf7f-a0b3-3fdc-d1bd5d8f5d55;CUST_41074;PROD_3451;20;1486.57;29731.4;2023-06-10;pix;Alves;MG;delivered;parceiro_c
ced65ae9-d806-2beb-1399-751232b489ab;CUST_41372;PROD_4861;18;1455.08;26191.44;2023-06-30;pix;Nunes da Prata;SP;shipped;parceiro_b
5c02b9a5-2987-dece-1301-3eea2b6d3e02;CUST_42552;PROD_1174;19;3222.28;61223.32;2023-06-04;boleto;Fogaça da Mata;SP;cancelled;parceiro_b
83a1ddda-bc94-66b4-bae0-2f94f9c312db;CUST_49981;PROD_2574;11;1321.1;14532.1;2023-06-13;credit_card;Souza das Flores;BA;delivered;parceiro_a
d66051f6-de2c-0571-5855-23fbe16f9569;CUST_43692;PROD_0367;6;2302.83;13816.98;2023-06-15;credit_card;Nascimento;SC;delivered;parceiro_b
96589da4-1d73-87f3-c8f3-b0befda9e672;CUST_02861;PROD_4755;12;3669.96;44039.52;2023-06-10;boleto;Fogaça Alegre;SP;delivered;parceiro_c
e563459e-46cc-2b7b-dca8-97a55757c6ad;CUST_33336;PROD_1031;12;4072.26;48867.12;2023-06-15;pix;Brito de Cassiano;DF;delivered;parceiro_a
bb9d007e-e0af-809a-8af4-232a388f228b;CUST_34743;PROD_0291;18;4149.9;74698.2;2023-06-19;credit_card;Câmara;PR;delivered;parceiro_b
d4cebf84-aeb7-76fc-8c5f-9f5e1917f274;CUST_15999;PROD_0152;18;719.51;12951.18;2023-06-25;boleto;Monteiro Verde;RJ;shipped;parceiro_a
b724439c-311e-0816-91a7-b722bcab0120;CUST_36248;PROD_3346;19;805.88;15311.72;2023-06-17;pix;Pacheco;PA;delivered;parceiro_b
bc15d71a-028b-3864-cd7e-162da46b80fa;CUST_46389;PROD_0081;1;2124.69;2124.69;2023-06-06;pix;da Mota;MG;delivered;parceiro_a
04ead4cf-28e0-957d-dd35-adc19da2ac4d;CUST_40845;PROD_2512;7;1799.65;12597.55;2023-06-10;debit_card;Cavalcanti de da Mota;GO;shipped;parceiro_a
73004c94-bcb1-b060-e482-6ce450404e62;CUST_11987;PROD_0943;15;115.41;1731.15;2023-06-14;credit_card;da Costa de Garcia;RS;delivered;parceiro_c
b5676db7-35ea-2b20-6d50-8ed30ad63ea7;CUST_40310;PROD_3133;13;1530.92;19901.96;2023-06-19;credit_card;Correia Paulista;SP;delivered;parceiro_c
c8bc28fc-2d45-1fe6-cdb7-2457df69a655;CUST_36945;PROD_1478;13;2884.17;37494.21;2023-06-19;pix;Dias;RJ;delivered;parceiro_c
8cee912d-224d-3522-8602-db2b57bcc93e;CUST_07185;PROD_0716;1;4471.04;4471.04;2023-06-03;credit_card;da Mota;SP;delivered;parceiro_b
a530fee9-3bc4-93fa-90a2-449a1f0cb47e;CUST_33070;PROD_4697;16;509.23;8147.68;2023-06-20;debit_card;Campos;MG;pending;parceiro_c
3393780b-9176-b281-b7a4-092a3c43afea;CUST_23517;PROD_1366;8;2381.11;19048.88;2023-06-25;pix;Mendes da Prata;SP;delivered;parceiro_c
dde62512-eb85-5d2b-1f3b-1b3857df8ab5;CUST_38651;PROD_4595;11;897.96;9877.56;2023-06-28;pix;Almeida;SP;delivered;parceiro_c
f80c2374-009c-6e74-ec29-e57fc7e90159;CUST_28588;PROD_2970;14;3449.91;48298.74;2023-06-23;debit_card;Guerra;PB;delivered;parceiro_c
a8e0b586-3e19-e675-1700-23c871eaf074;CUST_07600;PROD_4326;1;1913.0;1913.0;2023-06-03;debit_card;Moreira Verde;RJ;delivered;parceiro_c
c786384b-025d-32ae-e86e-f200dbd463d7;CUST_24654;PROD_4667;20;1619.56;32391.2;2023-06-24;boleto;Ferreira de Goiás;AL;delivered;parceiro_c
72e07060-f2c5-2479-72ef-97bc1e08b45a;CUST_20698;PROD_2375;20;496.28;9925.6;2023-06-28;pix;Aragão de Nascimento;PR;delivered;parceiro_c
ca6b94a2-2994-a29b-b33b-f75586e65ed0;CUST_10168;PROD_4123;10;619.48;6194.8;2023-06-27;credit_card;Araújo;CE;delivered;parceiro_b
da853173-075b-c1ea-c41b-a75ce47955a1;CUST_30247;PROD_2180;17;2511.56;42696.52;2023-06-22;debit_card;da Cunha;PB;delivered;parceiro_c
51b4d16c-3d5c-8f49-d3b4-ce10c0c2a9d1;CUST_44130;PROD_1233;10;1172.29;11722.9;2023-06-27;credit_card;Fonseca de Minas;RJ;delivered;parceiro_a
f3404660-8475-7416-fa21-f8a853a6900c;CUST_10935;PROD_3498;3;1522.1;4566.3;2023-06-26;credit_card;Pires da Prata;SC;cancelled;parceiro_a
71bd0aef-2f3a-a309-0577-0c9f140e2dfd;CUST_12974;PROD_0079;20;1155.1;23102.0;2023-06-09;credit_card;Gomes;PI;delivered;parceiro_b
aa922ab9-4a9a-651e-046d-6dfedc6849b5;CUST_09342;PROD_4388;15;4545.3;68179.5;2023-06-30;credit_card;Freitas;BA;shipped;parceiro_a
df0b4f1c-d868-0910-524a-5270b1fcba57;CUST_05644;PROD_3222;15;1394.73;20920.95;2023-06-19;credit_card;Lima;RJ;delivered;parceiro_b
8bd7896d-15f4-3208-5183-b9bc720e04c3;CUST_07475;PROD_4210;19;3131.97;59507.43;2023-06-19;pix;Farias da Prata;BA;pending;parceiro_c
4d9c44de-4d50-4f41-3fea-c45d04971b76;CUST_42140;PROD_4928;9;1544.04;13896.36;2023-06-23;credit_card;Pastor de Souza;PE;shipped;parceiro_a
9346edb9-ac69-b371-eb25-baead70e5a31;CUST_01989;PROD_0701;20;657.21;13144.2;2023-06-17;credit_card;Rodrigues;PR;delivered;parceiro_b
3d2a2d58-4c6d-2d45-4aed-e7d92596aab6;CUST_49531;PROD_1711;10;2221.89;22218.9;2023-06-18;pix;da Mota;SP;delivered;parceiro_c
74d6aabe-5b4d-8bed-f129-018c0d17f0f0;CUST_47607;PROD_1385;13;30.44;395.72;2023-06-11;debit_card;Melo do Norte;SP;delivered;parceiro_a
ac27c4af-7c0d-2456-ee35-2a4a66238943;CUST_24675;PROD_2459;7;2773.51;19414.57;2023-06-29;pix;Vasconcelos de Goiás;ES;cancelled;parceiro_b
f74717d3-9c81-a4b3-b1eb-8626fc99c589;CUST_26671;PROD_2638;16;3420.96;54735.36;2023-06-04;pix;Machado;SC;delivered;parceiro_a
cc835283-e582-3919-accb-5f354fef6c45;CUST_01752;PROD_4163;6;4268.34;25610.04;2023-06-18;boleto;Carvalho;RS;delivered;parceiro_a
16a1f550-41d4-2378-0731-38669b03015e;CUST_11656;PROD_4840;7;4825.36;33777.52;2023-06-12;credit_card;da Conceição;MG;delivered;parceiro_b
6abde6df-b023-a16b-54d0-8e2e543d66b2;CUST_17417;PROD_0503;13;3602.15;46827.95;2023-06-02;pix;Barros de Rocha;MG;delivered;parceiro_c
31aa7b19-f53b-f268-5bf6-2d7b5906b9be;CUST_05978;PROD_1278;12;4913.63;58963.56;2023-06-26;pix;Brito;BA;shipped;parceiro_a
859992c9-0b10-6dfe-afe4-9df0389b3ee3;CUST_17790;PROD_0869;14;3485.04;48790.56;2023-06-08;debit_card;Ferreira de Goiás;RJ;shipped;parceiro_c
903805f6-c029-ef76-c8ab-e53fca697444;CUST_18207;PROD_3427;6;588.06;3528.36;2023-06-09;credit_card;Leão;PR;delivered;parceiro_a
ef85d78d-632b-4d4c-6133-46d3cae8d37a;CUST_35553;PROD_2617;4;463.95;1855.8;2023-06-24;boleto;Pimenta da Praia;SP;delivered;parceiro_b
159361ea-08cd-f75b-1c7c-c0b403ab75ba;CUST_47275;PROD_1716;19;3261.24;61963.56;2023-06-23;pix;Cardoso de Pinto;PR;delivered;parceiro_a
04a87d18-c90c-e480-6e48-afb6ac2b77db;CUST_36724;PROD_2644;11;2034.77;22382.47;2023-06-04;credit_card;Santos da Mata;DF;delivered;parceiro_b
affc9a14-74d6-d2b8-7798-f673d3408c60;CUST_12344;PROD_3811;6;4630.58;27783.48;2023-06-18;credit_card;da Paz Grande;BA;delivered;parceiro_b
7e942e28-6eed-4740-36fd-3a13beb7899b;CUST_44931;PROD_3574;4;1763.1;7052.4;2023-06-25;credit_card;da Luz;SP;delivered;parceiro_a
d263564b-6b20-7d7b-29e2-5f4c61955ebd;CUST_22025;PROD_2300;1;2127.86;2127.86;2023-06-13;pix;Campos dos Dourados;SP;shipped;parceiro_c
7e7e2d22-e9ff-13b0-33ae-73f17b1f9c0a;CUST_36671;PROD_2933;15;213.5;3202.5;2023-06-08;pix;Azevedo de Minas;RJ;delivered;parceiro_a
d28d1f48-d411-537f-3f07-541d055c9555;CUST_32894;PROD_1226;3;3936.75;11810.25;2023-06-28;pix;Costela de Mendes;PE;delivered;parceiro_c
cf936655-ad27-adc0-adc2-ed35ed09e589;CUST_28139;PROD_1373;15;1448.71;21730.65;2023-06-21;credit_card;Castro de Freitas;ES;shipped;parceiro_b
2ee0065d-36a7-3baa-fe98-88feb9add893;CUST_34549;PROD_0650;10;4545.36;45453.6;2023-06-05;pix;Carvalho de Carvalho;SP;delivered;parceiro_a
9b9c0b19-0d82-3c6d-ed1e-a0e418fb19c2;CUST_11810;PROD_1185;18;3660.71;65892.78;2023-06-28;debit_card;Porto das Pedras;RJ;delivered;parceiro_c
28feae94-9d9b-d683-2fae-a32f0d897cf0;CUST_13093;PROD_1390;5;4094.25;20471.25;2023-06-13;debit_card;Câmara;BA;delivered;parceiro_b
d63de8c2-d5ec-c5e0-be38-fe01238c2a56;CUST_09125;PROD_4890;5;951.23;4756.15;2023-06-13;pix;Leão;SP;delivered;parceiro_a
c9ab8622-c4d4-b374-8888-4be5087f6ed7;CUST_21493;PROD_3246;7;4245.83;29720.81;2023-06-03;boleto;Cunha Grande;RJ;delivered;parceiro_a
a02def71-7193-85c3-a90b-9322442fcbce;CUST_01552;PROD_4577;4;685.6;2742.4;2023-06-20;boleto;Guerra de Minas;SP;delivered;parceiro_b
5aaa1b0e-f1e4-a19a-a482-1b37a58b068d;CUST_34251;PROD_2998;19;1084.11;20598.09;2023-06-09;debit_card;Pastor;RJ;pending;parceiro_a
ba91262c-be53-b6c2-6d83-d3d8f59236d5;CUST_00243;PROD_2581;17;1042.53;17723.01;2023-06-25;debit_card;Camargo;SP;delivered;parceiro_c
8e212d3c-1ba3-8310-3e18-3965110a18df;CUST_08277;PROD_3727;4;599.72;2398.88;2023-06-15;credit_card;Martins do Oeste;PE;delivered;parceiro_b
19d42759-fa77-9b39-5cc8-3c6727d5c569;CUST_33576;PROD_4861;4;4799.7;19198.8;2023-06-01;credit_card;Vasconcelos;SP;delivered;parceiro_b
474f557e-8c7e-0945-88b1-0b8cfec1150f;CUST_46468;PROD_0341;3;4531.13;13593.39;2023-06-11;debit_card;Teixeira;SC;delivered;parceiro_a
199e559c-891d-cc35-183f-8eaf08a9e8fc;CUST_32302;PROD_4542;3;4907.64;14722.92;2023-06-07;debit_card;Nunes de Borges;PA;delivered;parceiro_b
48e11de0-1399-0384-8102-cd11370e0f6c;CUST_16369;PROD_3483;14;2149.49;30092.86;2023-06-06;credit_card;Garcia de Teixeira;GO;delivered;parceiro_a
60c370b0-d8e0-89fd-3d0a-510979a9bdfd;CUST_04502;PROD_1857;9;1107.71;9969.39;2023-06-22;debit_card;Santos;MG;shipped;parceiro_a
7cd7b081-8302-f983-23b1-f886fd5eb20e;CUST_15496;PROD_4621;9;1294.7;11652.3;2023-06-14;credit_card;Gonçalves;MG;delivered;parceiro_a
a3025a53-6bec-cdbb-317b-596ae2a61e8a;CUST_49096;PROD_0588;18;4538.31;81689.58;2023-06-03;pix;Cirino;PE;delivered;parceiro_b
6009b3f0-044a-c750-7436-c45a478287b0;CUST_16596;PROD_4957;2;4020.65;8041.3;2023-06-11;credit_card;Casa Grande;RJ;shipped;parceiro_a
f48d14b0-3b89-9e7b-44fd-59631809aecc;CUST_15200;PROD_1921;8;2691.47;21531.76;2023-06-29;credit_card;Rios;RS;shipped;parceiro_b
bbafc139-e348-badf-ddbf-08ec76104589;CUST_46379;PROD_1872;3;4914.21;14742.63;2023-06-30;pix;Fonseca do Galho;RS;pending;parceiro_c
14823ff7-3c4d-c22e-0536-f641286b6ea9;CUST_15665;PROD_2502;15;3100.68;46510.2;2023-06-17;debit_card;da Rosa;MG;delivered;parceiro_c
c4f7d101-3b25-3806-2d58-d5e5be040e4d;CUST_05820;PROD_4026;1;2024.15;2024.15;2023-06-18;credit_card;Ferreira da Serra;PA;delivered;parceiro_b
4837d63f-3f82-32b0-617d-b8e34437b3e1;CUST_09220;PROD_0585;12;2346.36;28156.32;2023-06-06;credit_card;Cunha das Flores;SP;shipped;parceiro_a
a9861ce6-9763-5254-faa1-8acb544f0750;CUST_30221;PROD_3060;12;1116.28;13395.36;2023-06-09;boleto;Araújo;SP;delivered;parceiro_a
31979b19-5492-fbd3-9b32-8a98d4c6a0d4;CUST_33730;PROD_2524;16;4818.67;77098.72;2023-06-19;credit_card;Monteiro do Amparo;RS;delivered;parceiro_b
68fdc416-d3bd-03a4-9a97-0834f31633b7;CUST_06099;PROD_3263;10;4339.66;43396.6;2023-06-11;boleto;Peixoto;RJ;delivered;parceiro_a
c1ebec5e-a89b-683f-fda6-a6a61f0c98da;CUST_17220;PROD_0687;6;1332.61;7995.66;2023-06-28;pix;Pereira de Monteiro;SP;pending;parceiro_c
0cb1ae35-2816-d02c-ee0d-1b4ff8f5f1cf;CUST_22975;PROD_0611;14;1658.4;23217.6;2023-06-29;credit_card;Borges;SP;shipped;parceiro_c
7530a256-599f-3a59-e85d-454819e8f50f;CUST_15518;PROD_3167;3;2704.88;8114.64;2023-06-29;debit_card;Farias de Pacheco;PR;delivered;parceiro_b
7730bd65-7cbc-1e54-e3ab-1df78e22c73f;CUST_21114;PROD_0480;11;1309.61;14405.71;2023-06-22;debit_card;Sá;RJ;delivered;parceiro_b
5d43b103-631c-e3a4-998c-651f3a0aed2b;CUST_29927;PROD_2159;14;1723.4;24127.6;2023-06-25;pix;Silva;SP;delivered;parceiro_a
761efa9a-4752-9426-15a5-c1efe31cc577;CUST_09878;PROD_3312;5;3325.5;16627.5;2023-06-04;pix;Leão;CE;shipped;parceiro_b
b83cbd01-b7a2-a3c4-6e06-f437b81968fc;CUST_06584;PROD_0615;16;876.62;14025.92;2023-06-25;credit_card;das Neves;RS;cancelled;parceiro_c
46c23428-351a-4d41-2d17-8f415517471a;CUST_03177;PROD_3333;16;1804.13;28866.08;2023-06-27;debit_card;Martins da Praia;MG;delivered;parceiro_c
f7b91a2a-6d59-d09e-244f-412eb093feef;CUST_36062;PROD_4039;8;1404.97;11239.76;2023-06-11;debit_card;Moraes;PA;pending;parceiro_a
a5827e52-a34d-93fd-b88c-f693bc6744d7;CUST_05821;PROD_2780;7;2513.81;17596.67;2023-06-06;pix;Novais;SC;delivered;parceiro_c
5f7f5bf3-14db-676d-7af3-06274ad88552;CUST_08023;PROD_0862;2;4470.02;8940.04;2023-06-19;credit_card;Mendes;ES;delivered;parceiro_b
bcd0a236-7033-7d53-7b83-0e06ab8bb389;CUST_33791;PROD_0250;8;2854.14;22833.12;2023-06-03;credit_card;Andrade;SC;delivered;parceiro_b
29e9f1b4-1922-5981-a4b2-3bb1c6676396;CUST_45678;PROD_1105;19;1403.96;26675.24;2023-06-08;credit_card;Oliveira;MS;delivered;parceiro_b
7e43ef6b-8c05-d1c1-1043-4a459bdd0abb;CUST_18852;PROD_1826;13;151.37;1967.81;2023-06-11;debit_card;Moreira;BA;cancelled;parceiro_a
52a93b28-338a-e0b4-a3ce-46fdeea08a62;CUST_19214;PROD_0035;1;4829.11;4829.11;2023-06-11;pix;Almeida das Flores;MG;delivered;parceiro_c
cb279076-b5e0-3794-b76d-80a4ea8eb950;CUST_08049;PROD_2799;18;4561.51;82107.18;2023-06-18;credit_card;Mendes do Campo;RJ;shipped;parceiro_a
c92a9ce2-8d45-5ee6-e299-9c682f3540fd;CUST_37120;PROD_3428;19;4675.96;88843.24;2023-06-11;boleto;Teixeira das Flores;BA;shipped;parceiro_a
961ea013-066c-0bed-f18e-704196d8e6ef;CUST_02015;PROD_0444;17;724.99;12324.83;2023-06-01;credit_card;Carvalho;RN;delivered;parceiro_b
f52f5603-a875-11e0-76e7-ae6cd3a5a6e4;CUST_13782;PROD_2808;20;573.98;11479.6;2023-06-24;credit_card;Rocha da Serra;MG;delivered;parceiro_a
bf359b70-6e4e-84f8-c8aa-4f9e412445a7;CUST_15581;PROD_3542;9;1430.2;12871.8;2023-06-06;credit_card;Albuquerque;MG;delivered;parceiro_a
13cbad03-828a-421f-e866-f047914601db;CUST_14324;PROD_3424;17;2646.85;44996.45;2023-06-29;pix;Borges;SP;delivered;parceiro_b
2c34d343-c959-9275-b4b0-0fb06ace50c4;CUST_40977;PROD_2341;4;1475.4;5901.6;2023-06-23;boleto;Brito;RS;shipped;parceiro_b
88dad97f-47c4-c44d-d307-04f43264860f;CUST_49917;PROD_2414;1;2922.42;2922.42;2023-06-19;boleto;Moura;SP;pending;parceiro_b
307ee60a-9877-084c-a560-6ffcbf614c5e;CUST_45717;PROD_3789;12;2317.8;27813.6;2023-06-29;pix;Viana da Prata;RS;delivered;parceiro_b
852b5b7f-5409-dc90-00f1-d71eb5cce8e8;CUST_11167;PROD_1388;6;3618.94;21713.64;2023-06-12;debit_card;Pires;RS;shipped;parceiro_b
99383b5f-eede-6bc9-ec41-9f2b9d7dff48;CUST_11608;PROD_2374;10;1833.16;18331.6;2023-06-05;pix;Macedo dos Dourados;RJ;delivered;parceiro_a
243aa460-9793-d8eb-02a6-e78c2cc7bd7d;CUST_04578;PROD_4694;18;2661.43;47905.74;2023-06-13;debit_card;Duarte de Rodrigues;PE;delivered;parceiro_a
74de80ad-f29a-3b41-10c1-7e5cb8e58ecb;CUST_10050;PROD_3000;16;80.43;1286.88;2023-06-02;credit_card;Cassiano da Serra;SC;delivered;parceiro_a
3c74e9ac-89c6-d101-be2a-7ed91cbba3e3;CUST_39786;PROD_3832;13;2259.9;29378.7;2023-06-11;boleto;Pinto Paulista;SP;delivered;parceiro_a
4d17b7a9-fe30-2e7f-fb31-273a57ae5d76;CUST_32576;PROD_1401;17;1465.57;24914.69;2023-06-20;credit_card;Garcia;SP;delivered;parceiro_b
242b1ea7-830e-bf0c-daf3-865bb44ba7be;CUST_49787;PROD_3016;1;3572.04;3572.04;2023-06-30;boleto;Pires;RS;delivered;parceiro_c
563f4e3c-e94f-2109-2787-0c06d1df5e3b;CUST_07682;PROD_1346;7;1216.28;8513.96;2023-06-29;credit_card;Sales Verde;SP;shipped;parceiro_b
10e199e2-aaa0-f5f7-18da-e1cfee68d7b8;CUST_41001;PROD_3329;17;3889.63;66123.71;2023-06-28;pix;Rios de Goiás;SP;delivered;parceiro_b
831966c6-6fb7-7495-8f96-f3fef754ce26;CUST_05253;PROD_2326;7;2282.05;15974.35;2023-06-03;pix;Azevedo do Campo;SP;delivered;parceiro_c
8e6fc178-f6bd-6efa-d4c7-2adb4a4be5fc;CUST_28284;PROD_2147;2;3887.35;7774.7;2023-06-17;boleto;Barros;MG;shipped;parceiro_a
c406038b-ba27-474f-e283-6f95bfe94dee;CUST_23738;PROD_3986;7;3266.93;22868.51;2023-06-08;credit_card;Martins;MG;delivered;parceiro_a
00b587d2-38b3-a90a-06bb-0411eb9e1b05;CUST_27093;PROD_4098;3;3704.72;11114.16;2023-06-30;credit_card;Mendes da Praia;MG;delivered;parceiro_b
9f2cc2c6-1408-d127-c30a-454e052da50c;CUST_11675;PROD_3523;2;455.84;911.68;2023-06-26;credit_card;Novaes;SP;shipped;parceiro_a
ebb4ca90-d20b-8903-c18c-61de161e4ee5;CUST_05111;PROD_2916;17;3086.88;52476.96;2023-06-08;pix;Andrade;PR;delivered;parceiro_b
fb1b4f77-1607-32c0-51bf-50e8d1388a1b;CUST_16709;PROD_2163;14;4926.64;68972.96;2023-06-06;boleto;Silveira dos Dourados;GO;delivered;parceiro_b
9c13e074-ee16-ecc0-3653-e2cd831b36b6;CUST_38897;PROD_3126;2;4376.83;8753.66;2023-06-07;pix;Rezende de Minas;SC;delivered;parceiro_b
1989a010-dbd3-8089-da64-a1c4c9b1dc4c;CUST_03036;PROD_0885;13;1951.01;25363.13;2023-06-13;credit_card;Lopes;SP;delivered;parceiro_c
17b3af50-963a-8cbe-b036-2fecf10dc27c;CUST_38067;PROD_3676;16;3684.12;58945.92;2023-06-12;pix;Carvalho;RS;pending;parceiro_b
7df33a04-ebda-57bc-360c-30f4a9503308;CUST_48178;PROD_0965;4;4017.88;16071.52;2023-06-18;debit_card;Cardoso;RJ;shipped;parceiro_b
6f8373bf-25fe-4b74-96e5-2027d46a482c;CUST_02751;PROD_2501;19;3818.12;72544.28;2023-06-16;credit_card;Caldeira Verde;PE;delivered;parceiro_c
df666ac4-1410-3ad3-3eef-f97ea17b7a30;CUST_23467;PROD_2918;1;2515.56;2515.56;2023-06-13;pix;Fogaça de Silva;PI;delivered;parceiro_a
6f9aa75b-8bc2-3d37-7377-5d72f58e2dc5;CUST_20113;PROD_0225;5;4380.28;21901.4;2023-06-22;pix;Moraes de Machado;PR;delivered;parceiro_a
dc543342-96fe-643f-8f5d-0091f1cbb14b;CUST_01235;PROD_0569;18;3945.86;71025.48;2023-06-26;pix;da Cruz do Galho;PA;delivered;parceiro_b
18a2182e-2752-fcc8-57b2-e0b31b662260;CUST_49975;PROD_3537;7;2856.86;19998.02;2023-06-09;pix;Guerra;SC;delivered;parceiro_b
698f5d1e-d7bb-a464-ca9f-984c2da34604;CUST_04527;PROD_0501;18;700.01;12600.18;2023-06-22;pix;Cavalcanti de Abreu;MG;pending;parceiro_b
28e9ce56-5340-78bc-588e-8514d9fe7db2;CUST_26306;PROD_2308;19;1562.73;29691.87;2023-06-28;boleto;Ramos das Flores;PE;delivered;parceiro_c
11e3b2c7-8ca5-b472-645a-012e5e96b60d;CUST_17811;PROD_4480;7;1617.61;11323.27;2023-06-12;credit_card;Rios;SP;pending;parceiro_b
c8f4aa68-65ef-e9de-bfd3-18132ac79469;CUST_07988;PROD_1269;17;1073.59;18251.03;2023-06-22;pix;das Neves;MS;cancelled;parceiro_a
b727baae-5789-2af9-0d5a-83e9235c700f;CUST_28139;PROD_1207;19;3708.11;70454.09;2023-06-09;pix;Garcia do Campo;PR;delivered;parceiro_b
10a01474-e3b6-4f6a-73a3-eb32ed7e5fcc;CUST_25077;PROD_1509;4;3197.88;12791.52;2023-06-11;pix;da Rocha;PI;delivered;parceiro_b
22c4903a-abaf-2d82-3b58-a0ea0a58f0fe;CUST_00650;PROD_2238;12;1085.91;13030.92;2023-06-02;credit_card;Cardoso;SP;delivered;parceiro_a
76ffe232-665a-d016-f79a-2ab9fa613c5f;CUST_11390;PROD_3151;7;4013.84;28096.88;2023-06-29;pix;Macedo dos Dourados;ES;pending;parceiro_b
4778bade-7372-3770-414b-8480904de0df;CUST_31106;PROD_2611;15;4725.24;70878.6;2023-06-08;boleto;Sá;GO;delivered;parceiro_b
5d9b1ed3-9606-d68d-8701-951244768713;CUST_47678;PROD_3981;3;3488.62;10465.86;2023-06-18;pix;Costa de da Costa;SP;pending;parceiro_a
ed511131-6c72-0dfd-a63a-e8fc5aa17fed;CUST_47941;PROD_4456;12;4521.58;54258.96;2023-06-15;pix;Marques Grande;SP;delivered;parceiro_a
b04f99fb-ab17-9e71-a5a7-dc15e0d12d3e;CUST_44921;PROD_3125;9;4373.08;39357.72;2023-06-22;pix;Costa;SP;shipped;parceiro_b
366800cb-4122-7468-c39b-fc5e29780375;CUST_42862;PROD_2036;2;2438.83;4877.66;2023-06-21;credit_card;Alves do Sul;SP;shipped;parceiro_a
d7b35283-ef24-cfb2-b987-92a24eda4a23;CUST_22031;PROD_3491;5;1193.03;5965.15;2023-06-22;credit_card;Nascimento dos Dourados;MG;delivered;parceiro_b
1f612733-a5b1-2ebf-f876-3a4c10214ae7;CUST_38789;PROD_4319;3;736.14;2208.42;2023-06-29;debit_card;Gonçalves;DF;delivered;parceiro_b
90c2b3c5-7e91-ffe7-a1e3-f7c8ab011b0b;CUST_30511;PROD_4679;3;276.07;828.21;2023-06-06;pix;Camargo do Campo;SP;delivered;parceiro_c
2f4ea22f-18dc-6450-7e19-b93e6f2e86ff;CUST_36576;PROD_4252;8;3375.54;27004.32;2023-06-25;credit_card;Costa;GO;delivered;parceiro_c
e914a8cd-9c40-2c92-2633-38b2c5b9e854;CUST_16705;PROD_0733;7;3454.03;24178.21;2023-06-26;credit_card;Câmara Paulista;AM;pending;parceiro_b
e63ce24f-6cd7-fc6d-a7fa-15d54a5a9e11;CUST_16924;PROD_4866;17;1325.58;22534.86;2023-06-17;boleto;Montenegro do Campo;MG;cancelled;parceiro_c
fd175691-3ef6-2ffb-2bb7-7a1ed3649284;CUST_12585;PROD_4208;7;4153.52;29074.64;2023-06-22;credit_card;Souza do Oeste;SP;cancelled;parceiro_a
3107b137-9403-cbe9-95f6-3f1a54740932;CUST_38084;PROD_3629;10;4702.46;47024.6;2023-06-21;pix;Montenegro da Serra;PA;shipped;parceiro_b
c06425e5-27ab-36bd-6d96-599000ca3c6a;CUST_23805;PROD_4057;8;2911.02;23288.16;2023-06-22;pix;da Rocha;PI;shipped;parceiro_a
2a925eca-3dea-dbe7-f3d9-dfc39db5f2a2;CUST_09177;PROD_0824;20;3554.7;71094.0;2023-06-10;credit_card;Leão;ES;delivered;parceiro_c
dca202f7-58a5-9ec2-90f8-c0242c8453d8;CUST_03968;PROD_0377;17;1893.71;32193.07;2023-06-05;credit_card;Nogueira;DF;delivered;parceiro_b
84ad7fe6-d011-bcba-404a-ef9bb5315cc3;CUST_18570;PROD_3238;8;4612.13;36897.04;2023-06-18;debit_card;Camargo;BA;delivered;parceiro_a
74604889-672c-f012-2dfe-f582518e61e5;CUST_33165;PROD_1552;5;2445.95;12229.75;2023-06-04;boleto;Novais;GO;shipped;parceiro_c
9836538a-8df7-66d7-b4db-021c448373e8;CUST_16275;PROD_4097;5;67.95;339.75;2023-06-25;debit_card;Pacheco Grande;PR;cancelled;parceiro_a
3602247f-de56-f436-4b54-e35342aa9491;CUST_28224;PROD_3999;15;981.12;14716.8;2023-06-10;boleto;da Cunha de Novaes;PR;shipped;parceiro_a
49179910-1b71-39c4-6688-f84aea887f73;CUST_37155;PROD_3488;1;2441.31;2441.31;2023-06-24;credit_card;Lima Grande;CE;cancelled;parceiro_b
04ca255b-a455-eb24-846c-491c05a53e05;CUST_46826;PROD_3842;19;4030.81;76585.39;2023-06-15;credit_card;Castro;SP;delivered;parceiro_a
00144a7b-ef2d-0efa-1a7f-3ae8a775456f;CUST_46790;PROD_2961;13;1226.99;15950.87;2023-06-18;credit_card;Vieira do Campo;BA;delivered;parceiro_a
b261386d-4ceb-d123-ac2c-1ef74ab40860;CUST_41363;PROD_4567;16;2759.62;44153.92;2023-06-18;pix;das Neves;MG;delivered;parceiro_c
39c4c315-9750-be2c-0c02-86f68a184604;CUST_18918;PROD_0587;18;1937.48;34874.64;2023-06-25;credit_card;Mendes;RS;delivered;parceiro_a
b9bbd18d-7c0f-50bd-9dc4-b8c12c675bca;CUST_33948;PROD_0326;8;2967.4;23739.2;2023-06-07;pix;Araújo do Campo;PR;delivered;parceiro_c
a1e0a1de-123f-113f-df8c-9f21dc63312d;CUST_45570;PROD_0380;7;3958.71;27710.97;2023-06-13;debit_card;Cirino da Prata;PR;delivered;parceiro_a
906c2c1a-bd49-9f45-16b0-2120283df5c9;CUST_28498;PROD_2502;7;2621.41;18349.87;2023-06-15;pix;Borges dos Dourados;SP;shipped;parceiro_b
7102174a-71a5-7228-f3c4-37324c48ab51;CUST_39501;PROD_4009;16;1398.94;22383.04;2023-06-14;credit_card;Teixeira do Norte;SP;delivered;parceiro_a
02d7fb5b-f67e-e158-76be-d0d970e5b494;CUST_06576;PROD_0774;9;2958.16;26623.44;2023-06-24;debit_card;Melo;PB;delivered;parceiro_a
6d457158-67ad-02e9-98cf-7c70009298ac;CUST_30812;PROD_0894;2;976.81;1953.62;2023-06-14;debit_card;da Rosa de Vasconcelos;RJ;delivered;parceiro_a
ecc911f7-d30f-ffe1-3152-eeda03af14d9;CUST_28227;PROD_0614;13;3858.64;50162.32;2023-06-05;pix;Pereira;PE;delivered;parceiro_b
1e74e0ad-ad51-4093-95aa-931250a8d4e4;CUST_18873;PROD_3225;10;2927.21;29272.1;2023-06-03;pix;Dias;CE;shipped;parceiro_b
b957f86d-e899-6cdd-6ad0-223a4f01b294;CUST_01374;PROD_1867;4;82.66;330.64;2023-06-29;pix;Cirino;ES;delivered;parceiro_b
9fd5a235-5111-9778-4a5c-2d1230ee16c1;CUST_02846;PROD_4351;13;3613.43;46974.59;2023-06-01;credit_card;Camargo das Pedras;RS;shipped;parceiro_b
7a66d16e-e91f-3696-fba5-0a3b6a1d7f29;CUST_01990;PROD_2543;17;784.51;13336.67;2023-06-01;debit_card;Pastor da Prata;RR;pending;parceiro_a
a1f171fe-89cb-0bc8-edd7-b64b92ba506f;CUST_06793;PROD_0576;17;1430.98;24326.66;2023-06-28;credit_card;Montenegro;RS;delivered;parceiro_a
3b83c766-db3e-5439-8a37-81ec2e0642fa;CUST_29741;PROD_3144;8;969.84;7758.72;2023-06-06;boleto;Cardoso das Flores;MS;delivered;parceiro_a
7c2a907a-a5ba-e0ee-99c4-8b1f7bff0af2;CUST_47649;PROD_1047;3;4865.62;14596.86;2023-06-19;pix;Abreu;PA;shipped;parceiro_a
c8ea04db-fb83-5132-e0e5-2d98aedd8612;CUST_07846;PROD_0249;8;517.76;4142.08;2023-06-16;boleto;Silveira do Amparo;GO;delivered;parceiro_c
7812acd7-1cc8-108d-a77a-e683269731bf;CUST_37295;PROD_0652;14;1374.18;19238.52;2023-06-02;debit_card;Nascimento de Minas;RS;delivered;parceiro_a
68eee4c8-f4e9-0054-bfcd-ef7d3baebc69;CUST_47494;PROD_1976;15;3028.01;45420.15;2023-06-21;credit_card;Correia Paulista;MG;delivered;parceiro_a
986688db-a787-3c6f-74d2-d8e1526b0371;CUST_49224;PROD_3832;10;918.75;9187.5;2023-06-27;debit_card;Costa;SC;delivered;parceiro_c
9c3330ea-7b03-5e43-5bea-9d86ec7eedfb;CUST_42726;PROD_2126;10;471.1;4711.0;2023-06-21;boleto;Cavalcante do Galho;BA;cancelled;parceiro_c
3329259b-1253-68eb-2257-01cba2121626;CUST_41824;PROD_0460;11;3738.51;41123.61;2023-06-29;pix;Cassiano;RJ;cancelled;parceiro_c
c2771f66-4f2c-1ed4-421a-0a5eee8ce92a;CUST_36657;PROD_3060;6;3526.67;21160.02;2023-06-09;credit_card;Dias;PR;cancelled;parceiro_b
1f28e6a4-59c3-d393-fd0e-39af681c4396;CUST_19790;PROD_4036;3;1049.05;3147.15;2023-06-28;pix;Mendonça;SP;pending;parceiro_b
75d1063a-7066-118d-d13e-bb2ee81ac978;CUST_37661;PROD_4205;20;370.38;7407.6;2023-06-11;boleto;Pereira;RJ;shipped;parceiro_c
2f948e6b-8943-6eda-467c-b9c65b6a57f3;CUST_35281;PROD_3214;7;308.74;2161.18;2023-06-28;pix;Aparecida;SP;delivered;parceiro_c
14a5218d-d064-ab38-4169-c35e2a2e899a;CUST_09332;PROD_4204;18;3987.19;71769.42;2023-06-23;credit_card;Duarte de Goiás;GO;pending;parceiro_c
d4103d51-af89-9b42-e647-1d8271a89762;CUST_43098;PROD_0517;14;2420.95;33893.3;2023-06-16;credit_card;Almeida da Mata;DF;pending;parceiro_c
3c1a6f1d-3366-9405-74b4-547aaca056b5;CUST_49274;PROD_1169;4;1861.42;7445.68;2023-06-24;pix;Carvalho;RJ;delivered;parceiro_c
34ccb133-2439-7ca2-74ea-d46e5b29aea5;CUST_13666;PROD_0911;4;4889.39;19557.56;2023-06-09;pix;Câmara de Rodrigues;RJ;delivered;parceiro_a
eadd3461-f40f-d786-0bb8-a529785a5e62;CUST_25521;PROD_0409;19;3527.44;67021.36;2023-06-09;debit_card;Alves da Mata;RJ;delivered;parceiro_b
fd31ae48-75da-9d0d-874c-cde6905ee007;CUST_12997;PROD_4341;1;1759.36;1759.36;2023-06-12;credit_card;Martins de Pacheco;RS;shipped;parceiro_a
91c93a7e-646d-4fbb-e336-09c13b955be4;CUST_19933;PROD_1790;12;890.59;10687.08;2023-06-08;debit_card;Vieira;MG;delivered;parceiro_a
151b01c7-3e80-6ae1-c2ba-8aee845b5274;CUST_27759;PROD_2389;19;4099.1;77882.9;2023-06-01;credit_card;Vargas de Cirino;SP;delivered;parceiro_b
c34da968-946a-d8da-f78c-fa5d993a6cbb;CUST_20574;PROD_1374;13;3755.38;48819.94;2023-06-12;credit_card;Caldeira;RO;shipped;parceiro_a
91ec0966-59a6-9dd1-b64f-484bca4dd9ee;CUST_27481;PROD_0373;20;4505.16;90103.2;2023-06-30;pix;Rodrigues das Flores;RJ;delivered;parceiro_c
cce19f2f-7ed8-d5f5-51cf-50dde4492a82;CUST_15550;PROD_2738;14;4365.01;61110.14;2023-06-18;boleto;Ramos Verde;SP;pending;parceiro_c
6cb222e3-f0eb-d030-2f75-7e698e9b250b;CUST_14048;PROD_0430;3;852.68;2558.04;2023-06-03;credit_card;da Cruz das Flores;PA;pending;parceiro_a
209b452f-8466-0d8a-69a8-bee40e80bc38;CUST_25894;PROD_3342;17;1413.64;24031.88;2023-06-14;pix;das Neves do Galho;MG;delivered;parceiro_a
251f90dc-0f4c-8d17-a456-c10664ac16ee;CUST_21527;PROD_2990;9;3847.24;34625.16;2023-06-30;debit_card;Machado Paulista;ES;delivered;parceiro_b
1d37bcf5-85f3-ebf8-9594-12b021eca620;CUST_15572;PROD_4033;13;470.4;6115.2;2023-06-17;pix;Aragão;SP;delivered;parceiro_b
26677542-8a07-9c58-091f-951473b58a95;CUST_44479;PROD_2455;16;1034.03;16544.48;2023-06-01;credit_card;Correia;ES;shipped;parceiro_c
6fa62179-4769-2558-5537-cfce0b6ac2d4;CUST_31473;PROD_0833;3;998.39;2995.17;2023-06-06;debit_card;da Rocha;BA;delivered;parceiro_a
0ee76d49-29d8-d770-8aa4-1a3e4e590f57;CUST_48095;PROD_4978;10;218.91;2189.1;2023-06-23;debit_card;da Cunha de da Rosa;BA;delivered;parceiro_a
ea1dc41b-f47f-e7be-894b-83208d128009;CUST_16330;PROD_2729;11;3690.06;40590.66;2023-06-13;pix;Pereira;RS;delivered;parceiro_a
00d34ec2-0e8e-b1c1-bcdc-336981f1d1ee;CUST_27950;PROD_4391;1;1711.5;1711.5;2023-06-28;pix;Ramos;RN;delivered;parceiro_b
477e4e74-23a0-a19d-8a9a-53eb6e3d9122;CUST_40082;PROD_2978;9;1686.1;15174.9;2023-06-07;credit_card;Rocha de Fernandes;SP;delivered;parceiro_a
2c2894ea-6496-8850-7ab4-1c8bdef8befe;CUST_32414;PROD_3403;17;3482.88;59208.96;2023-06-25;credit_card;da Rosa de Goiás;RS;delivered;parceiro_b
fcc76aa7-e9af-6760-b48f-0c1ac544be48;CUST_35807;PROD_1183;17;3258.37;55392.29;2023-06-10;pix;Nascimento das Flores;ES;delivered;parceiro_a
210c189a-9edd-9522-9c08-632952b68248;CUST_22164;PROD_4465;16;4231.59;67705.44;2023-06-12;credit_card;Albuquerque;RS;pending;parceiro_b
217952b1-2872-d745-26d5-97e9aec8b9ea;CUST_25224;PROD_3653;16;1667.84;26685.44;2023-06-04;credit_card;Gomes;CE;cancelled;parceiro_c
9aa33e20-e869-81f7-da7a-4fab4e090668;CUST_07937;PROD_2529;7;2633.51;18434.57;2023-06-16;boleto;Fonseca;ES;shipped;parceiro_a
1efb85a0-5285-c0c4-b91e-c18ef66058c8;CUST_18627;PROD_1026;10;264.75;2647.5;2023-06-01;credit_card;Santos de Sales;RS;delivered;parceiro_b
9dd8fa74-6468-3098-7b01-67e4cc9485fa;CUST_05908;PROD_4770;1;4914.21;4914.21;2023-06-04;debit_card;Sá;MG;delivered;parceiro_a
0df3988a-51e8-ef14-1eaa-ae7fa29d99d3;CUST_42230;PROD_4353;8;1380.01;11040.08;2023-06-11;debit_card;da Mata do Galho;RJ;cancelled;parceiro_a
0c899029-f938-9439-e482-80899adc4d4e;CUST_42735;PROD_3060;7;4028.45;28199.15;2023-06-28;credit_card;Freitas;BA;delivered;parceiro_a
1fda3cb7-3f2b-cf41-0029-e1ac5177dbfd;CUST_21921;PROD_1194;10;1554.9;15549.0;2023-06-12;boleto;Ribeiro de Freitas;GO;shipped;parceiro_b
7bddc60a-7e8d-8985-1faf-ff815746c872;CUST_21318;PROD_2232;5;2383.61;11918.05;2023-06-04;pix;Pastor do Norte;AP;shipped;parceiro_a
86dd4e42-7d41-b4b8-e11d-f7f3fef61e15;CUST_44015;PROD_3039;2;79.35;158.7;2023-06-13;boleto;Cirino de Machado;PI;cancelled;parceiro_c
2e691882-34d2-7d59-e1d3-9fbf212c9dfe;CUST_21241;PROD_3995;6;830.97;4985.82;2023-06-06;credit_card;Cirino;SE;delivered;parceiro_c
fc2feecd-ae61-c29d-0e26-64a5a1527376;CUST_00665;PROD_0133;11;2503.94;27543.34;2023-06-14;debit_card;Barros de Montenegro;SP;shipped;parceiro_a
91d5578a-db1c-8fee-7f25-4094d13d2aad;CUST_03112;PROD_2566;16;644.64;10314.24;2023-06-12;debit_card;Cirino Paulista;BA;cancelled;parceiro_a
8a0aa8da-9e65-ee34-5e9d-33c2ef3ecba8;CUST_02952;PROD_2550;5;3811.17;19055.85;2023-06-01;pix;da Mata de Rios;BA;delivered;parceiro_a
6a2eacea-9dd4-e205-ba5a-a7e1cf2eed72;CUST_03278;PROD_3909;7;1559.47;10916.29;2023-06-27;credit_card;Castro Paulista;SP;shipped;parceiro_b
252dd665-ab65-027a-13b0-9a2d209f8f9e;CUST_09452;PROD_3748;18;4507.99;81143.82;2023-06-29;debit_card;Vasconcelos de Gonçalves;SP;delivered;parceiro_c
49a0d393-9e2e-a567-4d0c-5421dfea96ec;CUST_04850;PROD_2537;17;1885.99;32061.83;2023-06-05;pix;Vargas;AL;delivered;parceiro_a
93066143-ee25-e526-0c8a-6df753c08ea1;CUST_41939;PROD_3209;14;4382.3;61352.2;2023-06-02;credit_card;Casa Grande dos Dourados;MG;delivered;parceiro_a
f05ea3f1-f9ef-9323-e093-bf0c6f1f8823;CUST_32016;PROD_3981;8;2239.21;17913.68;2023-06-16;debit_card;Vasconcelos de Pimenta;MG;delivered;parceiro_a
7d6e36bc-b9e9-36bf-69e8-314b81a5df20;CUST_31338;PROD_1586;10;1747.32;17473.2;2023-06-05;boleto;Santos do Amparo;ES;delivered;parceiro_a
21780f62-3904-a7f8-cd3a-7f306ef7d822;CUST_11913;PROD_2150;9;1961.42;17652.78;2023-06-23;credit_card;Silveira;RS;shipped;parceiro_c
34aea6bb-c505-d9cc-d9ef-da9960eac5f1;CUST_23134;PROD_3171;16;4141.74;66267.84;2023-06-20;pix;Casa Grande;MA;delivered;parceiro_c
37035975-3cdb-c8f1-f6df-fd8829fa21f4;CUST_47721;PROD_1901;12;3399.96;40799.52;2023-06-04;credit_card;Viana;AM;delivered;parceiro_b
bab07112-ab45-9268-1009-64ec30dc6f97;CUST_01156;PROD_0407;16;1929.46;30871.36;2023-06-29;boleto;Casa Grande;BA;delivered;parceiro_b
8df97602-154c-66d9-9ded-2cc98fe7821e;CUST_15557;PROD_0413;4;4252.27;17009.08;2023-06-19;credit_card;Cunha;RJ;delivered;parceiro_a
255de9fe-ae6d-2345-14ad-1eb66cbda610;CUST_30070;PROD_2451;17;2026.12;34444.04;2023-06-04;boleto;Costela do Galho;PR;delivered;parceiro_c
840b385e-2b82-bc1f-42c7-b21faf350f60;CUST_46010;PROD_1833;6;3624.46;21746.76;2023-06-23;pix;Silveira;SP;delivered;parceiro_a
b5555677-eb5a-07cc-8490-42f754bca29a;CUST_36369;PROD_3831;7;421.33;2949.31;2023-06-15;pix;Pereira Verde;BA;delivered;parceiro_a
9c529e1f-33b2-f9e5-9574-564ba5fc9f1c;CUST_19309;PROD_2555;12;1890.7;22688.4;2023-06-02;credit_card;Borges;RS;delivered;parceiro_b
d65bd823-05c2-e1cf-4df8-644f44a9639b;CUST_47291;PROD_4350;17;3292.62;55974.54;2023-06-27;credit_card;da Rocha Paulista;PR;cancelled;parceiro_b
460cde9f-ffa9-0e49-254b-e066b212a227;CUST_32501;PROD_0247;11;4448.06;48928.66;2023-06-30;credit_card;Aparecida de Sousa;SP;delivered;parceiro_a
e56594b1-4a2e-1959-0436-afae41652e31;CUST_30007;PROD_0199;12;2138.1;25657.2;2023-06-16;debit_card;Garcia;BA;delivered;parceiro_b
1fca5d0f-552c-401e-9568-6293fbf99166;CUST_40542;PROD_4424;9;1416.33;12746.97;2023-06-06;credit_card;Andrade;RS;cancelled;parceiro_b
66283538-9b3a-d339-c842-a69a10496906;CUST_04823;PROD_2026;11;89.96;989.56;2023-06-06;boleto;Nascimento das Flores;SP;delivered;parceiro_b
425f94fc-b49f-5093-f64a-69bd6fca9d0d;CUST_10730;PROD_0741;11;4605.55;50661.05;2023-06-27;credit_card;Ribeiro;ES;delivered;parceiro_a
c1625028-a79a-17e2-a720-98bd192e7cc9;CUST_48974;PROD_4169;17;4615.27;78459.59;2023-06-24;credit_card;da Mota;MA;delivered;parceiro_b
9aeb10f2-6c0a-74c3-cea6-49baca423827;CUST_05706;PROD_1776;2;2984.02;5968.04;2023-06-23;credit_card;Câmara do Amparo;SP;shipped;parceiro_b
f3a55aa3-b689-0426-d2d1-3a24ee4b7b5d;CUST_43456;PROD_0744;20;3621.4;72428.0;2023-06-13;pix;Alves;BA;delivered;parceiro_a
50beed27-726b-6140-cbf4-477ea897e573;CUST_30443;PROD_1400;9;2864.01;25776.09;2023-06-02;debit_card;da Conceição;BA;delivered;parceiro_c
9c611b4c-3496-4a40-6868-0cf8bc06d1da;CUST_47525;PROD_3955;18;3372.91;60712.38;2023-06-12;credit_card;Araújo;AL;delivered;parceiro_a
19ef4874-f26f-e914-1311-a800f62f4ccb;CUST_43848;PROD_3144;16;2062.24;32995.84;2023-06-26;pix;Pastor de Minas;GO;shipped;parceiro_a
5aa899d2-6bcb-981b-ef66-badbb38ccb17;CUST_07439;PROD_1986;15;611.57;9173.55;2023-06-14;pix;Nogueira;SP;delivered;parceiro_a
c056fe76-58c1-b806-18d8-55bbc0812f37;CUST_48003;PROD_0120;2;2816.31;5632.62;2023-06-10;boleto;Lopes das Pedras;SP;delivered;parceiro_a
39519f14-baf0-b5bd-7272-118863826225;CUST_37638;PROD_0249;17;861.74;14649.58;2023-06-20;pix;da Rocha;RJ;delivered;parceiro_a
dcda5a7e-9eae-3e35-ca66-dc581f162810;CUST_01558;PROD_3427;8;1271.15;10169.2;2023-06-21;pix;Cassiano da Praia;PI;delivered;parceiro_a
f4f25f84-6d15-cce3-fbbd-c7bae82a3169;CUST_09773;PROD_0982;1;4750.41;4750.41;2023-06-12;pix;da Rosa;MS;shipped;parceiro_a
7d6e2399-c979-2e12-e7df-d4cef3a95b33;CUST_05778;PROD_0999;4;3675.11;14700.44;2023-06-19;boleto;Novaes de Nascimento;RJ;delivered;parceiro_b
2c4a3592-f81e-e7c0-4d34-3b714016901b;CUST_02041;PROD_2074;10;2321.27;23212.7;2023-06-13;boleto;Guerra das Flores;CE;delivered;parceiro_b
108edcb4-2c95-2b4e-d3ad-eea28a0c40cb;CUST_37658;PROD_2351;20;2604.05;52081.0;2023-06-29;debit_card;Fonseca Verde;RJ;cancelled;parceiro_b
4e875059-787d-f106-3d79-88224c9d3b0f;CUST_43799;PROD_2946;3;3346.14;10038.42;2023-06-11;credit_card;Caldeira;RS;delivered;parceiro_b
88de8688-f741-4c1c-60cf-35117f1d9949;CUST_27890;PROD_0716;13;3214.26;41785.38;2023-06-10;boleto;Brito das Flores;DF;pending;parceiro_b
965fc574-6298-8e70-f4fa-8da8b4c8e59c;CUST_09545;PROD_3173;3;2598.46;7795.38;2023-06-14;credit_card;Pires;PR;delivered;parceiro_c
c35c6a1c-7d6b-6300-4122-c7db02772955;CUST_03188;PROD_4625;19;429.92;8168.48;2023-06-25;credit_card;Sampaio;PB;delivered;parceiro_a
d5c3cf3f-160f-f3ba-cda5-1227409fceb0;CUST_20458;PROD_1391;12;687.16;8245.92;2023-06-05;credit_card;Moreira;MG;cancelled;parceiro_c
891662d6-d3d4-d652-54a0-a8a5c9923e4a;CUST_49305;PROD_2998;2;3531.18;7062.36;2023-06-25;credit_card;Fonseca;PA;pending;parceiro_b
0a2ae125-4111-9a64-667d-f06c7eea3fff;CUST_46833;PROD_1081;19;3772.61;71679.59;2023-06-24;pix;Guerra do Amparo;SP;delivered;parceiro_c
b1dffc4a-0bb4-9ba9-6b17-d674f7912f72;CUST_35463;PROD_2824;1;4785.74;4785.74;2023-06-25;pix;Gomes Paulista;TO;delivered;parceiro_b
74270a9f-b006-f049-b45b-f3207d003c73;CUST_27194;PROD_1957;3;2387.25;7161.75;2023-06-06;credit_card;Peixoto de Mendes;MG;shipped;parceiro_b
d17fc7c3-7e68-a080-ba6a-22da7a70274e;CUST_01097;PROD_0507;12;838.84;10066.08;2023-06-27;credit_card;Peixoto;SP;delivered;parceiro_a
a3a6aebd-88f2-200f-df2a-8059799be2d8;CUST_30679;PROD_4544;6;766.98;4601.88;2023-06-08;credit_card;Rios;BA;delivered;parceiro_a
72a74e8c-c39c-3d26-36ed-d89bce1de1a7;CUST_12005;PROD_0940;16;775.81;12412.96;2023-06-24;credit_card;Vieira;SP;delivered;parceiro_b
e481ca91-dabd-0660-691e-2c4998dba56c;CUST_36668;PROD_4613;10;4847.44;48474.4;2023-06-08;debit_card;Aragão do Oeste;SP;delivered;parceiro_c
bbaad7d9-df71-6c8f-5a8a-7171b1b7f298;CUST_10064;PROD_1342;3;4959.41;14878.23;2023-06-30;debit_card;Porto da Serra;MG;delivered;parceiro_b
94631408-32ab-6497-130a-8aee76f9a025;CUST_16009;PROD_0729;3;3378.98;10136.94;2023-06-20;credit_card;Lima Verde;RJ;delivered;parceiro_a
4d6dba9f-20b2-be01-d83c-b8f70c86474c;CUST_47531;PROD_1074;15;2296.64;34449.6;2023-06-01;credit_card;Novais;PB;delivered;parceiro_b
24da54e7-051e-754d-47ff-8d8c168181f3;CUST_24616;PROD_3750;13;4818.84;62644.92;2023-06-14;boleto;Novaes das Flores;PA;shipped;parceiro_c
c00220db-0d85-6416-d5e6-7775c2e65abe;CUST_22160;PROD_4110;7;3618.89;25332.23;2023-06-30;debit_card;Moreira;SP;pending;parceiro_a
9c01b818-797f-eaef-116c-5b60a3d29fb8;CUST_24822;PROD_3969;7;278.97;1952.79;2023-06-10;debit_card;Guerra;MG;cancelled;parceiro_b
8772f064-8be4-7436-10a7-6a28a12a0d21;CUST_41200;PROD_4588;12;3888.65;46663.8;2023-06-18;credit_card;Guerra;SC;delivered;parceiro_b
7c1c864e-968b-c1fc-9a95-3ce635209f09;CUST_00592;PROD_3693;18;3396.44;61135.92;2023-06-29;debit_card;Teixeira da Praia;GO;delivered;parceiro_b
dd2eb6e5-bddf-c7f1-5526-79e078849d7b;CUST_22068;PROD_1256;18;426.73;7681.14;2023-06-01;credit_card;Cunha;SP;delivered;parceiro_a
815c6ffb-37e3-17a6-3387-fffbc8f20d46;CUST_47335;PROD_1099;17;626.04;10642.68;2023-06-09;credit_card;Vasconcelos;PR;delivered;parceiro_c
565c338f-14e1-1bcd-06dd-6542866d1ea4;CUST_00740;PROD_3697;3;338.78;1016.34;2023-06-25;boleto;da Cunha Verde;RJ;pending;parceiro_b
38b2631d-862b-3586-e89a-c5217d7967c2;CUST_12665;PROD_2823;8;462.12;3696.96;2023-06-29;debit_card;Rios do Galho;AL;delivered;parceiro_b
7ec518cd-b2cc-4821-d997-dacf5bd3a876;CUST_31126;PROD_2929;18;4014.85;72267.3;2023-06-23;pix;Gomes;BA;cancelled;parceiro_b
fdc5f9c8-cfcb-5216-885e-f93b9dd91edd;CUST_06847;PROD_3100;11;2384.18;26225.98;2023-06-07;pix;Câmara das Pedras;MG;pending;parceiro_b
f28d341b-5fd6-82cf-91a7-6bcd9b772ad6;CUST_31228;PROD_1340;14;4317.94;60451.16;2023-06-19;boleto;Vasconcelos;SP;shipped;parceiro_b
92b6632b-b8c8-6923-70f4-8128b65ac390;CUST_18935;PROD_3906;9;4465.58;40190.22;2023-06-22;boleto;Cavalcanti Verde;CE;shipped;parceiro_c
83fa9531-aee1-25a2-2a91-7e1fd0c7d2c3;CUST_34448;PROD_4662;19;3009.36;57177.84;2023-06-03;boleto;Lopes;SP;delivered;parceiro_a
eedaea45-212e-6044-3aa4-160ee66d9210;CUST_42247;PROD_4343;8;2186.66;17493.28;2023-06-15;boleto;Rios do Campo;MT;shipped;parceiro_b
2645360a-4ecb-e35a-0024-f861b684edfd;CUST_27538;PROD_2696;17;4629.61;78703.37;2023-06-14;pix;Nogueira Paulista;PE;delivered;parceiro_a
f760b840-8aea-5a13-31bc-34080a9416e4;CUST_48797;PROD_2375;16;2539.56;40632.96;2023-06-20;credit_card;Cavalcante;MT;delivered;parceiro_b
6e213bd4-c81a-4368-570c-2135aed47322;CUST_26739;PROD_2470;10;4108.6;41086.0;2023-06-04;debit_card;Melo;MS;delivered;parceiro_a
4a4f0703-c606-c2c5-81c2-75270c9baf3e;CUST_30651;PROD_3469;2;2224.88;4449.76;2023-06-15;boleto;Câmara;RJ;delivered;parceiro_a
00d31633-dd5e-abef-c748-7952aec86cf1;CUST_44423;PROD_4084;20;4728.33;94566.6;2023-06-21;debit_card;Souza;PR;delivered;parceiro_a
ea9f3ab0-d9de-ac65-9c0f-e4c8a4f646d8;CUST_44237;PROD_1759;11;2532.05;27852.55;2023-06-20;credit_card;Machado do Norte;RJ;delivered;parceiro_a
5c7b75ff-2679-745c-2bdf-3cabf0886c23;CUST_42187;PROD_0689;9;3780.72;34026.48;2023-06-05;credit_card;Moura;MG;delivered;parceiro_a
3f632756-3570-a265-a00f-b280c89d9d95;CUST_31362;PROD_1085;19;1219.45;23169.55;2023-06-24;pix;Cassiano do Oeste;PR;delivered;parceiro_b
b629b93e-ca71-3ce7-14c6-f15dd5606634;CUST_28738;PROD_1690;14;4961.31;69458.34;2023-06-09;credit_card;Moraes;MG;delivered;parceiro_a
3ff50015-aabd-4988-8d73-55c30accbd02;CUST_39275;PROD_0242;10;2325.56;23255.6;2023-06-10;boleto;Costa do Campo;BA;delivered;parceiro_b
c8e62f02-ee42-b5a5-d16c-3320b289fa5f;CUST_47842;PROD_1103;18;3790.65;68231.7;2023-06-26;boleto;Fogaça;SP;shipped;parceiro_a
49423e97-a8ad-f767-14a3-aa113b3775e2;CUST_46999;PROD_1888;19;1575.16;29928.04;2023-06-05;debit_card;da Cruz;SP;delivered;parceiro_a
172e8d23-f64f-fc10-6c8a-e4edea36f3ac;CUST_14478;PROD_2553;10;3751.41;37514.1;2023-06-07;pix;Costela Verde;MG;delivered;parceiro_a
4dbcec51-57b3-61ce-e7aa-ff14e44b7a3f;CUST_02666;PROD_3977;16;2793.74;44699.84;2023-06-01;credit_card;da Rosa das Pedras;BA;cancelled;parceiro_a
611ae039-5356-54c7-ab7e-c5acf32b36a3;CUST_07056;PROD_2236;17;923.91;15706.47;2023-06-08;pix;Aragão do Norte;GO;delivered;parceiro_c
a3edb383-010f-c5ac-bd00-b507c7d890f9;CUST_32983;PROD_0360;14;2609.14;36527.96;2023-06-06;boleto;Câmara Alegre;SP;shipped;parceiro_a
26aa0a31-9ca6-b240-be1a-71076b6ec203;CUST_33961;PROD_1004;19;2017.09;38324.71;2023-06-03;pix;Lopes da Serra;DF;pending;parceiro_a
ff97c2ac-7fb5-c609-5f9f-ec9ca7022052;CUST_45689;PROD_0199;15;169.18;2537.7;2023-06-16;pix;da Rosa;PI;shipped;parceiro_a
0d0a4e68-b93a-2b0a-c3db-8a535b4187a7;CUST_19003;PROD_4776;3;3954.47;11863.41;2023-06-04;debit_card;Pinto;PR;shipped;parceiro_c
b7c63d14-7a1d-1b50-8c24-8c70fb6a5451;CUST_15372;PROD_3789;5;644.56;3222.8;2023-06-25;boleto;Vasconcelos de Goiás;PB;delivered;parceiro_c
bbd2f9a5-f640-0a24-c463-cc66c00e334d;CUST_14586;PROD_0927;4;950.68;3802.72;2023-06-08;credit_card;Vieira;RJ;delivered;parceiro_c
eec4b6d9-54cc-e529-8645-a00917f26129;CUST_38788;PROD_1330;15;4571.6;68574.0;2023-06-29;credit_card;Duarte;RN;delivered;parceiro_a
e2368b31-ec2e-c419-12f9-6e3dc671a0ea;CUST_04369;PROD_0009;11;3638.9;40027.9;2023-06-12;boleto;Casa Grande;PR;cancelled;parceiro_c
00e1f0ce-5ff7-e741-bf8f-fd9e6dc78f3d;CUST_20360;PROD_4516;2;2936.22;5872.44;2023-06-21;pix;Santos dos Dourados;MG;delivered;parceiro_a
6510c90e-5bf4-b8eb-2e26-fbe1a10337c1;CUST_24355;PROD_3498;5;4945.73;24728.65;2023-06-24;pix;Azevedo Verde;MT;cancelled;parceiro_c
68c1f99f-8fa8-46de-e9c3-461f9db59d78;CUST_39786;PROD_2270;13;3920.42;50965.46;2023-06-23;credit_card;Montenegro;RS;shipped;parceiro_a
1b120cca-0e68-1103-36ff-5358d3ecac57;CUST_23162;PROD_0733;12;2778.97;33347.64;2023-06-28;pix;Abreu de Dias;MG;pending;parceiro_a
b803a915-2bdc-9db1-e354-5bc7e71b4ef7;CUST_43863;PROD_0162;20;2033.45;40669.0;2023-06-11;credit_card;Cardoso da Mata;PR;delivered;parceiro_b
0efbc182-d586-8c49-acb0-c640d81b8d61;CUST_29213;PROD_0953;1;2008.75;2008.75;2023-06-21;debit_card;Souza de Vargas;RS;delivered;parceiro_c
24df4912-8773-518d-2f7e-49a57c2d761f;CUST_23950;PROD_0471;6;2947.02;17682.12;2023-06-04;debit_card;Silveira;PR;delivered;parceiro_c
67553fa4-6965-579c-b43e-d6bd13e02b13;CUST_08801;PROD_1625;19;3368.67;64004.73;2023-06-14;credit_card;Cunha do Norte;SP;shipped;parceiro_a
92c0f473-b57b-f26e-edc6-69dcf831ac46;CUST_15867;PROD_2896;8;4257.85;34062.8;2023-06-16;pix;Lima;PE;delivered;parceiro_a
fc78b687-7524-08a0-6758-cddaa5a8cee5;CUST_04740;PROD_3450;20;418.9;8378.0;2023-06-23;credit_card;Albuquerque;SP;delivered;parceiro_a
7aa34013-dffe-128e-733c-0cbe19997d7a;CUST_30673;PROD_1971;15;3874.62;58119.3;2023-06-01;boleto;Martins de Moreira;MG;delivered;parceiro_c
1c35923b-4f24-f871-a07c-74da6061e027;CUST_10649;PROD_1733;16;1095.5;17528.0;2023-06-18;debit_card;Fonseca Alegre;MG;delivered;parceiro_b
ad6a06d3-4242-2fbf-df36-6ba139aa9c2a;CUST_27011;PROD_4932;6;2445.7;14674.2;2023-06-11;credit_card;Pastor;BA;delivered;parceiro_c
53594832-85ee-a49c-cd1a-b9e8dd2c2c0f;CUST_19755;PROD_2467;20;1002.05;20041.0;2023-06-15;boleto;da Conceição;ES;delivered;parceiro_a
09739d0a-b8cd-fa77-f279-bcac73cd410d;CUST_36273;PROD_4660;18;3818.67;68736.06;2023-06-05;debit_card;Pires;SC;cancelled;parceiro_a
399e89f8-a6fd-a249-8d90-ba59a7c03c75;CUST_11969;PROD_0734;6;2783.66;16701.96;2023-06-22;boleto;Lima;SE;delivered;parceiro_c
ba2bb2c2-39b5-8cb6-91db-e89ddac9026e;CUST_37069;PROD_0150;8;953.01;7624.08;2023-06-11;pix;Camargo de Minas;ES;delivered;parceiro_a
684b7fc1-9c96-4e18-a0d3-51a86388d258;CUST_43260;PROD_1023;17;1024.21;17411.57;2023-06-24;boleto;Ramos de Minas;MG;delivered;parceiro_c
52bc9dd1-350d-26b7-650c-e3d47ebf8f16;CUST_02246;PROD_4156;15;3269.48;49042.2;2023-06-09;credit_card;Nunes de das Neves;ES;delivered;parceiro_c
0a4ed197-11c8-d22e-549b-0409fdc6fdff;CUST_11380;PROD_4559;5;958.13;4790.65;2023-06-21;credit_card;Rezende;SP;delivered;parceiro_c
d7598189-2a37-06d1-0999-c258e688994e;CUST_38232;PROD_4618;5;3329.72;16648.6;2023-06-03;boleto;Peixoto;SP;cancelled;parceiro_c
db355245-d39d-1793-2b62-0a270fa3cab4;CUST_41529;PROD_4373;15;476.04;7140.6;2023-06-20;debit_card;Carvalho;SP;delivered;parceiro_b
b1cd53f9-ff0d-8796-be4a-142e28992bef;CUST_19106;PROD_2102;10;1411.06;14110.6;2023-06-17;boleto;Gonçalves;PR;delivered;parceiro_a
b41e75af-ecae-798d-74ec-c9d1446f3f28;CUST_02230;PROD_2674;7;1995.68;13969.76;2023-06-04;pix;Cirino de Goiás;SP;delivered;parceiro_b
cf7e80f0-5bd4-ffe5-0c1d-6616dba7dd36;CUST_22581;PROD_4076;4;3431.26;13725.04;2023-06-05;credit_card;Araújo Grande;SP;delivered;parceiro_b
c40336bb-14ed-67f7-4099-1def348ac456;CUST_24603;PROD_4923;19;880.12;16722.28;2023-06-25;pix;Rezende;MG;cancelled;parceiro_b
59e56603-26cd-72ed-d679-93b79fd82212;CUST_23946;PROD_2399;8;4184.98;33479.84;2023-06-14;debit_card;Peixoto de Ribeiro;RJ;delivered;parceiro_a
b64ba3b5-6531-37cf-ffbc-f2f263b44b88;CUST_04416;PROD_0874;20;4295.24;85904.8;2023-06-16;boleto;Macedo;PR;delivered;parceiro_a
92079715-af6d-41a7-e938-beeda9c8dd67;CUST_26315;PROD_2410;9;4530.2;40771.8;2023-06-11;boleto;da Costa de Nogueira;MG;delivered;parceiro_c
901b1533-ba9d-2e29-b7b9-f7dd16a9b86a;CUST_22154;PROD_3106;1;2848.31;2848.31;2023-06-27;credit_card;Sá;DF;delivered;parceiro_a
acd9fa54-95cc-71cd-fdfd-b61b0458f868;CUST_25557;PROD_3674;8;1878.05;15024.4;2023-06-02;debit_card;Brito da Serra;PA;cancelled;parceiro_c
d87b5270-180a-f8d9-f625-912ed3c9a747;CUST_40023;PROD_4927;15;1409.55;21143.25;2023-06-17;pix;Oliveira de Jesus;MG;delivered;parceiro_b
ed43f294-db21-4097-b466-762aa196f8a2;CUST_12773;PROD_3505;2;1642.1;3284.2;2023-06-15;boleto;Cassiano;SP;cancelled;parceiro_b
ce909fda-8316-7f56-166e-723866a9a401;CUST_34213;PROD_3201;3;4085.55;12256.65;2023-06-10;credit_card;Silva Paulista;RJ;delivered;parceiro_c
46ff5eee-5cdc-1195-efd4-ba8491d9cc43;CUST_05590;PROD_3863;11;26.79;294.69;2023-06-05;pix;das Neves dos Dourados;AM;delivered;parceiro_b
6d75e81d-03ee-a470-a550-17bba4096ed6;CUST_40528;PROD_3770;3;3156.17;9468.51;2023-06-25;credit_card;Almeida;AL;delivered;parceiro_c
432beec2-8bd9-a390-2068-f8ca40228f3d;CUST_27912;PROD_4661;16;3146.35;50341.6;2023-06-15;debit_card;Casa Grande de Freitas;ES;delivered;parceiro_c
07a99c73-202d-2199-32b5-5ca7e7f9815a;CUST_30462;PROD_0248;20;665.58;13311.6;2023-06-16;pix;Rezende Grande;SP;delivered;parceiro_c
02974e3a-77fc-8b90-9b0f-bec79f36665f;CUST_21922;PROD_4066;20;1149.43;22988.6;2023-06-12;debit_card;Costela;SC;delivered;parceiro_c
ab9148c4-ef8f-c748-4a53-5252e7cfce56;CUST_05322;PROD_4379;1;32.55;32.55;2023-06-19;pix;Borges das Pedras;GO;pending;parceiro_c
b6a978e1-e5e5-8ad3-1faa-6783b9348cbe;CUST_12782;PROD_1028;6;4174.2;25045.2;2023-06-05;credit_card;Macedo;SP;delivered;parceiro_b
86037250-2ce1-004d-e9ef-176ccc24f70d;CUST_31806;PROD_1220;9;1895.55;17059.95;2023-06-02;pix;da Cunha Verde;MG;delivered;parceiro_a
2a095867-5662-ca72-9fa8-8e20cbce2c3e;CUST_17529;PROD_1744;10;4542.81;45428.1;2023-06-12;pix;Jesus das Flores;RJ;delivered;parceiro_c
14868a1e-f53d-ed94-2ca4-b1ef28f7b965;CUST_47224;PROD_3613;14;3673.64;51430.96;2023-06-24;pix;Jesus do Amparo;SC;delivered;parceiro_c
d6fb1532-f14f-aae9-b00b-ab771b5ded65;CUST_28600;PROD_4089;14;853.49;11948.86;2023-06-26;pix;Siqueira;SP;cancelled;parceiro_b
458685a8-5996-a9c1-3bff-21cfe66d6399;CUST_30350;PROD_0067;15;1824.31;27364.65;2023-06-12;debit_card;Guerra;RN;delivered;parceiro_a
e8861e6f-4674-3cb7-efac-be6ea09fffb5;CUST_23561;PROD_4082;6;3642.37;21854.22;2023-06-07;credit_card;da Paz;ES;shipped;parceiro_c
eefcb094-6bda-9552-dfb5-bbf34eded5c7;CUST_03156;PROD_2004;1;4580.47;4580.47;2023-06-23;credit_card;Novais de da Cunha;SP;pending;parceiro_c
55893e72-e22b-73d7-c828-0cbef486ee07;CUST_01075;PROD_3571;18;716.11;12889.98;2023-06-26;boleto;Santos;PE;pending;parceiro_b
1c2ec38d-1634-73f5-7d09-ef7ce8e25ddd;CUST_20410;PROD_1645;5;4149.18;20745.9;2023-06-25;pix;Nunes da Praia;SP;delivered;parceiro_c
dc785467-5460-af5f-0c87-40d1a5741260;CUST_23458;PROD_3990;4;1314.66;5258.64;2023-06-25;pix;Camargo;SP;shipped;parceiro_c
5eb35243-d6c3-f7a6-5b05-3e935c62d787;CUST_04146;PROD_0171;16;1745.01;27920.16;2023-06-08;debit_card;Castro;SP;delivered;parceiro_c
6b4f27b3-d463-aaea-213e-4b4a22a97695;CUST_25237;PROD_2788;13;4591.27;59686.51;2023-06-06;boleto;Martins;RS;delivered;parceiro_a
6d4d4898-dba4-af3b-28e7-ae6266fa53d4;CUST_29346;PROD_4441;10;55.43;554.3;2023-06-30;debit_card;das Neves de Goiás;SP;delivered;parceiro_a
c26978c0-3ea9-8111-048c-995df72e96ba;CUST_22738;PROD_1591;17;1485.96;25261.32;2023-06-19;pix;Alves;AM;delivered;parceiro_b
e3d75ad3-7aa7-eb4f-5582-6fac0b9f667c;CUST_15024;PROD_4227;13;2040.16;26522.08;2023-06-09;credit_card;Caldeira de Albuquerque;BA;delivered;parceiro_a
47f56aec-2199-8555-9e49-ca2e8ef38434;CUST_07694;PROD_2947;2;2453.69;4907.38;2023-06-25;pix;Moreira;CE;cancelled;parceiro_b
f2327bde-34cb-ac6f-dd18-9d719f282bc4;CUST_37298;PROD_2310;20;4448.4;88968.0;2023-06-27;boleto;Vieira;SP;cancelled;parceiro_a
1be562ed-c127-a0d8-bb0f-31d59d70a409;CUST_29408;PROD_0293;2;4719.09;9438.18;2023-06-29;pix;Monteiro Alegre;SP;pending;parceiro_a
bca7d3d7-ec77-3f66-8312-7ef2f2470438;CUST_15921;PROD_4802;3;4591.77;13775.31;2023-06-14;boleto;Nogueira Grande;PA;shipped;parceiro_b
abe8bc51-f4b4-4d96-67b8-70832eb501c2;CUST_41007;PROD_4348;9;3712.05;33408.45;2023-06-15;credit_card;Gonçalves do Campo;SC;cancelled;parceiro_a
ad4693a1-31d3-2f6a-2d44-59e0a974d9e3;CUST_44502;PROD_2366;3;468.05;1404.15;2023-06-14;debit_card;Jesus da Serra;MT;delivered;parceiro_a
0a037b00-f178-ad7b-c19b-84d5c37a45fc;CUST_14804;PROD_4840;2;2813.13;5626.26;2023-06-10;debit_card;Rodrigues de da Paz;SP;cancelled;parceiro_c
01970b43-3916-18c3-7352-edef47ee2308;CUST_06843;PROD_2408;8;1167.19;9337.52;2023-06-13;pix;da Cruz de Goiás;RJ;delivered;parceiro_c
f9a0c111-3d7d-770c-554e-d783cfec41b3;CUST_24981;PROD_4806;5;1194.02;5970.1;2023-06-22;credit_card;Montenegro Verde;GO;delivered;parceiro_a
a41a5032-62c3-f9e8-96f4-d8bf74781ba1;CUST_16844;PROD_0632;18;2644.21;47595.78;2023-06-04;boleto;Cirino dos Dourados;SP;delivered;parceiro_b
f5d102d1-ee43-76e3-4c83-e51e5b470643;CUST_00818;PROD_4909;11;2036.39;22400.29;2023-06-16;credit_card;Garcia Grande;RJ;delivered;parceiro_a
adf62aa1-4cc1-00e0-1deb-c20b3a1c6ca5;CUST_38737;PROD_4403;12;4371.56;52458.72;2023-06-22;credit_card;Mendonça do Oeste;MS;delivered;parceiro_c
59e6fbd9-fcb7-e2a2-c0e9-a652e58a78d7;CUST_40754;PROD_2149;8;663.08;5304.64;2023-06-30;credit_card;Lopes das Flores;BA;delivered;parceiro_a
aeda397e-4fc5-1bc0-9162-5668774a1731;CUST_45003;PROD_1731;7;152.25;1065.75;2023-06-17;pix;Pinto;PR;delivered;parceiro_c
a7d24e2a-0b23-0c58-c015-2b48260ed2ee;CUST_24564;PROD_3930;14;4118.99;57665.86;2023-06-01;pix;Gonçalves;RJ;delivered;parceiro_a
98c5cd28-28eb-1fd6-2502-b54e1483473b;CUST_10659;PROD_4971;1;458.82;458.82;2023-06-19;pix;da Rocha;RJ;pending;parceiro_b
642603b1-c051-dbb9-00ef-8a68a135ce46;CUST_15950;PROD_0913;2;2686.41;5372.82;2023-06-16;boleto;Melo Grande;SP;delivered;parceiro_c
0c8ef8ea-e242-b3ed-3db3-bdfe105fd564;CUST_48069;PROD_2587;20;664.59;13291.8;2023-06-30;pix;Andrade;PR;shipped;parceiro_a
c23def1c-8569-c057-1d6e-9fb84891b2e4;CUST_23623;PROD_2927;17;1163.53;19780.01;2023-06-23;boleto;Rocha;PR;delivered;parceiro_a
8c6ae117-545b-0b13-bb40-c11f88124bea;CUST_11492;PROD_2751;11;4017.46;44192.06;2023-06-07;credit_card;Mendes;SP;delivered;parceiro_a
ea6e3f27-f350-de61-ef32-a985c79c21a7;CUST_38883;PROD_2649;4;3271.07;13084.28;2023-06-02;debit_card;Albuquerque;TO;delivered;parceiro_c
0847e54e-8e8c-f8e3-1c3c-269ff3b0d5df;CUST_12332;PROD_0743;7;2505.38;17537.66;2023-06-22;credit_card;Cavalcanti;CE;shipped;parceiro_b
de973845-9f5c-2b8a-e8f4-22d12fb0b7a1;CUST_06227;PROD_3123;7;1903.5;13324.5;2023-06-14;credit_card;Nascimento do Norte;AM;delivered;parceiro_c
e7da635d-e501-4c79-6ce0-f631c5401ca1;CUST_11092;PROD_3275;18;21.49;386.82;2023-06-03;debit_card;Araújo;RJ;delivered;parceiro_a
fdb352f2-1cfc-80dd-c7c3-8ced4a1d538d;CUST_22381;PROD_2907;9;217.46;1957.14;2023-06-06;boleto;Fogaça;PA;delivered;parceiro_b
b4d119b1-594a-8cd9-4235-139c8d3d7d3a;CUST_13127;PROD_1946;15;4524.62;67869.3;2023-06-10;pix;Rocha;BA;pending;parceiro_c
ceb20a15-4ff9-7d2b-6fab-f7b7dbd97926;CUST_30142;PROD_1151;13;3292.64;42804.32;2023-06-24;debit_card;Abreu das Pedras;AP;delivered;parceiro_a
738379f8-2bc4-202d-763d-00689b5c7477;CUST_17950;PROD_0843;8;200.15;1601.2;2023-06-17;credit_card;Moreira;SP;delivered;parceiro_a
be5b727b-8daf-7d33-1199-c3c13abc667c;CUST_38580;PROD_0832;13;2112.88;27467.44;2023-06-03;credit_card;Sousa;ES;cancelled;parceiro_a
10fd81c1-60e4-721e-45d2-1b3f27549a66;CUST_40956;PROD_3203;10;146.04;1460.4;2023-06-30;debit_card;Ramos das Flores;RJ;delivered;parceiro_b
9a97d7f9-f7c7-cbb3-f637-dff7f1bef0ad;CUST_18598;PROD_1120;3;3055.24;9165.72;2023-06-09;credit_card;Nunes;PI;shipped;parceiro_a
e05517c9-3d17-b6bb-832d-275fa6899b32;CUST_08327;PROD_3524;13;839.65;10915.45;2023-06-08;boleto;da Conceição de Goiás;SC;pending;parceiro_a
07bca347-450a-a587-f166-3c5bacd3bb52;CUST_46568;PROD_0355;11;3467.77;38145.47;2023-06-23;pix;Albuquerque de Moraes;SP;delivered;parceiro_c
ff62e393-e85e-dc98-8f8b-e1e732a7dfc2;CUST_49741;PROD_2530;9;509.3;4583.7;2023-06-27;credit_card;Cassiano de Machado;BA;delivered;parceiro_c
2cc36fb1-8e1a-5e4f-687b-5d5be102aa94;CUST_00622;PROD_1237;15;3876.52;58147.8;2023-06-15;boleto;Jesus de Gomes;PR;delivered;parceiro_b
3d0dce46-be79-2b83-9620-abe21ab0a6d7;CUST_06254;PROD_0971;1;721.01;721.01;2023-06-13;pix;Borges dos Dourados;AC;delivered;parceiro_b
8e9a1a4d-6154-47f9-9e5b-87343c26199e;CUST_49136;PROD_2588;17;561.01;9537.17;2023-06-05;debit_card;Campos;RJ;delivered;parceiro_a
c6e177a9-f49b-f895-1d40-36ac8400cb0f;CUST_44084;PROD_4073;6;996.76;5980.56;2023-06-10;pix;Sales;PE;delivered;parceiro_c
35aa8802-53d5-e316-b6c1-2dca1b17add1;CUST_30157;PROD_2386;7;3830.01;26810.07;2023-06-08;credit_card;Melo das Flores;RS;delivered;parceiro_b
fd88c6d1-067c-0e61-ebf3-629ae487b224;CUST_27793;PROD_1640;16;2121.06;33936.96;2023-06-26;pix;Pinto;PR;shipped;parceiro_b
9eeb474e-480a-8c9a-4a38-1e57c7d88625;CUST_17868;PROD_3193;18;4106.81;73922.58;2023-06-01;boleto;da Costa da Praia;SP;delivered;parceiro_b
77a54d21-1bcf-a1d7-62dd-b434d47358bf;CUST_27581;PROD_0767;15;1276.26;19143.9;2023-06-24;credit_card;Azevedo das Pedras;MG;cancelled;parceiro_a
526d4613-a904-aefe-fc55-c3a3c295e143;CUST_47646;PROD_2199;18;3928.11;70705.98;2023-06-19;credit_card;Barros;RJ;delivered;parceiro_c
b17066c3-6fe3-6d8e-92a6-6862b5abae19;CUST_23743;PROD_4250;1;341.99;341.99;2023-06-02;debit_card;Alves;PE;delivered;parceiro_a
026e6398-bbb2-e205-ba06-fb3b19d4df64;CUST_14128;PROD_0274;13;1945.18;25287.34;2023-06-29;debit_card;Almeida da Mata;RS;delivered;parceiro_b
2528e443-47fe-eb39-a055-b2ac2d3fe96e;CUST_44290;PROD_2105;3;1857.22;5571.66;2023-06-16;debit_card;Costela da Praia;RS;delivered;parceiro_a
12237ca8-863a-4c54-55e3-348db62105e7;CUST_45145;PROD_4112;5;2043.1;10215.5;2023-06-16;debit_card;Almeida de Martins;CE;pending;parceiro_a
21c6db2a-c7e8-6702-7b38-e32b26017ca1;CUST_04430;PROD_0381;3;1883.36;5650.08;2023-06-20;debit_card;Gonçalves do Galho;RJ;delivered;parceiro_b
cb8326be-fb11-31f6-6847-911748a056e3;CUST_27590;PROD_0329;16;3972.16;63554.56;2023-06-05;credit_card;Almeida do Sul;SP;delivered;parceiro_b
1411d5d3-933c-a847-aa47-9abceca442de;CUST_46812;PROD_1266;2;48.72;97.44;2023-06-29;pix;Cassiano;RJ;delivered;parceiro_b
572e59e5-4d16-5e94-ca80-d9a0d432bbe5;CUST_02483;PROD_4854;6;574.18;3445.08;2023-06-03;credit_card;Lima dos Dourados;AP;cancelled;parceiro_b
57f1ec55-e8f8-02c0-9fd7-7f239d16a32f;CUST_34102;PROD_3669;6;1004.18;6025.08;2023-06-02;boleto;Monteiro;SP;delivered;parceiro_b
8d900579-51e3-33d3-9123-5cad1bd242b6;CUST_25278;PROD_2952;6;4263.04;25578.24;2023-06-17;pix;Camargo do Galho;RS;pending;parceiro_a
35c4f250-cde5-87c8-9634-17a1e6a7071a;CUST_16538;PROD_4684;19;3769.41;71618.79;2023-06-17;boleto;Santos;SC;delivered;parceiro_a
b99ef7be-b0e3-748a-7df3-ffe341479d4b;CUST_39571;PROD_0155;18;2239.75;40315.5;2023-06-25;credit_card;Teixeira da Praia;RJ;delivered;parceiro_a
94e2cda0-e384-a085-9ad3-3788e120e623;CUST_28503;PROD_3263;3;4673.08;14019.24;2023-06-25;debit_card;Ferreira da Serra;BA;delivered;parceiro_b
b09aa8a4-c0ef-bede-ab26-978e2e3fd189;CUST_31405;PROD_0309;14;491.18;6876.52;2023-06-01;credit_card;Araújo;SP;cancelled;parceiro_a
709a507f-e910-ce46-6261-fabbcc8b1fcd;CUST_33678;PROD_2090;1;949.6;949.6;2023-06-30;boleto;Cavalcante Paulista;MG;shipped;parceiro_b
cbe6abdf-a4f6-0a8f-d9fd-6c6c929070b3;CUST_06657;PROD_3952;1;2722.39;2722.39;2023-06-20;boleto;Rezende dos Dourados;BA;cancelled;parceiro_a
f5c3b538-ae91-25b7-8010-f53dad5670e5;CUST_25481;PROD_1839;19;1334.07;25347.33;2023-06-10;pix;Carvalho da Serra;BA;pending;parceiro_b
48f01faf-1657-94b2-4b88-a4e24feb1e29;CUST_45742;PROD_4914;16;3470.21;55523.36;2023-06-06;pix;Moura;PE;delivered;parceiro_a
c617f3a6-070c-92a3-6b17-be09c78add7f;CUST_27529;PROD_1609;14;1065.71;14919.94;2023-06-02;boleto;Aparecida da Praia;MG;delivered;parceiro_c
396d334b-243a-8667-08ed-633903e40d58;CUST_45074;PROD_4395;11;1640.08;18040.88;2023-06-02;debit_card;Nunes de Farias;RJ;pending;parceiro_c
5fbe1ac2-ef3a-5fe5-7314-b5b6a53fdb47;CUST_03079;PROD_1671;13;4787.82;62241.66;2023-06-20;credit_card;Sá de Minas;MG;shipped;parceiro_c
ef38162a-845c-afcc-91f8-115aa376077f;CUST_31089;PROD_0611;2;4554.84;9109.68;2023-06-11;pix;Lopes;BA;cancelled;parceiro_b
36214f25-c777-a6ab-56b4-e0e35ea77142;CUST_22136;PROD_0601;17;226.78;3855.26;2023-06-09;pix;Guerra da Mata;SP;delivered;parceiro_a
a5687bfb-c1d0-dcce-2be0-4251aa2c222d;CUST_41380;PROD_3794;11;1123.06;12353.66;2023-06-05;pix;Câmara;SP;cancelled;parceiro_b
117d2d67-bd7f-b411-48e1-9b138da038dc;CUST_01980;PROD_3746;8;1113.24;8905.92;2023-06-29;boleto;Melo;RS;delivered;parceiro_b
e972ef91-43dc-51a8-1b69-a07abf793aac;CUST_08005;PROD_0983;11;2073.37;22807.07;2023-06-13;debit_card;Souza;RJ;delivered;parceiro_a
9557a35c-9d8b-cc11-d1bb-fcc1e3a56443;CUST_23128;PROD_4980;7;2482.61;17378.27;2023-06-11;credit_card;Montenegro de Araújo;RS;delivered;parceiro_b
5940b6a8-66e4-e6c3-18c2-3ba5186de5cc;CUST_49629;PROD_2416;20;1955.06;39101.2;2023-06-14;debit_card;da Paz;MG;delivered;parceiro_b
18c14d28-5a52-6eee-5246-8e817127318a;CUST_46494;PROD_4413;20;3960.54;79210.8;2023-06-07;debit_card;Pastor;SP;delivered;parceiro_a
d38a9988-a181-a62b-a3fd-4406bb79f26d;CUST_47965;PROD_0679;19;878.73;16695.87;2023-06-02;debit_card;Montenegro da Serra;CE;delivered;parceiro_c
625b54d0-edf4-53bf-694b-4e7d7fb581a6;CUST_41349;PROD_3789;14;1712.17;23970.38;2023-06-20;debit_card;Farias;BA;delivered;parceiro_c
a88fdc88-674a-07ff-b426-004cd4e4b367;CUST_33304;PROD_0167;10;4910.77;49107.7;2023-06-01;debit_card;Farias;SP;delivered;parceiro_b
01ce6b21-8c93-08f9-5b86-ec76ee660ae6;CUST_33474;PROD_3538;10;1585.76;15857.6;2023-06-20;pix;Machado dos Dourados;SP;shipped;parceiro_b
d74a133d-4313-88e7-1868-ed168e0c0701;CUST_03391;PROD_2074;5;4330.64;21653.2;2023-06-12;debit_card;Freitas;ES;cancelled;parceiro_b
4e1390a8-b584-b07b-c035-0976b6ac7182;CUST_24653;PROD_3623;8;4401.89;35215.12;2023-06-17;pix;Vargas de Fonseca;SC;delivered;parceiro_a
bd103838-8164-cef1-d72f-2409355c12c7;CUST_05620;PROD_0216;10;1581.8;15818.0;2023-06-23;credit_card;Aparecida;PE;delivered;parceiro_b
630dc997-577b-d101-e3dc-9b76200eb09c;CUST_20891;PROD_3478;20;2297.53;45950.6;2023-06-26;boleto;Sampaio;PB;delivered;parceiro_c
0eb6deb4-ba2d-9ae0-4e72-c0e7acfecb6e;CUST_21512;PROD_3582;18;4987.89;89782.02;2023-06-20;debit_card;Vieira de Goiás;RJ;delivered;parceiro_b
f456a0c0-1239-060c-8046-6e64d6eca958;CUST_24045;PROD_0235;12;83.73;1004.76;2023-06-22;debit_card;Araújo;RJ;delivered;parceiro_a
8279628d-0e6b-1be6-6962-68143d37afd6;CUST_01204;PROD_3270;5;4924.27;24621.35;2023-06-24;credit_card;Macedo da Prata;MA;shipped;parceiro_c
cdfc07bd-b93d-de7e-b91c-4e1288b22e8e;CUST_03783;PROD_0070;3;3923.0;11769.0;2023-06-07;credit_card;Vasconcelos das Flores;RS;delivered;parceiro_c
119c7499-7e44-5405-e26c-a79085550bb6;CUST_04288;PROD_4893;4;2739.03;10956.12;2023-06-01;credit_card;Macedo da Praia;MG;delivered;parceiro_a
b4bbe1de-1328-5d2a-e27c-7a751e4c385d;CUST_05977;PROD_3629;1;2730.04;2730.04;2023-06-09;boleto;Vasconcelos de Macedo;PE;shipped;parceiro_a
a27e8f29-f59e-d1cb-6c11-4a043f1a532d;CUST_38331;PROD_4087;1;58.97;58.97;2023-06-07;debit_card;Viana de Minas;SP;cancelled;parceiro_a
123ce490-0f89-59a2-87a7-2d30a186fbf5;CUST_36441;PROD_3753;11;342.33;3765.63;2023-06-16;pix;Campos;SC;delivered;parceiro_b
c94e0307-32ef-9de8-8733-4fba71951173;CUST_30108;PROD_2395;11;396.34;4359.74;2023-06-29;pix;Cavalcante de Nascimento;MG;delivered;parceiro_b
b6590c91-eaa6-4473-7f00-4428d82427e6;CUST_26357;PROD_4508;14;4679.27;65509.78;2023-06-19;pix;Pastor;RJ;delivered;parceiro_a
c4a73154-65b6-f155-4fed-bc663f61e8ac;CUST_21826;PROD_0383;12;254.35;3052.2;2023-06-02;credit_card;Peixoto do Amparo;RJ;delivered;parceiro_a
8cb8c637-0a15-ee3c-93d4-e646d1a1085d;CUST_28801;PROD_2348;5;102.7;513.5;2023-06-11;credit_card;da Rocha;SP;delivered;parceiro_b
2dd3935f-e5ad-0d4a-4840-6882d4b60160;CUST_44468;PROD_1318;9;1755.26;15797.34;2023-06-01;credit_card;Correia do Amparo;MG;delivered;parceiro_b
428bc5f1-8f2a-d70d-f41c-e455f7de7964;CUST_15121;PROD_3842;17;3591.29;61051.93;2023-06-28;debit_card;Pinto do Oeste;SP;pending;parceiro_b
a116a9f1-024c-462b-69f8-5a8efd27951a;CUST_28362;PROD_3663;19;1782.97;33876.43;2023-06-26;boleto;Santos;RJ;shipped;parceiro_b
3ed6c2d8-79cf-2519-f2c2-1f5edb8cf277;CUST_20384;PROD_3240;19;3246.13;61676.47;2023-06-30;credit_card;Ramos;PR;cancelled;parceiro_b
3baf6ae1-03c5-f2eb-abe2-dc389c20f31a;CUST_05555;PROD_1119;6;4519.89;27119.34;2023-06-27;credit_card;Costa;SP;delivered;parceiro_c
621b2583-6343-fc71-9a78-6d273c044c08;CUST_26583;PROD_1608;16;1547.53;24760.48;2023-06-23;pix;Jesus de Cassiano;MG;shipped;parceiro_a
f1cc7043-5927-40d6-1929-ba4dedb99634;CUST_31515;PROD_4445;19;3309.73;62884.87;2023-06-30;boleto;da Cunha de Vasconcelos;ES;delivered;parceiro_b
227a9857-e8f2-9527-37f6-b480563d8e11;CUST_47944;PROD_3106;3;4540.69;13622.07;2023-06-05;debit_card;Garcia;MG;delivered;parceiro_c
dd5d63e0-01db-e9f7-17d0-b4db9cfd7274;CUST_49444;PROD_2890;7;1088.13;7616.91;2023-06-25;boleto;da Rosa Paulista;PR;delivered;parceiro_a
bd8b0d44-abf8-03e8-233a-e08f3037f157;CUST_41416;PROD_4802;4;278.2;1112.8;2023-06-26;pix;da Rosa Grande;BA;delivered;parceiro_c
db43645a-cc33-5f15-35b6-e330ed91816b;CUST_15929;PROD_4300;6;4145.78;24874.68;2023-06-14;pix;Leão de Dias;SP;pending;parceiro_a
786fa478-4773-dd30-2add-0cef6712ba9e;CUST_32691;PROD_1505;12;702.74;8432.88;2023-06-20;pix;Siqueira da Prata;RS;delivered;parceiro_a
8442d1d7-6afd-c348-964e-38d9443cdf61;CUST_47579;PROD_4630;2;4834.52;9669.04;2023-06-17;debit_card;Câmara da Serra;RJ;cancelled;parceiro_b
ef5a34e7-88d2-fb2a-8d95-339d92c09f83;CUST_11191;PROD_4660;11;1596.19;17558.09;2023-06-11;credit_card;Teixeira do Amparo;SC;delivered;parceiro_b
d138c5d1-24f5-09a1-f4c5-3360e4fa8637;CUST_05673;PROD_2508;10;34.35;343.5;2023-06-13;pix;Pimenta Grande;SP;delivered;parceiro_a
d5cf3414-25cc-ada6-2186-b03f3a1d63aa;CUST_33510;PROD_2704;18;4619.01;83142.18;2023-06-29;debit_card;Rezende;RJ;delivered;parceiro_b
dfb2b1a5-b581-9e6c-22d0-a3da4694bdf2;CUST_09928;PROD_0255;6;1589.38;9536.28;2023-06-25;debit_card;Montenegro;DF;delivered;parceiro_a
45d0d7e2-6e37-d08f-92b3-9ede37f62f7c;CUST_13800;PROD_3261;1;3555.81;3555.81;2023-06-06;credit_card;Monteiro;CE;shipped;parceiro_a
3a53a3d1-fe33-269b-b0a4-1f29b607d967;CUST_12988;PROD_0012;18;3640.38;65526.84;2023-06-14;boleto;Cardoso Paulista;MG;delivered;parceiro_b
73b8f39c-4ae8-5edc-9366-40e834906700;CUST_32852;PROD_2306;2;3794.39;7588.78;2023-06-22;credit_card;Farias;RS;pending;parceiro_a
d4c25e29-357d-fdc2-9208-f199c9b9fcdc;CUST_26059;PROD_2310;14;1019.9;14278.6;2023-06-18;debit_card;Aparecida das Flores;SP;shipped;parceiro_b
46519ad4-da88-6a06-2f4c-42e63c76e9f3;CUST_47914;PROD_1419;8;2798.35;22386.8;2023-06-18;pix;Moreira;PA;delivered;parceiro_c
1c3e10f4-1f89-ba9f-888e-5ce117adfb32;CUST_22911;PROD_4176;5;79.81;399.05;2023-06-10;boleto;Martins dos Dourados;SP;delivered;parceiro_a
ab919c22-9029-9d6a-15c8-d81e7cb28372;CUST_17213;PROD_4555;4;4651.42;18605.68;2023-06-02;pix;Cassiano de Minas;SP;pending;parceiro_a
57f412d8-98cd-9973-41d9-b7e24b125630;CUST_24309;PROD_2062;17;2928.74;49788.58;2023-06-06;pix;Guerra;BA;delivered;parceiro_a
1935b6c7-793b-6195-dec2-8e0164a25849;CUST_46320;PROD_3316;11;3648.63;40134.93;2023-06-01;credit_card;Mendonça;MG;delivered;parceiro_c
4131928f-d9e0-f35c-5ca2-aa6d639c0310;CUST_30194;PROD_1810;18;3980.97;71657.46;2023-06-20;credit_card;Rios;PR;delivered;parceiro_b
7c59074b-2b9e-016e-8014-937279abb0df;CUST_31247;PROD_0643;14;2065.25;28913.5;2023-06-03;pix;Lopes da Serra;SP;shipped;parceiro_a
aa67e76c-40b4-a768-40ab-a5be6d6299ea;CUST_05369;PROD_2601;2;285.12;570.24;2023-06-11;pix;Cavalcanti da Praia;SP;pending;parceiro_c
b48a5bc1-37f5-3100-2837-7d2e4fea0bad;CUST_04043;PROD_4774;15;2524.42;37866.3;2023-06-09;pix;Nogueira;DF;shipped;parceiro_a
c5140ec1-aa82-165a-d65d-ef40b03116c8;CUST_05082;PROD_0803;4;2047.14;8188.56;2023-06-24;credit_card;Mendonça;RJ;delivered;parceiro_c
da2b9411-961c-e0c0-0995-3cf7f61bdca4;CUST_06024;PROD_2846;12;283.96;3407.52;2023-06-17;credit_card;Freitas de Goiás;MA;shipped;parceiro_a
8760ba98-7013-1ccf-3198-9de0876e0a1f;CUST_35468;PROD_4546;8;4524.36;36194.88;2023-06-29;pix;Peixoto;BA;shipped;parceiro_b
206ab850-a74a-25e6-9375-d89de6819bac;CUST_18090;PROD_0947;10;3232.5;32325.0;2023-06-29;pix;Viana;BA;delivered;parceiro_b
0a908479-4bdd-6385-fc67-b3a3ee8e94db;CUST_19743;PROD_4317;9;3057.3;27515.7;2023-06-22;debit_card;Casa Grande do Amparo;MG;delivered;parceiro_a
25baaa05-e077-a634-7810-8bbfce6cb01e;CUST_30692;PROD_0450;15;4355.2;65328.0;2023-06-29;pix;Cirino;RJ;delivered;parceiro_a
44063492-ac89-faf9-15b4-ba72cebbeba9;CUST_06443;PROD_3675;17;3248.53;55225.01;2023-06-23;credit_card;Machado;RJ;shipped;parceiro_b
983146d9-4037-91fe-00d1-53474af1ddb2;CUST_00586;PROD_3655;11;3556.93;39126.23;2023-06-02;credit_card;Machado de Minas;MG;delivered;parceiro_b
34b848e3-2703-69b8-ea7d-7a517a886933;CUST_32312;PROD_2526;5;3601.65;18008.25;2023-06-13;credit_card;Duarte do Sul;SC;delivered;parceiro_b
65d6b478-8ea3-288e-151a-ed297c303f2d;CUST_37490;PROD_4404;8;1417.33;11338.64;2023-06-03;credit_card;Alves Grande;SC;delivered;parceiro_c
1bad5d51-9ced-4f7a-87f7-7fe1ae9a7bf0;CUST_04085;PROD_0390;3;580.98;1742.94;2023-06-12;debit_card;Macedo Verde;RJ;delivered;parceiro_a
87748d75-8f99-05e7-e3d8-589153ce3119;CUST_24275;PROD_2471;16;2285.56;36568.96;2023-06-10;debit_card;Duarte;PR;delivered;parceiro_a
87a4144b-36f3-1217-4eda-e2d250ee971a;CUST_10116;PROD_3933;12;2685.34;32224.08;2023-06-26;credit_card;Mendonça;SP;delivered;parceiro_a
3720ab7e-0e44-386e-ea5e-94c397a8b42a;CUST_37865;PROD_3568;12;2183.52;26202.24;2023-06-09;pix;Albuquerque da Serra;SP;cancelled;parceiro_a
ad1e6824-42e7-204d-99ae-9912e9120d70;CUST_49240;PROD_0682;16;2502.1;40033.6;2023-06-13;pix;Pereira do Campo;RS;shipped;parceiro_b
80e4ae9a-ab28-41fd-f8de-02839e32796d;CUST_01293;PROD_0200;2;651.09;1302.18;2023-06-07;credit_card;Sá;PE;delivered;parceiro_b
85ccc286-85e0-2cec-e6c0-608142857129;CUST_36549;PROD_2514;13;1894.62;24630.06;2023-06-06;debit_card;Mendonça;PR;delivered;parceiro_b
c8e0ad6a-fdc9-a735-48fb-2bb4cc30aeec;CUST_45803;PROD_4795;11;2602.88;28631.68;2023-06-04;debit_card;Brito;RJ;delivered;parceiro_b
86424db6-6b3d-9402-1479-2c0dbd6dee4f;CUST_40511;PROD_2923;19;4200.78;79814.82;2023-06-26;debit_card;Barbosa;RJ;delivered;parceiro_b
1f939916-3c90-f594-8963-c36299aa3d71;CUST_14629;PROD_1549;10;2211.03;22110.3;2023-06-06;pix;da Luz da Mata;SP;shipped;parceiro_b
7cb1c4a3-eb95-07ee-8c6d-b37096ff7d0d;CUST_47154;PROD_3329;1;2371.76;2371.76;2023-06-16;boleto;Rocha de Marques;SP;cancelled;parceiro_b
49b470d7-ad6a-9d3a-a180-fd81dc2c6cfa;CUST_30741;PROD_4125;20;3517.08;70341.6;2023-06-17;debit_card;Albuquerque;MA;cancelled;parceiro_c
0141770b-722c-adb7-d4ca-f6d3ec204ab8;CUST_12853;PROD_4361;18;261.06;4699.08;2023-06-30;credit_card;Jesus das Flores;SP;shipped;parceiro_c
b4a75a67-9aeb-33d7-3d75-bcb6c90f5bc2;CUST_49327;PROD_0346;19;3527.64;67025.16;2023-06-01;credit_card;Siqueira de Teixeira;DF;delivered;parceiro_c
7a8512db-f3d9-a306-d157-59fc4a909374;CUST_25695;PROD_2814;7;1402.94;9820.58;2023-06-04;boleto;Andrade;AM;delivered;parceiro_b
ef885c4c-704a-2134-fa17-e5f0c7faa7b8;CUST_46192;PROD_1426;6;3722.02;22332.12;2023-06-26;pix;Teixeira;SP;delivered;parceiro_b
7523df30-4e39-2474-418e-7af5c12141ec;CUST_39378;PROD_0900;2;4046.55;8093.1;2023-06-23;pix;Vargas do Norte;RS;delivered;parceiro_c
798ccf6e-c731-5665-2811-a791891eb1ae;CUST_44314;PROD_4576;4;4938.05;19752.2;2023-06-11;credit_card;Marques;MS;delivered;parceiro_a
0658c670-9a36-3783-c9bf-1a9c2b142d84;CUST_44932;PROD_3973;2;3056.85;6113.7;2023-06-13;pix;Moraes;RO;delivered;parceiro_c
a35a8dda-2754-e6f0-697a-b244ddfa419d;CUST_03299;PROD_3523;2;2587.55;5175.1;2023-06-07;debit_card;Aparecida da Mata;PE;delivered;parceiro_a
ca091a15-4cda-5324-2a03-5a93295214d2;CUST_22658;PROD_2445;10;745.82;7458.2;2023-06-10;debit_card;Moura de Macedo;SP;delivered;parceiro_b
04483afd-085d-0f21-02d1-25741c201d43;CUST_26589;PROD_1440;2;2457.17;4914.34;2023-06-18;pix;Cardoso;SP;delivered;parceiro_c
1e920992-f25b-240c-db70-aefb0ee3210d;CUST_29676;PROD_2889;1;4703.86;4703.86;2023-06-30;credit_card;Nunes do Oeste;RJ;shipped;parceiro_a
6640a5e4-c21f-fd26-d4be-0b42c570659e;CUST_10493;PROD_2934;6;1233.09;7398.54;2023-06-19;credit_card;Barbosa;PR;delivered;parceiro_a
488f33fc-a099-4416-e55e-3699cd7b182c;CUST_21566;PROD_1380;14;3731.86;52246.04;2023-06-03;pix;Rodrigues;AM;delivered;parceiro_a
8187ea85-d601-586e-77fd-45d082d26a49;CUST_49752;PROD_2356;6;3771.81;22630.86;2023-06-06;credit_card;Ramos da Mata;RS;shipped;parceiro_c
8cd9b31f-24ac-d733-8ccd-cd2fe16a2c7b;CUST_11548;PROD_0691;10;4147.58;41475.8;2023-06-09;credit_card;Siqueira de Farias;RJ;delivered;parceiro_c
198b4f03-3c5e-3c48-ec25-2a54e3fb130b;CUST_41237;PROD_4431;2;2238.81;4477.62;2023-06-16;debit_card;Gomes;PI;delivered;parceiro_a
a4001eb3-fda0-d1e3-6da6-9bc9a65177ad;CUST_20575;PROD_1288;11;1888.56;20774.16;2023-06-06;pix;Nascimento de Vieira;BA;delivered;parceiro_b
833738d9-0da9-f9c8-8476-3bd23b9f6361;CUST_45930;PROD_1565;17;243.07;4132.19;2023-06-22;pix;Fonseca do Sul;MG;delivered;parceiro_b
7ecb9b00-6384-605c-e0b3-76036c72fe9e;CUST_35780;PROD_0353;6;4504.17;27025.02;2023-06-05;pix;Fernandes;SP;delivered;parceiro_a
ff8dddfa-cffc-178a-94ef-522466c6bf66;CUST_31419;PROD_4564;8;1835.98;14687.84;2023-06-25;boleto;da Cruz Grande;SP;delivered;parceiro_c
a5a35811-d4bc-2be3-7e8f-f3933a4c0778;CUST_47054;PROD_1210;6;19.12;114.72;2023-06-09;pix;Moraes;MG;delivered;parceiro_b
f5b90361-0ef2-ad11-f32d-fc79b90f5727;CUST_05455;PROD_3607;13;4443.23;57761.99;2023-06-20;credit_card;Barbosa do Oeste;PR;delivered;parceiro_a
41d14627-333a-98b1-fa9e-0354e50dbf38;CUST_44393;PROD_4180;13;69.23;899.99;2023-06-08;boleto;Rezende Verde;RS;delivered;parceiro_a
0a507552-6223-2ffb-4caa-c2502f83a481;CUST_33206;PROD_4641;11;2567.87;28246.57;2023-06-28;credit_card;Campos;MG;delivered;parceiro_a
636db488-a21a-3629-5112-489f90cb4fe6;CUST_37886;PROD_3327;15;4970.75;74561.25;2023-06-04;credit_card;da Mata;PR;delivered;parceiro_a
2a726ebb-f30e-e111-34b5-1d8b95c4352f;CUST_09564;PROD_1699;5;2475.61;12378.05;2023-06-30;pix;Silva;SP;delivered;parceiro_a
3298d1e7-7f1a-efb1-84d8-65da1b90b1f0;CUST_11225;PROD_3584;12;1762.81;21153.72;2023-06-06;boleto;Moreira;MG;delivered;parceiro_a
b2869700-c128-79b6-8dec-fddc9cc3f717;CUST_13842;PROD_4723;8;1044.39;8355.12;2023-06-08;pix;Sales do Oeste;SP;shipped;parceiro_a
aa66fa59-225f-382c-440a-77879cae74c7;CUST_36639;PROD_1362;15;1285.79;19286.85;2023-06-29;pix;Mendes;RJ;delivered;parceiro_b
9b39d529-f318-e75b-ed23-400f871f02ee;CUST_38291;PROD_4362;6;3461.89;20771.34;2023-06-07;pix;Moraes de Cirino;DF;delivered;parceiro_a
574e170b-02e9-e613-df6e-3178233b5266;CUST_20547;PROD_1207;1;3138.18;3138.18;2023-06-01;pix;Pimenta da Serra;RJ;delivered;parceiro_a
3096c200-303a-e703-2af1-6428e98850e4;CUST_47490;PROD_3038;15;2677.14;40157.1;2023-06-12;pix;Guerra;MG;delivered;parceiro_a
d5c47029-83af-a189-f655-02b3505bd3a3;CUST_22257;PROD_1992;7;468.11;3276.77;2023-06-30;debit_card;Ramos do Amparo;MG;delivered;parceiro_b
94c7f873-bec1-c8d8-994c-35f86c394e3d;CUST_47360;PROD_3059;8;4313.72;34509.76;2023-06-12;pix;Dias do Campo;SP;delivered;parceiro_b
e53c0036-2e2f-92f6-e40e-9f391ebe3edd;CUST_12231;PROD_3455;4;1385.44;5541.76;2023-06-13;boleto;Leão do Amparo;SP;pending;parceiro_b
cb95675b-cd1d-d376-b38d-3193beaa165d;CUST_00111;PROD_0147;7;657.88;4605.16;2023-06-10;credit_card;Freitas;SP;delivered;parceiro_c
bd374430-2cdd-6c55-8b80-b00a72da6055;CUST_36273;PROD_3593;11;4428.0;48708.0;2023-06-10;pix;da Cunha;PE;delivered;parceiro_c
66e9e016-09bb-69b1-32b1-5bed1b831863;CUST_26338;PROD_2337;6;2362.39;14174.34;2023-06-12;debit_card;Farias do Norte;RJ;cancelled;parceiro_b
6ec9c95d-3b2c-8125-b5fd-6ec405e748e7;CUST_14579;PROD_2082;8;211.49;1691.92;2023-06-05;credit_card;Costa Grande;RS;delivered;parceiro_a
4318efb2-1f66-ee3f-a244-817df84ae721;CUST_31736;PROD_1782;7;3586.23;25103.61;2023-06-11;boleto;Silva do Norte;RS;shipped;parceiro_c
398a76ff-7ac3-4d1c-1835-64716922a7f6;CUST_43640;PROD_1744;8;4963.5;39708.0;2023-06-08;credit_card;da Costa;CE;delivered;parceiro_a
e4aa14bd-5874-0ce1-aaba-4c399542384c;CUST_45678;PROD_4067;8;2464.18;19713.44;2023-06-22;credit_card;Silveira;AM;delivered;parceiro_a
e0305aa2-6b4b-11bb-090c-969421288130;CUST_44904;PROD_0385;1;4644.91;4644.91;2023-06-02;credit_card;Macedo do Oeste;MG;delivered;parceiro_a
5be6fe76-b1c1-3440-6321-017030921f52;CUST_33796;PROD_0671;18;1156.52;20817.36;2023-06-18;boleto;Ribeiro;MG;pending;parceiro_c
718c53f0-2933-255e-284f-6ed618ba4958;CUST_21242;PROD_2920;2;593.38;1186.76;2023-06-17;credit_card;Nunes;PE;delivered;parceiro_a
e5e5e7c6-9ed5-774c-0a51-854f1a65e4de;CUST_39605;PROD_1383;18;2891.61;52048.98;2023-06-28;debit_card;Sousa de Vargas;SP;delivered;parceiro_a
1945583f-b48c-1f6b-2245-ba709a5e4418;CUST_34816;PROD_2418;11;3366.15;37027.65;2023-06-29;pix;Rocha;MA;shipped;parceiro_a
6d99c48f-448e-d351-9282-5300aebf1574;CUST_11584;PROD_2841;10;4484.86;44848.6;2023-06-21;boleto;Duarte Verde;DF;delivered;parceiro_a
df13cd45-eb68-e1dd-40dc-e2453fa3898e;CUST_20761;PROD_3686;8;1834.31;14674.48;2023-06-15;pix;Pinto;SP;shipped;parceiro_c
69eef314-c71b-db17-e789-295ddd196c39;CUST_18508;PROD_1609;19;4979.46;94609.74;2023-06-14;boleto;da Costa;RJ;delivered;parceiro_b
a28e8f6f-d162-c497-406f-1f5fc1419946;CUST_29116;PROD_2999;14;4649.59;65094.26;2023-06-23;credit_card;Sales do Norte;RO;delivered;parceiro_a
c1ea159d-0a74-9f84-5d5f-2f99f6029991;CUST_12469;PROD_1670;12;1220.37;14644.44;2023-06-11;credit_card;Aragão Verde;BA;delivered;parceiro_a
b4aa55f5-6adb-e4ed-9b8d-97b430b14778;CUST_34122;PROD_1286;19;665.51;12644.69;2023-06-14;debit_card;Cardoso;RS;delivered;parceiro_b
7204a34f-8a97-2f65-b53e-48780db912dd;CUST_10569;PROD_0302;6;2474.95;14849.7;2023-06-15;credit_card;Rezende do Galho;RJ;pending;parceiro_b
5b376400-3d21-b094-beb7-bc7e4c2efe6a;CUST_28187;PROD_1667;8;1334.9;10679.2;2023-06-24;credit_card;das Neves;MG;delivered;parceiro_a
dccd5665-4340-6c67-47d8-31e8ed7c0264;CUST_11598;PROD_1940;13;2780.71;36149.23;2023-06-15;pix;Vargas;PE;shipped;parceiro_a
d1554a8a-13b5-fc12-0cb1-70e3d0b6bb24;CUST_40357;PROD_0516;14;2225.67;31159.38;2023-06-10;debit_card;Pereira do Campo;DF;cancelled;parceiro_b
326f65fe-bb0c-e42b-06a3-8ee96d9fb16a;CUST_15231;PROD_0605;12;3381.47;40577.64;2023-06-04;credit_card;Sousa;MG;delivered;parceiro_a
0fa66a7b-9e04-abef-2692-1d305f5676f7;CUST_39658;PROD_4472;4;1480.88;5923.52;2023-06-19;credit_card;Martins Alegre;GO;delivered;parceiro_a
930c88cd-705b-d810-f882-51928a684b84;CUST_18270;PROD_3818;18;1803.33;32459.94;2023-06-26;credit_card;Gonçalves;SP;delivered;parceiro_b
1bb72401-d9ff-ee5d-ce86-9d1394686581;CUST_28604;PROD_0526;6;4270.82;25624.92;2023-06-24;pix;da Cruz de Campos;SP;shipped;parceiro_b
00613090-fe24-579d-6751-b8393443c8ac;CUST_03575;PROD_4530;5;1470.02;7350.1;2023-06-04;credit_card;da Rocha;MG;delivered;parceiro_a
48503a4f-0b08-b0ca-4349-1eb3af0e8557;CUST_38185;PROD_0106;14;1310.37;18345.18;2023-06-09;pix;Andrade;PR;delivered;parceiro_b
4c219bca-f90b-5acf-a498-50cd77dfcc61;CUST_41108;PROD_1854;10;3229.78;32297.8;2023-06-07;pix;Correia do Galho;RJ;pending;parceiro_c
2b3ac4bd-1107-2432-2048-c9a6ec17966a;CUST_47468;PROD_2947;7;993.05;6951.35;2023-06-14;boleto;Nogueira da Mata;PR;delivered;parceiro_b
a548e258-e02a-acfc-1da3-5aaf918a2405;CUST_07559;PROD_1311;1;3009.63;3009.63;2023-06-06;boleto;Brito Paulista;SP;delivered;parceiro_b
4e4d9a2c-16cd-a31d-54a5-400526f0a137;CUST_43121;PROD_3594;4;149.0;596.0;2023-06-14;debit_card;Cavalcanti;SP;cancelled;parceiro_c
285f89a8-39e7-b506-d288-8d4d947097b9;CUST_25390;PROD_2214;2;419.66;839.32;2023-06-02;pix;Sá da Serra;RN;delivered;parceiro_a
4dc63f9a-10f1-85bb-e551-953aa2562825;CUST_43237;PROD_3895;13;2084.79;27102.27;2023-06-29;credit_card;da Conceição de da Mota;BA;pending;parceiro_a
a85ca025-06c4-1953-ebdc-2aa25dd8e1c7;CUST_19875;PROD_0073;13;3160.78;41090.14;2023-06-03;boleto;Alves da Serra;AC;delivered;parceiro_c
e1cb7118-e145-dcf7-6326-155b4c42b6a2;CUST_49732;PROD_2789;11;3138.34;34521.74;2023-06-27;pix;Rocha de Pacheco;PA;delivered;parceiro_b
a4e93712-69ed-6bd7-9ec3-bc15b600f9b3;CUST_12628;PROD_1704;15;4952.92;74293.8;2023-06-30;pix;Pereira;SP;delivered;parceiro_a
eda25598-3993-41e3-7ddd-faed669a62aa;CUST_41849;PROD_1615;16;1611.3;25780.8;2023-06-22;pix;Rezende da Mata;RS;delivered;parceiro_b
94738939-f19e-5ca4-4943-bd142dc01961;CUST_30829;PROD_0038;15;3994.72;59920.8;2023-06-25;debit_card;Pereira;ES;delivered;parceiro_b
536430a1-ee5f-d004-9ec7-dc0b3f8e65b1;CUST_03115;PROD_2046;9;4105.94;36953.46;2023-06-25;pix;Cavalcanti;RJ;delivered;parceiro_a
e40192e0-ba3b-66d1-5a28-c075181342cc;CUST_19796;PROD_3898;19;2563.56;48707.64;2023-06-05;debit_card;Pereira;RJ;pending;parceiro_a
f7d73874-0a02-83f4-e516-b80cd125b38c;CUST_13945;PROD_4003;14;148.18;2074.52;2023-06-13;boleto;Machado;SP;shipped;parceiro_b
7eba3722-4f29-f8f9-f83b-20fe1f532ec2;CUST_16574;PROD_3860;20;1016.42;20328.4;2023-06-18;debit_card;Cirino;GO;delivered;parceiro_b
f78821c4-479e-5863-44b6-338955625389;CUST_08239;PROD_2286;12;1360.11;16321.32;2023-06-05;pix;Borges de Minas;SC;cancelled;parceiro_c
bd31886f-d4a7-9113-d8f1-8a39c921caac;CUST_11454;PROD_0224;4;2524.12;10096.48;2023-06-24;debit_card;Rios Grande;SP;delivered;parceiro_a
5d5844c8-e152-eb11-3b23-64a274ba3304;CUST_17132;PROD_2027;18;3010.15;54182.7;2023-06-27;pix;Andrade do Campo;SP;delivered;parceiro_a
fd3630e0-8763-ae99-3d30-10abc1b16a61;CUST_15738;PROD_4788;10;2545.56;25455.6;2023-06-21;debit_card;Pacheco do Norte;GO;delivered;parceiro_b
7d73fbba-0726-b7f9-4b21-da22f2afa23f;CUST_41109;PROD_3382;19;1887.05;35853.95;2023-06-23;pix;Silveira;SP;delivered;parceiro_c
ae84c522-1d68-b151-313d-20751c886513;CUST_45654;PROD_1228;19;3939.41;74848.79;2023-06-28;credit_card;da Cruz do Campo;DF;delivered;parceiro_b
537abf27-4300-c4f7-e123-3bfdc927aef8;CUST_10756;PROD_4042;13;3747.33;48715.29;2023-06-21;pix;Oliveira;MG;delivered;parceiro_a
b055044b-ff45-47f0-1954-a884478a6b58;CUST_37602;PROD_1295;20;1610.02;32200.4;2023-06-06;credit_card;Rodrigues Grande;SP;delivered;parceiro_a
95894bbc-f67f-84c4-3fef-0010335996b3;CUST_46596;PROD_1875;10;259.68;2596.8;2023-06-20;boleto;Pimenta do Sul;RJ;delivered;parceiro_c
07f98ebf-eb9d-18a6-5fe0-7bb33c0c9d80;CUST_18877;PROD_3996;2;3739.73;7479.46;2023-06-25;pix;Ribeiro;RS;delivered;parceiro_a
de5e8895-751c-6569-a198-629140edcac7;CUST_09247;PROD_1972;5;3559.92;17799.6;2023-06-14;debit_card;da Mata da Serra;PE;delivered;parceiro_c
1f3cc924-a6c2-9b16-9a0a-0814aecb9b9e;CUST_25384;PROD_4693;3;303.92;911.76;2023-06-09;credit_card;Vasconcelos;AM;delivered;parceiro_a
07ff288b-5961-b180-a204-ada8bfa36ea3;CUST_10281;PROD_0571;6;588.35;3530.1;2023-06-05;pix;Freitas;CE;shipped;parceiro_a
9457c97d-7fb8-b9c1-d2bc-ede3934d7a2b;CUST_21204;PROD_0183;2;3883.75;7767.5;2023-06-26;debit_card;Farias do Sul;CE;delivered;parceiro_c
14f06c61-8191-48a4-27d1-c7d96bb7b987;CUST_20587;PROD_0323;15;2960.45;44406.75;2023-06-08;debit_card;Ribeiro;ES;delivered;parceiro_c
ac81347a-1a54-ae22-95fa-444dcc839b17;CUST_16839;PROD_0120;9;4666.2;41995.8;2023-06-01;credit_card;Cirino;RJ;delivered;parceiro_b
f78c2b1e-832a-082a-e505-0ed8308d35bb;CUST_20683;PROD_3600;6;3833.71;23002.26;2023-06-10;credit_card;Garcia;MT;shipped;parceiro_b
78b7df0a-9783-2df4-b1bb-98e1289aa04d;CUST_00337;PROD_3124;15;4007.18;60107.7;2023-06-10;debit_card;Pacheco;SC;pending;parceiro_a
ef0fb470-8680-f2c2-ef6e-a6bf557b153d;CUST_48452;PROD_0997;10;2085.28;20852.8;2023-06-11;pix;Costa de Cavalcante;MA;delivered;parceiro_c
61772cba-f4bf-dc0c-9f84-42713b10dd4e;CUST_01064;PROD_2117;16;3183.44;50935.04;2023-06-07;debit_card;Leão;RJ;shipped;parceiro_b
db32a93d-0580-6605-ac2f-82e1566a0525;CUST_42275;PROD_4693;11;4687.56;51563.16;2023-06-27;pix;da Cruz;BA;delivered;parceiro_a
6a03f40c-6e8a-1c2f-96fc-be804dcd4376;CUST_47247;PROD_1467;6;1143.31;6859.86;2023-06-13;credit_card;Caldeira;SP;delivered;parceiro_a
19d1aee2-c11c-1cde-3963-4498ade8b32e;CUST_17305;PROD_2357;15;206.47;3097.05;2023-06-08;boleto;Ferreira;MT;delivered;parceiro_c
a8fd7b65-f47e-d187-1838-b8d46f8085dd;CUST_14219;PROD_2535;15;3058.06;45870.9;2023-06-05;credit_card;Sá de Goiás;SC;delivered;parceiro_b
f34d5869-f47a-2915-c0c9-a57c62aa4d60;CUST_43671;PROD_3508;7;3678.5;25749.5;2023-06-20;credit_card;Nogueira do Oeste;MT;shipped;parceiro_b
e059a5a6-b1cc-f09d-719e-e128f55bb79f;CUST_00440;PROD_0238;7;2997.6;20983.2;2023-06-02;pix;Rocha;SC;delivered;parceiro_a
27fe0ab2-790e-a32f-a4e1-f5574acc3d43;CUST_19155;PROD_1718;20;4722.75;94455.0;2023-06-26;debit_card;Araújo;PR;delivered;parceiro_b
0d0add93-e574-4204-5250-719959128620;CUST_20915;PROD_1635;8;3734.73;29877.84;2023-06-17;credit_card;Pacheco;PA;delivered;parceiro_c
ea1081be-648f-222f-eb2f-800920dc9a87;CUST_28825;PROD_3483;19;728.33;13838.27;2023-06-30;pix;Cirino da Praia;PA;delivered;parceiro_a
40c816f9-f452-9d74-6bda-e404c5a36db2;CUST_43431;PROD_1851;4;835.55;3342.2;2023-06-27;credit_card;Pinto de Rocha;MG;delivered;parceiro_b
4eb0e793-3495-6aa2-9ee5-7dc85579283b;CUST_25107;PROD_4047;6;2665.72;15994.32;2023-06-21;credit_card;Siqueira;RJ;delivered;parceiro_c
6e1090ca-989a-7f1c-0799-30e2119cac8d;CUST_29875;PROD_3114;12;143.67;1724.04;2023-06-27;debit_card;Freitas;SP;cancelled;parceiro_c
426d21c5-376e-e227-2d19-2030bf49f450;CUST_25371;PROD_4056;14;180.79;2531.06;2023-06-05;pix;Fonseca dos Dourados;BA;shipped;parceiro_c
b4601d4e-bb02-6d25-f62a-0a3af58692b8;CUST_47370;PROD_3519;15;1200.18;18002.7;2023-06-30;debit_card;Viana de Minas;MG;delivered;parceiro_b
58005e9f-b7a3-c3dd-7918-16192a2b5b97;CUST_38316;PROD_4644;14;3568.96;49965.44;2023-06-16;credit_card;Fernandes;MG;pending;parceiro_b
6fd3caa6-fa20-daee-3c7f-ee593b932192;CUST_13593;PROD_2127;13;4157.66;54049.58;2023-06-08;credit_card;Martins de Farias;PR;delivered;parceiro_c
2fa82816-670b-5f05-0fec-0552ab4dab7e;CUST_33336;PROD_3404;1;748.57;748.57;2023-06-19;debit_card;Jesus;SP;cancelled;parceiro_c
ca8d3f29-4b83-ded4-bad1-d4133b2695de;CUST_08171;PROD_3336;12;1032.38;12388.56;2023-06-27;debit_card;Fernandes de Guerra;CE;shipped;parceiro_c
fbc1f580-8245-510b-c433-070f180401b3;CUST_47008;PROD_0727;16;1822.9;29166.4;2023-06-01;credit_card;das Neves;AM;pending;parceiro_c
a23d7e80-1522-9b57-608b-c988a52c600a;CUST_49853;PROD_4027;1;3758.66;3758.66;2023-06-03;credit_card;Jesus das Pedras;SP;shipped;parceiro_a
91929375-bb05-d337-2999-2c5998446144;CUST_19581;PROD_2802;7;3897.86;27285.02;2023-06-24;debit_card;da Conceição de das Neves;SP;delivered;parceiro_a
1ad93905-1049-5e85-c9ff-970c91e4bb6e;CUST_06031;PROD_4988;14;917.97;12851.58;2023-06-17;pix;Araújo;MG;delivered;parceiro_c
4c3b6f2a-ca41-43c0-cf57-83949359a6fd;CUST_13213;PROD_3760;4;3148.39;12593.56;2023-06-12;pix;Nunes;SP;delivered;parceiro_b
a8397ecf-8181-f358-8df5-0bab80730ef8;CUST_15028;PROD_1124;6;2408.45;14450.7;2023-06-04;boleto;Farias;SC;delivered;parceiro_b
192463b7-5e91-85e9-ceb2-f42998565094;CUST_46086;PROD_4308;15;205.22;3078.3;2023-06-18;credit_card;Cunha;ES;cancelled;parceiro_a
98d84bf0-28eb-56a6-6813-c9066917f1c0;CUST_41703;PROD_0691;19;1989.72;37804.68;2023-06-07;debit_card;Sá do Amparo;ES;cancelled;parceiro_a
532a35bd-158a-6fbb-35ab-86bbc78bb93d;CUST_26717;PROD_3882;16;709.46;11351.36;2023-06-08;pix;das Neves do Galho;RJ;delivered;parceiro_b
b3d0c4d5-5937-0eb7-8483-b41e2ccb32a5;CUST_39357;PROD_0096;17;2633.26;44765.42;2023-06-24;credit_card;Pacheco Grande;SP;delivered;parceiro_a
028df5a5-9ff6-d132-4f53-08e192a25089;CUST_43657;PROD_2217;2;2926.85;5853.7;2023-06-18;pix;Carvalho;MA;delivered;parceiro_b
5718991d-4654-dfb0-3aa6-83e277d1d0d6;CUST_48584;PROD_1132;3;823.83;2471.49;2023-06-28;debit_card;Monteiro;SP;delivered;parceiro_c
036d7a15-ed9d-cd0d-a3b7-9274c6592c21;CUST_06628;PROD_1751;4;549.94;2199.76;2023-06-23;debit_card;Vieira;BA;delivered;parceiro_b
7aca61f3-edbe-d822-0b64-8309cd50cb74;CUST_20200;PROD_0829;9;1537.82;13840.38;2023-06-02;boleto;Pastor do Galho;SP;delivered;parceiro_c
5b08f5a6-cd54-4606-e293-11d2fa44b977;CUST_20559;PROD_3816;20;3707.77;74155.4;2023-06-22;debit_card;Barros de Jesus;SC;cancelled;parceiro_c
c0f771f4-cb2d-6c6d-f84c-74be82538096;CUST_07582;PROD_2153;2;3634.34;7268.68;2023-06-30;credit_card;Moreira da Praia;SP;pending;parceiro_a
e3ebc4dc-1029-8cf8-2de7-080708f64ff2;CUST_15390;PROD_1401;10;3227.28;32272.8;2023-06-28;pix;Fernandes das Pedras;BA;pending;parceiro_a
0a98007b-46fc-060f-edcf-0f003b2b07c7;CUST_07964;PROD_4633;16;285.43;4566.88;2023-06-19;pix;Ramos dos Dourados;DF;shipped;parceiro_c
a9e7b42d-8018-086f-27e1-0f27ea3c6b56;CUST_40146;PROD_2822;8;1398.83;11190.64;2023-06-06;pix;Moura de Abreu;ES;cancelled;parceiro_b
fba44e97-0e22-7a1d-2bb1-3dcdff805899;CUST_44865;PROD_2335;18;3117.37;56112.66;2023-06-30;pix;Sousa da Serra;SP;pending;parceiro_a
e2aa6d40-f017-903b-c899-46da82d8559a;CUST_25900;PROD_3128;3;2536.96;7610.88;2023-06-13;credit_card;Costela;SP;delivered;parceiro_c
93572d79-ee3b-7f03-887b-b3fec671dca2;CUST_18159;PROD_3062;12;1615.83;19389.96;2023-06-19;credit_card;Andrade Paulista;RS;delivered;parceiro_b
5f7f564d-a1ed-55b9-0218-dc819ac3eb2e;CUST_09172;PROD_0497;15;726.71;10900.65;2023-06-16;pix;da Mota do Amparo;RS;delivered;parceiro_a
8f84f953-7f9f-e6bb-412f-a2c394ab3708;CUST_33825;PROD_3089;2;2594.51;5189.02;2023-06-11;debit_card;Rocha da Serra;MG;delivered;parceiro_b
d637f58d-d1f8-583c-9e06-03d38a8a618a;CUST_24961;PROD_1914;18;545.99;9827.82;2023-06-01;credit_card;Brito do Oeste;AP;delivered;parceiro_b
d8bce7e6-81be-d7b3-660b-e24134e8d893;CUST_26809;PROD_2683;16;2896.91;46350.56;2023-06-02;credit_card;Pinto;RJ;delivered;parceiro_a
8caeee56-7b7a-f6b6-5b9e-03db8a607759;CUST_21415;PROD_3551;5;4446.71;22233.55;2023-06-21;boleto;Porto de da Costa;PR;delivered;parceiro_b
fe73d5cc-be8e-205a-a9f9-b37580540ba1;CUST_45381;PROD_4953;8;1609.25;12874.0;2023-06-06;boleto;Rios;SP;delivered;parceiro_a
51171e9e-b5e5-ea65-80b8-35ba9b22ceb6;CUST_00510;PROD_4324;7;2120.01;14840.07;2023-06-08;debit_card;Guerra de Viana;SP;delivered;parceiro_a
3fc03340-7524-8a3b-4443-2c67e2f6a0d8;CUST_23695;PROD_2113;16;1352.92;21646.72;2023-06-12;debit_card;Fernandes do Oeste;RJ;pending;parceiro_a
fd4408ad-66d3-2ef4-9f83-37c1d1444b8e;CUST_32575;PROD_1238;16;3950.49;63207.84;2023-06-09;boleto;Sá;SP;delivered;parceiro_a
179be3fb-dace-3f8c-b5c4-f7d71b228248;CUST_08214;PROD_0543;12;4001.82;48021.84;2023-06-02;debit_card;Marques;RS;delivered;parceiro_c
9bb079d8-724a-4362-7341-8cc5e2e45d21;CUST_33608;PROD_4758;2;458.09;916.18;2023-06-08;credit_card;Silva;RJ;shipped;parceiro_b
90c5a7ae-61b2-61e3-40d9-2163a59935aa;CUST_09751;PROD_2448;2;2082.5;4165.0;2023-06-09;pix;Pacheco de Farias;GO;shipped;parceiro_c
46f6f4ed-bbc8-2c4e-e8e8-19b5048eb2d6;CUST_00375;PROD_3689;9;4069.05;36621.45;2023-06-12;credit_card;Pereira;GO;cancelled;parceiro_a
3bfaeb1b-cc4e-bd6b-51ac-8ea823247f8c;CUST_01327;PROD_1338;20;3832.5;76650.0;2023-06-27;pix;Ferreira Alegre;DF;delivered;parceiro_c
9930d8eb-b133-a977-9854-9364fa640378;CUST_06840;PROD_0974;13;3095.72;40244.36;2023-06-29;credit_card;Vargas;PR;pending;parceiro_c
cf2b9c64-b924-a6ba-2064-07237d823cab;CUST_04024;PROD_3126;3;1054.02;3162.06;2023-06-19;boleto;Leão de Pacheco;AL;delivered;parceiro_a
c6a6bb8b-de83-90d7-c20d-0dca55eef177;CUST_16817;PROD_4701;13;757.35;9845.55;2023-06-18;credit_card;Correia do Galho;MG;pending;parceiro_c
bb9e51ad-a7d9-bad6-1a50-c3ab4739fccc;CUST_41060;PROD_0422;19;2706.71;51427.49;2023-06-21;credit_card;Ramos de Silva;PE;pending;parceiro_a
93183b35-16a1-ecaf-d26f-1f878bf82839;CUST_17375;PROD_3902;4;712.08;2848.32;2023-06-28;credit_card;Almeida de Goiás;PE;delivered;parceiro_b
4952cc0a-990b-8283-1c11-fd4b4de2aea0;CUST_28264;PROD_2952;6;2819.29;16915.74;2023-06-23;pix;Moreira;SP;delivered;parceiro_c
a8af9b60-c00f-d0ba-7c16-a9259bde6bd4;CUST_29664;PROD_2338;6;3871.39;23228.34;2023-06-15;pix;Montenegro da Praia;RJ;shipped;parceiro_a
cf59e634-5861-1b84-24a5-277aa3d526a1;CUST_05811;PROD_0451;12;70.01;840.12;2023-06-08;credit_card;Moreira Paulista;SP;delivered;parceiro_a
465b3d18-ae53-09c9-2382-30cb3c8b4979;CUST_09022;PROD_4622;18;1505.56;27100.08;2023-06-06;credit_card;Abreu;PE;shipped;parceiro_a
1f3d50ce-cd0a-471b-3881-907b2e5f28b9;CUST_44175;PROD_2574;9;2948.03;26532.27;2023-06-04;debit_card;Camargo do Norte;SP;delivered;parceiro_c
64ce4af9-1f23-b843-d4e1-3e0efde69343;CUST_38586;PROD_4292;10;3870.95;38709.5;2023-06-21;credit_card;Montenegro de Freitas;BA;delivered;parceiro_b
d6962eb2-a636-8dd0-8efb-603b9f3600dd;CUST_26647;PROD_2752;1;3466.65;3466.65;2023-06-17;debit_card;Pereira;RS;delivered;parceiro_b
5ede4e0a-1f67-7c88-b7a2-27b9b693960b;CUST_44634;PROD_0941;6;1126.53;6759.18;2023-06-22;pix;Barbosa do Norte;PR;delivered;parceiro_c
36ac3ba7-5bbe-6e2e-e337-40fec15d655b;CUST_42148;PROD_0805;18;4223.99;76031.82;2023-06-28;credit_card;Alves;PR;delivered;parceiro_c
d31a2a07-c9d5-d342-5cc4-ec997f0b3181;CUST_09510;PROD_4088;12;4908.86;58906.32;2023-06-26;pix;Rodrigues Paulista;SP;delivered;parceiro_c
51aff83b-8298-bd93-2145-161e71053bb0;CUST_23709;PROD_2598;11;2585.29;28438.19;2023-06-01;credit_card;Borges;BA;delivered;parceiro_b
55604458-d94b-0ca6-fba7-18c7d11c42b8;CUST_15357;PROD_4894;1;624.63;624.63;2023-06-02;pix;Albuquerque de Pastor;RS;delivered;parceiro_c
cfad04f0-88b7-cd36-a1c6-198ef8e0ec91;CUST_46219;PROD_4674;16;2577.82;41245.12;2023-06-15;boleto;Nunes do Amparo;PE;delivered;parceiro_b
ccc5fa63-632a-f5c2-bdae-828e1a59bbda;CUST_06713;PROD_1751;5;2099.33;10496.65;2023-06-09;credit_card;Albuquerque do Oeste;SP;delivered;parceiro_c
80353bba-43c7-24e0-25c8-bf31575d80bd;CUST_24453;PROD_2714;5;4604.38;23021.9;2023-06-07;credit_card;Nunes da Praia;SC;pending;parceiro_c
7e178ebc-b185-4106-c06d-41375c83e9dc;CUST_47138;PROD_0852;6;1039.07;6234.42;2023-06-22;debit_card;Viana;RS;delivered;parceiro_b
a0a5c589-b838-76bc-8572-b3639e6e4b27;CUST_24612;PROD_4382;12;4627.06;55524.72;2023-06-07;pix;Nunes;DF;delivered;parceiro_a
0edb0ba6-3ca8-769b-2eb8-72df9acf1a9c;CUST_06671;PROD_1267;9;2245.83;20212.47;2023-06-22;credit_card;Fogaça Verde;MG;delivered;parceiro_b
de97d338-ae79-279e-3265-5a8c298674f8;CUST_11647;PROD_0954;10;185.32;1853.2;2023-06-10;debit_card;Ribeiro do Norte;GO;delivered;parceiro_b
dae17ef0-9097-eb3a-6084-024ab7d3f908;CUST_20639;PROD_3607;12;1746.64;20959.68;2023-06-10;debit_card;Campos de Vargas;MG;delivered;parceiro_b
d9ffb072-c505-1164-9275-eb10877586fb;CUST_13016;PROD_4350;16;4585.1;73361.6;2023-06-11;credit_card;das Neves;MG;delivered;parceiro_a
7cc9b446-7cd7-b9a9-31b3-c06c9d3e9143;CUST_41294;PROD_2898;13;2484.12;32293.56;2023-06-14;pix;da Mata;PE;delivered;parceiro_a
d9790c9e-2135-b104-e616-898a17b3ad5d;CUST_16195;PROD_1176;20;1871.49;37429.8;2023-06-02;pix;Araújo;RN;pending;parceiro_a
f61a4095-57b5-712a-0d78-65950d7addf6;CUST_46185;PROD_4619;19;4134.61;78557.59;2023-06-14;debit_card;Lopes Paulista;MG;shipped;parceiro_a
4ed0ed75-5936-aee2-0592-9a4ea0bbe684;CUST_45348;PROD_0742;19;936.92;17801.48;2023-06-20;pix;Rocha Grande;SP;shipped;parceiro_b
a3470cab-c828-a358-1b19-9e9075ce0c7e;CUST_48456;PROD_1140;5;1652.93;8264.65;2023-06-03;credit_card;Alves de Minas;SP;delivered;parceiro_a
da966b2a-6bf2-1d49-2b7e-a8a7b083bb07;CUST_11927;PROD_3313;5;4374.97;21874.85;2023-06-16;boleto;da Conceição;MG;shipped;parceiro_b
a953cdf8-5a32-b49a-afee-9455b8a7f585;CUST_26028;PROD_3219;16;994.14;15906.24;2023-06-19;boleto;da Luz da Serra;ES;delivered;parceiro_a
ff101109-6246-541e-ccb1-44475e23b171;CUST_13526;PROD_1097;10;2815.88;28158.8;2023-06-03;pix;Pinto;SP;delivered;parceiro_b
a0a20248-bd97-806d-3366-e23ace79b8f7;CUST_40853;PROD_4767;2;1163.72;2327.44;2023-06-08;credit_card;Duarte de Casa Grande;SC;delivered;parceiro_a
52495738-0190-39a3-8628-e6a375febf9b;CUST_05759;PROD_3780;11;1555.83;17114.13;2023-06-09;credit_card;Rezende;SP;pending;parceiro_a
ffe4ae5b-4e91-dabf-90a1-5ed30d945460;CUST_07011;PROD_1993;8;1629.81;13038.48;2023-06-29;pix;Machado de Campos;CE;shipped;parceiro_c
0054fd5b-8880-c783-a88d-cf51dfd1cd3b;CUST_11610;PROD_4026;18;1543.87;27789.66;2023-06-28;pix;Pacheco;CE;shipped;parceiro_c
57040deb-7984-c0ac-162f-a6e928ae7e90;CUST_08358;PROD_1682;17;1658.45;28193.65;2023-06-21;debit_card;Correia;BA;delivered;parceiro_b
c347c95d-0a9a-c851-5a26-2e5c982c7019;CUST_15601;PROD_3505;5;1965.47;9827.35;2023-06-11;pix;Cunha;MG;delivered;parceiro_a
d90b3a93-b420-34d5-53d8-b801e816ee94;CUST_48165;PROD_0971;18;849.27;15286.86;2023-06-04;debit_card;Mendonça;SP;shipped;parceiro_c
14b21f70-f653-9cc9-e388-e092fe32a387;CUST_05216;PROD_1649;2;3287.13;6574.26;2023-06-21;pix;Costa da Mata;RJ;pending;parceiro_b
927379de-a3fc-04c7-4ae7-c0ec2764c85d;CUST_07342;PROD_0628;13;1415.89;18406.57;2023-06-07;boleto;Silveira;PA;pending;parceiro_b
766494f8-72d3-d81f-c6be-48c2858e044a;CUST_23978;PROD_1133;19;3071.56;58359.64;2023-06-29;boleto;da Mata;PE;shipped;parceiro_a
84d28c3a-8947-33c3-19e4-9cff78fbebf4;CUST_10880;PROD_3432;18;3238.83;58298.94;2023-06-09;pix;Fogaça;PE;cancelled;parceiro_b
dcb051c9-a2e3-47c7-c998-4aec905627f1;CUST_39559;PROD_0019;11;1279.25;14071.75;2023-06-20;boleto;Vargas;SP;pending;parceiro_c
af446ae3-1890-345c-619b-9c6ca80462cd;CUST_35979;PROD_0074;11;1341.6;14757.6;2023-06-25;pix;Gonçalves do Galho;ES;shipped;parceiro_b
5cf06bdb-e579-ce8a-5fbb-8ea95646075c;CUST_02563;PROD_1290;3;2085.88;6257.64;2023-06-11;credit_card;Abreu;PB;delivered;parceiro_a
0876c7af-d6ab-5c02-ae11-e1688250857d;CUST_09163;PROD_0267;10;3886.79;38867.9;2023-06-22;boleto;Albuquerque de da Rosa;MG;delivered;parceiro_a
ac725ceb-1ceb-5aff-5f4d-1a96541c0c2c;CUST_31951;PROD_3068;12;4242.36;50908.32;2023-06-09;pix;da Costa;TO;cancelled;parceiro_c
828047cf-aee0-a1b9-d487-6cdc36dd3357;CUST_35688;PROD_0199;4;256.55;1026.2;2023-06-07;boleto;Pires de Souza;MG;delivered;parceiro_a
6adf968d-67f5-0f3b-d205-8ccee1719ed6;CUST_21249;PROD_0110;1;677.96;677.96;2023-06-03;debit_card;Rezende;DF;delivered;parceiro_b
a7ead8c5-65fb-b1e1-b19b-626f9ea29b56;CUST_18747;PROD_2833;7;3851.33;26959.31;2023-06-22;credit_card;da Mata;PE;shipped;parceiro_c
f258325f-a7d9-99ea-38f0-24e3c797c134;CUST_12323;PROD_0300;9;1915.53;17239.77;2023-06-23;credit_card;Sampaio;SP;shipped;parceiro_c
b2837d03-7152-8bca-fe8c-801c023a348c;CUST_39446;PROD_4636;9;1506.06;13554.54;2023-06-24;debit_card;Azevedo;RN;delivered;parceiro_a
2e4a333b-008a-c2c0-addc-553962127074;CUST_08766;PROD_3082;5;2024.5;10122.5;2023-06-09;debit_card;Vieira das Pedras;SE;delivered;parceiro_b
b11ac462-688f-8c55-5948-95c5493d1df3;CUST_17614;PROD_4402;12;291.21;3494.52;2023-06-29;credit_card;Teixeira;RJ;shipped;parceiro_b
133a80c1-eb95-1de3-eb26-901dadd80514;CUST_40385;PROD_4228;4;4244.53;16978.12;2023-06-17;credit_card;da Rocha;PI;delivered;parceiro_a
9e3b7859-d71f-9640-82b7-e74491aebc24;CUST_09545;PROD_1931;1;3856.65;3856.65;2023-06-27;pix;Duarte da Serra;RJ;delivered;parceiro_a
a7a0e579-9bb3-c7b3-698d-e2c669a6db18;CUST_16435;PROD_1975;1;825.92;825.92;2023-06-29;pix;Vasconcelos da Prata;SP;delivered;parceiro_b
0f534262-0d0e-a937-191f-37ca2ed57f74;CUST_25491;PROD_2132;13;4594.55;59729.15;2023-06-06;debit_card;Freitas Paulista;RJ;delivered;parceiro_b
fa9b9932-b7e0-4920-8821-1d0bab7a179a;CUST_09369;PROD_3452;1;2365.39;2365.39;2023-06-24;credit_card;Novaes do Oeste;RS;cancelled;parceiro_c
d3d475d6-f39b-9b36-fbde-3c18314b9a8c;CUST_02233;PROD_2358;14;2306.92;32296.88;2023-06-10;debit_card;Costa;ES;shipped;parceiro_c
232aa5a1-efff-6d05-a5c3-b9151a2ab9fc;CUST_21837;PROD_0735;16;2573.52;41176.32;2023-06-09;credit_card;Cunha;SP;delivered;parceiro_a
8062900c-7be4-2544-aef7-79dc9125eb7f;CUST_35120;PROD_4395;14;1598.0;22372.0;2023-06-03;pix;Melo do Amparo;SP;delivered;parceiro_c
c03f4744-7df8-4a19-5590-a05b5e1f7dc8;CUST_17085;PROD_0011;19;1980.41;37627.79;2023-06-24;credit_card;Sousa;MG;delivered;parceiro_a
e448d4c1-41cc-4cb7-d55d-8f3bc103e4d2;CUST_26619;PROD_4365;20;1183.02;23660.4;2023-06-23;pix;da Cunha;AL;delivered;parceiro_a
19473c51-816a-f184-8c65-9a0dc83b2021;CUST_24871;PROD_1946;17;1638.11;27847.87;2023-06-26;pix;da Mota;SP;shipped;parceiro_c
c5b33d82-c679-ac29-5370-d2c000cea773;CUST_03360;PROD_0585;2;2962.09;5924.18;2023-06-14;pix;Costa;PE;shipped;parceiro_c
f298ba2c-9dea-87a9-4582-e77e1b7c8a52;CUST_31225;PROD_3337;8;3786.0;30288.0;2023-06-28;pix;Garcia da Prata;RJ;delivered;parceiro_a
3295f122-b60d-1529-cf35-e71c33421724;CUST_23042;PROD_0712;7;514.47;3601.29;2023-06-28;pix;Sales do Oeste;SP;delivered;parceiro_c
d2dbcd12-2c4e-86ac-15e0-11eaecc15bc6;CUST_12837;PROD_0165;13;2806.11;36479.43;2023-06-04;credit_card;Freitas de Minas;BA;delivered;parceiro_c
158c69ce-ce48-261d-0843-79454b6600e2;CUST_20878;PROD_4615;15;2388.05;35820.75;2023-06-05;credit_card;Alves das Flores;SC;delivered;parceiro_a
a77e79d3-09d7-e04a-6a8a-c2ce15c20b53;CUST_08487;PROD_4642;18;2601.19;46821.42;2023-06-17;boleto;Moura do Galho;SC;delivered;parceiro_c
9ec7d06e-97e3-68a7-3689-2558859b0e38;CUST_31202;PROD_4246;13;2867.22;37273.86;2023-06-25;pix;Rodrigues da Praia;MG;delivered;parceiro_a
8dc3d21d-0860-1901-9f2b-cff63752a076;CUST_31429;PROD_0837;19;3842.54;73008.26;2023-06-09;pix;Santos de Minas;PB;delivered;parceiro_a
f3fd26fc-93c3-fb34-4cd8-d6a812478a62;CUST_47671;PROD_1832;14;3151.48;44120.72;2023-06-02;pix;Mendes dos Dourados;RS;delivered;parceiro_c
8e33782e-e3ec-1830-1d8a-b81d3066f478;CUST_29422;PROD_2224;12;2786.48;33437.76;2023-06-06;debit_card;Fernandes Verde;BA;delivered;parceiro_c
12fb71ea-7976-415e-b89e-a66516cf5b30;CUST_00791;PROD_4310;3;854.53;2563.59;2023-06-20;debit_card;Costela;RS;shipped;parceiro_b
37052f83-7933-d17c-1246-b0ecbcc9cf64;CUST_02507;PROD_0490;2;3863.54;7727.08;2023-06-25;boleto;Jesus do Galho;DF;pending;parceiro_b
bb24b2a3-3097-b880-fa22-b9d9c41ebeb4;CUST_03920;PROD_4887;9;3839.32;34553.88;2023-06-02;credit_card;Azevedo;MA;delivered;parceiro_b
09d795a1-c630-8f3c-b2c5-68d6d9a318ca;CUST_44882;PROD_2031;9;4104.27;36938.43;2023-06-21;credit_card;da Cruz;RJ;delivered;parceiro_b
316478f9-917f-b310-080b-f2bd772c1116;CUST_06916;PROD_4304;9;1710.43;15393.87;2023-06-17;debit_card;Sales de Siqueira;SP;delivered;parceiro_c
e0fbac69-5972-853e-dec5-b60060b8dc20;CUST_23280;PROD_0154;3;1094.3;3282.9;2023-06-11;credit_card;das Neves;BA;delivered;parceiro_c
6cabc69f-07c0-ccd1-9e83-75d2c214fce2;CUST_01092;PROD_2480;13;3846.72;50007.36;2023-06-01;credit_card;Cavalcanti Alegre;RJ;delivered;parceiro_a
2526a5c7-067c-02ff-8320-4fbcf53797d8;CUST_42009;PROD_4744;15;938.7;14080.5;2023-06-26;pix;Cassiano de Minas;MA;shipped;parceiro_c
340e8897-154e-d9a9-c5bd-6dc05df7cf44;CUST_42179;PROD_3375;14;2986.52;41811.28;2023-06-14;credit_card;Farias da Praia;SP;cancelled;parceiro_a
f55607e7-91d0-d03f-6cf9-692c4c334a22;CUST_38820;PROD_3994;6;679.81;4078.86;2023-06-07;boleto;Vasconcelos do Sul;PR;shipped;parceiro_a
807e363a-f75a-b9e7-fdfa-5222114d4947;CUST_32315;PROD_0024;2;3417.45;6834.9;2023-06-28;debit_card;Carvalho de Sales;PB;delivered;parceiro_b
d9cc2a1f-7fe1-1e90-4c47-c94f2eb8b8ac;CUST_16172;PROD_1213;15;1990.31;29854.65;2023-06-06;debit_card;Melo;RJ;delivered;parceiro_b
dde92736-4018-158c-a99d-3c5511048e35;CUST_04698;PROD_0059;9;431.89;3887.01;2023-06-15;debit_card;Garcia;SP;delivered;parceiro_a
ffaf2783-e1b3-174b-ee3c-738acff51c52;CUST_24814;PROD_2471;2;4999.39;9998.78;2023-06-17;pix;Martins do Norte;BA;delivered;parceiro_a
0c7f647a-a97c-e915-59b8-18c75114a781;CUST_30250;PROD_0211;7;3717.03;26019.21;2023-06-30;credit_card;Mendonça;SP;shipped;parceiro_a
9b49b370-c5fe-bff8-e8dc-d908d1f5c370;CUST_17959;PROD_2009;6;730.66;4383.96;2023-06-07;credit_card;Teixeira do Sul;SC;pending;parceiro_a
0810366c-c787-2aa5-9679-f4ca61bc951f;CUST_29461;PROD_2893;17;4682.47;79601.99;2023-06-06;pix;Pinto;SC;delivered;parceiro_a
4a2cbb53-a112-1984-bb6d-56ab4f6e1559;CUST_06337;PROD_0764;11;3745.68;41202.48;2023-06-02;debit_card;Moura Paulista;SP;delivered;parceiro_c
bd928df1-0635-9ac6-b383-7c29c4105b11;CUST_23181;PROD_4915;17;3392.9;57679.3;2023-06-20;boleto;Rodrigues Paulista;AM;delivered;parceiro_c
c47a0dbf-e2b7-1313-5e59-d47e930f275f;CUST_27886;PROD_1437;17;4998.77;84979.09;2023-06-13;credit_card;Azevedo;RS;shipped;parceiro_b
ca12696b-8ad0-640c-aad3-8a776d0e71c1;CUST_18831;PROD_1769;5;4956.23;24781.15;2023-06-06;boleto;Lopes;DF;cancelled;parceiro_c
0a923af3-a373-509d-c768-35e80578e024;CUST_24172;PROD_2810;1;2685.27;2685.27;2023-06-15;credit_card;Rodrigues;GO;delivered;parceiro_a
63c2f555-b144-88cc-4087-fc1f6e5a0f1f;CUST_27584;PROD_3468;16;971.41;15542.56;2023-06-15;pix;Machado do Oeste;PR;delivered;parceiro_c
be84dea6-0e4e-ec75-c4a1-645916f5a72d;CUST_14784;PROD_1044;3;4510.55;13531.65;2023-06-14;boleto;Barros;PE;cancelled;parceiro_c
43ea9612-d7b4-8751-6e62-e88852a4e0d5;CUST_45461;PROD_0781;8;183.49;1467.92;2023-06-06;boleto;Sampaio das Pedras;BA;delivered;parceiro_b
144926fc-3877-e8bf-32e3-0b7e81fa6387;CUST_43741;PROD_3961;16;205.91;3294.56;2023-06-09;credit_card;Fogaça;RJ;delivered;parceiro_a
d1aa0d96-2d28-a59f-83a2-216625bbbf24;CUST_49436;PROD_2247;9;4925.73;44331.57;2023-06-24;debit_card;Guerra;RR;cancelled;parceiro_b
0322ea69-d24f-fcd1-a1dc-cce6e3958ab9;CUST_18709;PROD_2518;7;606.46;4245.22;2023-06-04;pix;Teixeira;RJ;delivered;parceiro_a
a70d52df-0712-4ea2-24cb-821f53c0878b;CUST_22747;PROD_4852;5;1189.03;5945.15;2023-06-11;debit_card;Cirino de Goiás;BA;delivered;parceiro_b
ffbc6811-ff31-f4d0-606b-6e5cb53caeb8;CUST_35276;PROD_2283;4;4209.73;16838.92;2023-06-17;pix;Caldeira de Minas;PR;delivered;parceiro_a
8c76f55d-0ff5-9208-0496-5e6e3cf12311;CUST_09435;PROD_0698;5;3370.49;16852.45;2023-06-07;credit_card;da Mata das Flores;SP;cancelled;parceiro_c
599f891f-49b6-6e29-7630-b95e074b7c13;CUST_19830;PROD_1538;20;3578.1;71562.0;2023-06-24;pix;Nogueira;RJ;pending;parceiro_a
60c1e568-d52c-0488-a8c8-e888c161199d;CUST_14888;PROD_4086;13;115.09;1496.17;2023-06-25;credit_card;da Rocha;PR;shipped;parceiro_a
5848eeda-baab-1ee1-7262-e0b8e87904c5;CUST_20033;PROD_0085;13;2614.02;33982.26;2023-06-03;pix;Nunes;SP;shipped;parceiro_b
d104f88c-adc2-1681-a8aa-b79a5ba0f68f;CUST_28399;PROD_3587;2;4027.16;8054.32;2023-06-24;debit_card;Sousa;BA;delivered;parceiro_b
8104b51a-0f19-1eb4-fc2d-d46cb216c60d;CUST_21326;PROD_2546;2;3686.6;7373.2;2023-06-17;pix;Costa;SP;delivered;parceiro_b
ac01521a-9b9d-19df-46aa-de5ee0971795;CUST_04271;PROD_2357;7;3570.88;24996.16;2023-06-26;credit_card;Abreu do Oeste;ES;pending;parceiro_a
c5e5efc1-7c10-c25d-07ef-a5e10cc98b79;CUST_46601;PROD_4193;7;3419.71;23937.97;2023-06-08;debit_card;Sá da Praia;BA;delivered;parceiro_b
791a1958-a24a-5020-1f30-5905a1c9a427;CUST_27597;PROD_2872;13;1376.58;17895.54;2023-06-11;boleto;da Cruz;MG;delivered;parceiro_a
03cbeb7f-4eb7-099c-351e-859fb6b991c5;CUST_10078;PROD_1518;5;2918.46;14592.3;2023-06-23;boleto;Nascimento;PE;delivered;parceiro_c
085d2f20-e457-eda6-7988-768827a71083;CUST_31052;PROD_2817;12;847.94;10175.28;2023-06-18;credit_card;Ferreira dos Dourados;SP;delivered;parceiro_a
fcfa6c75-73f3-6658-ad73-444c339e89a1;CUST_44498;PROD_2848;8;1443.26;11546.08;2023-06-05;pix;das Neves;ES;pending;parceiro_c
e019d01a-239a-0fc1-13e4-1c655dfacfce;CUST_21765;PROD_4216;16;424.61;6793.76;2023-06-28;credit_card;Duarte;PR;pending;parceiro_a
abba3fa6-e39e-8031-6dd4-b840a1943b73;CUST_00831;PROD_4672;11;4781.41;52595.51;2023-06-11;pix;Carvalho Grande;MS;delivered;parceiro_c
281b6a02-b593-fd94-5cff-af628a7c8e0c;CUST_47757;PROD_2755;14;1835.57;25697.98;2023-06-07;credit_card;Azevedo do Oeste;SP;delivered;parceiro_b
d30ef1b8-0761-68b5-0a3c-2068b849c53b;CUST_46968;PROD_0477;8;2525.94;20207.52;2023-06-04;credit_card;da Mota do Campo;PR;cancelled;parceiro_c
e71d14c6-10b1-e6f1-2cb1-a39fb08bae26;CUST_01281;PROD_0920;9;3641.04;32769.36;2023-06-02;pix;Barros Alegre;GO;delivered;parceiro_b
79a892d6-c9f6-bb80-af4c-bbd9dcbbc0f7;CUST_03921;PROD_0304;17;163.57;2780.69;2023-06-08;pix;Nascimento;SP;pending;parceiro_b
15369fdb-a566-398a-8f1a-f891e07ddc50;CUST_21367;PROD_3032;12;401.67;4820.04;2023-06-27;debit_card;Garcia de Goiás;SC;delivered;parceiro_a
fc153c43-6cdd-df6b-4a93-ccfb38caef86;CUST_02588;PROD_1843;6;2532.13;15192.78;2023-06-21;debit_card;Pires;PA;delivered;parceiro_a
fa316828-52a2-8528-4011-fc89754bc810;CUST_10194;PROD_2498;18;282.58;5086.44;2023-06-29;pix;da Paz;SC;delivered;parceiro_b
ff6bbae1-43a8-9f4e-940d-c3d1fcd7e1b9;CUST_11375;PROD_4736;19;4986.37;94741.03;2023-06-28;pix;Teixeira;DF;pending;parceiro_b
13be09be-0843-755a-72f1-bfc5b916fd08;CUST_00637;PROD_2192;7;2511.1;17577.7;2023-06-25;debit_card;Azevedo dos Dourados;PR;delivered;parceiro_c
0d5ad2db-d549-d1d9-41b5-1ae5391c9433;CUST_24939;PROD_2966;17;98.7;1677.9;2023-06-02;credit_card;Moura;RJ;delivered;parceiro_b
c6fabd56-d4e2-73a6-0dd4-ffd3e473b800;CUST_29457;PROD_1006;11;4774.44;52518.84;2023-06-28;credit_card;Silveira da Prata;PA;pending;parceiro_c
6f6589e0-4da3-939d-9e41-419892676133;CUST_26562;PROD_4709;13;1663.61;21626.93;2023-06-13;pix;Montenegro;RS;pending;parceiro_a
50a775d8-0959-ec71-090d-4951dbb38b83;CUST_28620;PROD_0171;19;2441.41;46386.79;2023-06-30;debit_card;Costela;PR;pending;parceiro_c
161e247a-d61a-0efe-592a-7639f9195440;CUST_11278;PROD_4104;6;1405.78;8434.68;2023-06-27;debit_card;da Rosa;CE;delivered;parceiro_b
68af4e34-0215-e72a-741e-db768b5fd756;CUST_11073;PROD_2169;6;2073.52;12441.12;2023-06-11;credit_card;Duarte;RJ;delivered;parceiro_c
462d459f-4bb8-870b-3399-ce3eb7547a98;CUST_03963;PROD_1502;11;1506.59;16572.49;2023-06-13;boleto;Rios de Goiás;AL;delivered;parceiro_a
9d2f916e-2172-f9b9-6abc-ac206e2e5d35;CUST_30165;PROD_2470;1;3846.83;3846.83;2023-06-04;debit_card;Mendonça;BA;pending;parceiro_b
e0ea1f02-06d6-536d-7ea6-7d01f246de1b;CUST_45870;PROD_1998;20;2062.49;41249.8;2023-06-15;credit_card;Azevedo;RJ;shipped;parceiro_c
c237a447-f1cf-8c57-82a4-98b49022098e;CUST_37268;PROD_1761;7;3317.99;23225.93;2023-06-29;boleto;da Cunha de Freitas;SP;shipped;parceiro_a
3ebb3385-c937-71fa-fbe4-3f21475f4631;CUST_23080;PROD_2763;2;3242.27;6484.54;2023-06-12;boleto;Alves de Sá;SP;delivered;parceiro_b
bf3a7c56-939d-f447-b3d4-832d5caf1f1f;CUST_40555;PROD_4709;1;90.17;90.17;2023-06-25;debit_card;Sampaio do Campo;RN;delivered;parceiro_a
2beb6b7c-ec1f-6c16-a117-5269fab31b34;CUST_37919;PROD_0773;19;3023.23;57441.37;2023-06-11;debit_card;Moraes das Pedras;SP;delivered;parceiro_a
bb3d7d4b-6aba-074c-35b1-f95cd961776b;CUST_15553;PROD_1590;11;3521.75;38739.25;2023-06-09;credit_card;Lopes;PR;shipped;parceiro_a
b771efe1-1ecf-b269-de69-df14ae908685;CUST_49343;PROD_3015;20;402.89;8057.8;2023-06-04;pix;Cirino;RJ;pending;parceiro_a
9d7b732e-4347-5271-5945-0660fb61d8d6;CUST_06594;PROD_1566;12;3712.41;44548.92;2023-06-18;pix;Vieira;BA;delivered;parceiro_a
d5105f7d-0f00-35d0-ca54-cb22949e4712;CUST_00418;PROD_2493;14;782.8;10959.2;2023-06-28;credit_card;da Rosa;BA;delivered;parceiro_c
c24798ec-71be-cb93-281b-4293e37df2b0;CUST_49286;PROD_0356;18;1561.32;28103.76;2023-06-28;credit_card;Novais do Amparo;SP;delivered;parceiro_c
433c80a2-52eb-bbee-9635-c35b007328f7;CUST_38921;PROD_3965;7;2873.28;20112.96;2023-06-27;credit_card;Gomes de Duarte;MG;delivered;parceiro_c
ce87486d-fc9c-3ba4-72c3-3199615895c1;CUST_29074;PROD_2055;5;2074.02;10370.1;2023-06-26;boleto;Aragão Grande;RJ;pending;parceiro_c
0751ffc5-7e69-8233-dad5-0ceda4eac921;CUST_04360;PROD_4391;18;4591.6;82648.8;2023-06-06;pix;da Luz;BA;delivered;parceiro_b
5f653903-5c2e-fbef-35c7-c9f71704e9ac;CUST_48279;PROD_3676;12;3016.31;36195.72;2023-06-15;boleto;Macedo;DF;cancelled;parceiro_b
28b92cd8-6fa2-69d9-c777-2ba3872aaa97;CUST_46515;PROD_3568;20;3737.26;74745.2;2023-06-05;pix;Castro da Mata;SC;cancelled;parceiro_c
a2240ce7-67ed-1501-b1a9-848b04bf4c78;CUST_41340;PROD_2712;20;4775.5;95510.0;2023-06-13;boleto;Teixeira;MG;delivered;parceiro_b
136a158f-cb0f-b3eb-e2d8-be236bda50de;CUST_36809;PROD_2870;13;2966.91;38569.83;2023-06-07;pix;Almeida;MG;delivered;parceiro_a
b35670a1-8235-4084-e55c-084bea61dd6a;CUST_19968;PROD_1898;7;2798.86;19592.02;2023-06-14;credit_card;Cardoso;RJ;delivered;parceiro_b
6a1e4d13-2657-914e-0912-2292649e90da;CUST_19310;PROD_3360;3;2070.87;6212.61;2023-06-21;credit_card;Castro das Flores;MG;delivered;parceiro_a
57494c90-1e05-dd70-bbbb-4557078b3dd7;CUST_07134;PROD_1801;15;2575.2;38628.0;2023-06-27;credit_card;Rocha do Norte;BA;delivered;parceiro_b
46a4780a-827d-6429-e68c-53e4167d697d;CUST_07330;PROD_2491;8;4166.8;33334.4;2023-06-03;credit_card;Caldeira da Prata;SP;shipped;parceiro_a
c7f09b0a-79b2-4f7f-1dc3-6e109b558620;CUST_22891;PROD_2909;15;3969.01;59535.15;2023-06-27;pix;Gomes das Pedras;SC;pending;parceiro_a
d9aa50d7-850b-609a-ca46-4b0f0d5ee765;CUST_04233;PROD_0744;4;1779.59;7118.36;2023-06-27;credit_card;Porto do Oeste;MA;delivered;parceiro_c
fe82f7c1-8f9a-b86a-b112-c61a2275ce5f;CUST_44994;PROD_3767;19;4550.77;86464.63;2023-06-06;debit_card;Souza;CE;cancelled;parceiro_a
fa463fa0-d425-e960-c541-571c3e9d86e1;CUST_23747;PROD_1816;15;3427.91;51418.65;2023-06-23;boleto;Costela de Cunha;RS;delivered;parceiro_b
f7ac1247-dea7-4105-13e6-f4967e6344fd;CUST_31231;PROD_4850;9;385.05;3465.45;2023-06-01;boleto;Lima;BA;delivered;parceiro_c
e0b0a7d7-f7b2-dcfe-a097-9540d13b26bd;CUST_32940;PROD_3441;18;4543.84;81789.12;2023-06-11;credit_card;das Neves;PA;cancelled;parceiro_b
fa82d9da-fc83-489e-ffc1-07474277b69f;CUST_32496;PROD_1406;3;2504.86;7514.58;2023-06-19;credit_card;Cirino do Sul;CE;delivered;parceiro_a
5a0f19c1-4219-1eec-1163-93eb1e9f6cb9;CUST_43566;PROD_0665;3;844.76;2534.28;2023-06-02;debit_card;Sá;RJ;delivered;parceiro_b
dee5992d-3f94-97e5-90a8-ab060dc11a8d;CUST_15976;PROD_4489;2;4005.2;8010.4;2023-06-25;boleto;Sá da Praia;RJ;delivered;parceiro_b
05da587c-acc2-9bcb-218b-66aa75eb0167;CUST_10841;PROD_0207;13;4877.57;63408.41;2023-06-21;pix;Gomes;SP;delivered;parceiro_b
25d2945d-6860-408c-d04c-a39c9ea64d2a;CUST_07196;PROD_1602;9;3758.6;33827.4;2023-06-24;debit_card;Rezende do Campo;BA;delivered;parceiro_c
dcb04905-3ed8-3ef3-846d-a431c44d0a02;CUST_25762;PROD_3128;17;3820.29;64944.93;2023-06-07;boleto;Souza;SP;shipped;parceiro_a
994aef19-7344-ff9b-7781-69cd2a8ad150;CUST_25636;PROD_4637;1;1746.56;1746.56;2023-06-27;pix;Cavalcante Verde;PB;delivered;parceiro_c
fa95af5d-7b68-66b5-9855-954c6e4fa392;CUST_47804;PROD_1476;7;4025.02;28175.14;2023-06-02;credit_card;Melo;MG;shipped;parceiro_c
05cb3018-f0b0-74a5-d7b9-313483c2b532;CUST_23303;PROD_4134;12;3973.48;47681.76;2023-06-11;credit_card;Leão Verde;GO;delivered;parceiro_b
32143456-40ee-4701-66c9-a3c07c91004a;CUST_35130;PROD_3097;1;4245.48;4245.48;2023-06-23;pix;Viana de Rios;RS;delivered;parceiro_a
28053fc3-9a39-57ae-b185-0724347bc176;CUST_29030;PROD_3916;7;340.15;2381.05;2023-06-17;pix;Correia;MA;delivered;parceiro_a
d37ebeaa-81db-32d9-ba57-eab359938219;CUST_44599;PROD_4755;7;1523.19;10662.33;2023-06-15;pix;Casa Grande;PB;delivered;parceiro_a
9376b933-107f-b695-e3de-d6e9f7679c15;CUST_08890;PROD_1850;7;3553.18;24872.26;2023-06-24;pix;Montenegro da Mata;RJ;pending;parceiro_a
72e4fe5f-fcad-14b1-5afd-7745616422bf;CUST_09277;PROD_2789;12;35.99;431.88;2023-06-04;pix;Fernandes;CE;delivered;parceiro_a
b16b2d65-f02e-4af0-bb08-ed3dd87af533;CUST_20488;PROD_1982;11;4970.98;54680.78;2023-06-12;credit_card;da Mota;RJ;delivered;parceiro_b
e537d7d4-90ae-c8ab-8927-c0d443fe4478;CUST_41768;PROD_4238;14;937.89;13130.46;2023-06-13;pix;Vieira Grande;SC;delivered;parceiro_c
bd16dcd4-e55a-245e-7960-81c8b7bffa04;CUST_21298;PROD_2527;9;3306.94;29762.46;2023-06-22;pix;Carvalho do Norte;RJ;delivered;parceiro_a
525e0a38-0106-2f0c-f73e-ca7b3d3c1f11;CUST_34035;PROD_3637;12;955.41;11464.92;2023-06-27;pix;Aparecida do Galho;MA;cancelled;parceiro_b
51e38c9f-b2cb-c4d1-6110-f50b3df64ab9;CUST_04677;PROD_1567;19;2051.91;38986.29;2023-06-03;credit_card;Pereira de Goiás;PI;delivered;parceiro_c
4b51f95a-2ed6-964c-9ee6-a9e224218bcc;CUST_12975;PROD_0839;20;378.37;7567.4;2023-06-15;pix;Pimenta da Praia;CE;delivered;parceiro_c
d5d6abbe-6494-fcd3-c61a-48dd3daa360a;CUST_46938;PROD_2306;2;4289.85;8579.7;2023-06-16;debit_card;Câmara;RJ;delivered;parceiro_b
a3df9bd4-cd0d-0f1b-df70-f38d6b13c6f4;CUST_31005;PROD_2415;8;2213.35;17706.8;2023-06-14;credit_card;Viana;CE;delivered;parceiro_a
b1edf46e-a69c-dabe-a3d3-7eb5476f6643;CUST_04874;PROD_0705;11;1874.73;20622.03;2023-06-29;credit_card;Silveira das Pedras;PA;delivered;parceiro_c
4615c097-053f-f5c0-b7a5-803c68307f94;CUST_17011;PROD_3463;15;4408.39;66125.85;2023-06-13;pix;Campos;RS;delivered;parceiro_b
3f65f105-9f5e-41db-da7d-920bb5e95aed;CUST_34326;PROD_4680;8;2617.03;20936.24;2023-06-29;credit_card;Souza Verde;SP;delivered;parceiro_a
1052b711-bc78-c1c0-209d-eba803807f43;CUST_34796;PROD_0627;7;3795.16;26566.12;2023-06-27;debit_card;Montenegro;AM;pending;parceiro_b
007de935-763b-da83-7846-88cb2f69d88a;CUST_19328;PROD_0359;2;2510.12;5020.24;2023-06-28;pix;Pires das Flores;GO;delivered;parceiro_c
9d18409c-ba7d-4c55-e2c1-38d2be64df13;CUST_12936;PROD_4717;3;2554.69;7664.07;2023-06-24;pix;Campos;SP;delivered;parceiro_a
2c761aac-706c-7d8f-58a2-fee26b6cd09b;CUST_20318;PROD_4837;11;4686.7;51553.7;2023-06-08;credit_card;Pacheco;RS;delivered;parceiro_b
942ec702-6398-f3d1-efc7-a507dff20178;CUST_17344;PROD_0163;6;2981.29;17887.74;2023-06-15;debit_card;Caldeira;RJ;delivered;parceiro_a
fc3077b8-088b-03df-04fa-212b84f67453;CUST_42565;PROD_4250;15;4938.89;74083.35;2023-06-23;boleto;Siqueira de Novais;MG;pending;parceiro_b
82719e05-5e31-c813-c5a1-68db2870e3c5;CUST_09047;PROD_2745;15;1746.83;26202.45;2023-06-02;debit_card;Sá;RJ;pending;parceiro_c
97f13760-1c1c-7886-3673-ff4cc7e4f9ab;CUST_17074;PROD_3585;4;117.84;471.36;2023-06-13;credit_card;Brito das Flores;DF;delivered;parceiro_c
48bc6974-0da1-c4f2-5bd9-f52430cec7e8;CUST_05962;PROD_3733;20;2133.86;42677.2;2023-06-18;boleto;Albuquerque da Prata;RJ;shipped;parceiro_a
91484baa-f5a4-f63e-9b0d-65f0b926ffbf;CUST_42555;PROD_4271;17;3146.79;53495.43;2023-06-08;pix;Novais de Leão;SC;shipped;parceiro_c
79d4990c-7205-8184-3319-83e3853758e1;CUST_00407;PROD_1708;14;965.11;13511.54;2023-06-20;credit_card;Silveira do Sul;MG;delivered;parceiro_a
f8020c9c-7532-9e27-f50b-2e97ff8bfe8c;CUST_11692;PROD_4226;15;1260.89;18913.35;2023-06-01;debit_card;Macedo;SC;pending;parceiro_c
a5d2a9d1-a4d8-10d3-c8cc-ecb1cae1a56b;CUST_14117;PROD_3625;13;3620.72;47069.36;2023-06-14;debit_card;Andrade;CE;delivered;parceiro_b
6e5cbad6-19c9-e914-9612-a53a8ba9a0de;CUST_21218;PROD_1593;15;2017.8;30267.0;2023-06-24;pix;Duarte;RJ;shipped;parceiro_a
ec6b7579-f3db-b63b-56de-0cfbce81c8b7;CUST_48765;PROD_2815;10;4546.41;45464.1;2023-06-03;pix;Alves do Norte;RS;delivered;parceiro_b
384bbf4d-4f83-7d4e-99cf-ad07a7b093a1;CUST_07385;PROD_1599;18;3772.35;67902.3;2023-06-25;credit_card;da Mata de Camargo;ES;cancelled;parceiro_a
16778324-6287-f9aa-9e3b-5eb151b6fba1;CUST_44203;PROD_3741;16;4784.54;76552.64;2023-06-26;boleto;da Conceição Grande;SP;shipped;parceiro_c
9760341a-86ef-c0b7-849f-79d9c4a023ec;CUST_48360;PROD_0300;7;784.59;5492.13;2023-06-30;pix;Cavalcanti de Nunes;RJ;cancelled;parceiro_c
b332d914-bd18-59ed-7930-fad805cfbb52;CUST_08815;PROD_0581;2;3884.03;7768.06;2023-06-24;boleto;Casa Grande;RJ;delivered;parceiro_c
dd8de0f0-213c-f5ba-1535-6b6c52a15419;CUST_11807;PROD_1558;4;653.53;2614.12;2023-06-27;credit_card;das Neves;SP;pending;parceiro_c
4241ad7b-1a25-a7a1-cd34-aee7386f4320;CUST_07618;PROD_0696;17;2569.96;43689.32;2023-06-20;pix;Silva do Oeste;GO;delivered;parceiro_c
1bfe04ca-54d2-6886-8cc7-893af07cc042;CUST_03259;PROD_4491;13;4666.45;60663.85;2023-06-20;pix;Brito;PR;delivered;parceiro_b
a253460f-5a0c-a805-e9ab-3a97ceaf8e11;CUST_10400;PROD_4614;3;2556.3;7668.9;2023-06-05;debit_card;Azevedo;MA;cancelled;parceiro_b
7f2fa4af-ec87-f0fe-6805-db647f1aba45;CUST_07352;PROD_0783;5;4323.64;21618.2;2023-06-25;credit_card;Pastor;RS;delivered;parceiro_a
574c4322-3146-6595-3230-f7f25cbf128e;CUST_32974;PROD_4985;16;3454.21;55267.36;2023-06-26;debit_card;Alves da Prata;ES;delivered;parceiro_a
b0e7d32a-7c3b-5f35-5ff2-afe1c946abb9;CUST_12298;PROD_2293;18;4262.16;76718.88;2023-06-23;pix;Borges;BA;delivered;parceiro_c
c5f2a3fb-8e63-5493-cf81-b59658a2b642;CUST_31455;PROD_0874;20;704.11;14082.2;2023-06-19;debit_card;da Rosa;SE;pending;parceiro_b
c1a2bb1f-28e5-c3d3-7472-dc7f523e97df;CUST_34993;PROD_1013;6;1381.61;8289.66;2023-06-07;pix;Sousa de Lopes;AC;delivered;parceiro_a
ba331c76-1c25-10fd-ebf9-1435721fb140;CUST_13489;PROD_1669;13;463.61;6026.93;2023-06-18;pix;das Neves do Norte;RJ;delivered;parceiro_a
3b7d3383-fe6c-cbca-1061-ac055afb5ea0;CUST_35133;PROD_2761;11;3294.32;36237.52;2023-06-02;credit_card;Siqueira;AC;delivered;parceiro_b
b5bcecf7-b60e-57b7-12c2-29f666fae951;CUST_11833;PROD_0032;20;3214.41;64288.2;2023-06-16;pix;Araújo;SP;delivered;parceiro_a
575a7cc0-e618-5dc3-86fb-9c84547892bb;CUST_15550;PROD_4805;17;4822.5;81982.5;2023-06-22;debit_card;Mendes;PR;delivered;parceiro_a
adf9295d-727d-02b5-e462-5fc2fcd36552;CUST_22335;PROD_0850;19;638.81;12137.39;2023-06-30;debit_card;Abreu do Sul;BA;shipped;parceiro_a
5e030754-c090-12f1-6d70-a43caf183b41;CUST_18247;PROD_3220;4;1941.9;7767.6;2023-06-12;credit_card;Araújo;SC;delivered;parceiro_c
1971fbb2-df38-59bd-ad3f-7d3b9c56f3ee;CUST_26920;PROD_0992;18;4902.28;88241.04;2023-06-30;credit_card;Cirino;SP;delivered;parceiro_c
6afdd883-b6ca-ba5b-6964-e6b68fc3fa94;CUST_41730;PROD_4778;12;402.77;4833.24;2023-06-17;debit_card;Siqueira;MS;delivered;parceiro_c
de884ad2-e78a-aa9c-50ed-75c7be2f0448;CUST_27256;PROD_3643;7;1405.68;9839.76;2023-06-19;debit_card;Costa;SP;delivered;parceiro_a
022250b7-462a-3f5b-f224-a00f964fb9f5;CUST_46432;PROD_0367;15;595.78;8936.7;2023-06-15;credit_card;Santos Verde;MG;delivered;parceiro_a
67e0dbcf-af9f-fd90-7545-a222e8475f8e;CUST_33451;PROD_3301;6;96.93;581.58;2023-06-14;pix;Santos da Serra;MG;pending;parceiro_a
6d10b02d-45ef-175c-2a6a-ca96fd1accbb;CUST_14800;PROD_3013;7;1921.98;13453.86;2023-06-10;debit_card;Porto Paulista;SC;delivered;parceiro_a
83592da0-4a0c-d2eb-edd1-f44d0d0d06fc;CUST_49632;PROD_4659;12;2788.17;33458.04;2023-06-18;pix;Duarte;SP;delivered;parceiro_c
8deadd83-aa1a-f862-7827-cfd8dbfd56e0;CUST_39979;PROD_1835;9;1585.9;14273.1;2023-06-04;credit_card;Cardoso de Goiás;SP;delivered;parceiro_a
e7d2d8ed-d57f-849e-5622-f29ad5274db1;CUST_05728;PROD_2418;10;3378.75;33787.5;2023-06-02;boleto;Leão;ES;delivered;parceiro_a
555fc406-8268-f4ec-9de6-c220961d43d9;CUST_03162;PROD_2639;4;4185.05;16740.2;2023-06-24;credit_card;Pinto de Monteiro;CE;cancelled;parceiro_b
9b3ab682-ab3f-5215-0469-7110e5a253f0;CUST_00933;PROD_3873;17;3220.06;54741.02;2023-06-03;credit_card;Marques;AM;delivered;parceiro_b
16e9d290-8428-a21c-0baf-feb86711814e;CUST_23232;PROD_2143;19;339.08;6442.52;2023-06-13;credit_card;Ramos do Amparo;PA;delivered;parceiro_b
cc9ee95b-6d6d-a773-b903-218667a27882;CUST_27149;PROD_3604;3;3606.11;10818.33;2023-06-16;pix;Carvalho de Minas;CE;pending;parceiro_b
ed13e845-9a5b-4c24-ec3c-fb02a2ec6020;CUST_11877;PROD_0796;7;3968.66;27780.62;2023-06-26;credit_card;Albuquerque de da Cunha;RR;delivered;parceiro_c
06f800b6-9b40-228f-8c1f-0dea278edaed;CUST_35010;PROD_0376;2;4381.64;8763.28;2023-06-24;pix;Correia;PB;cancelled;parceiro_b
2ecb3c84-cfd3-187e-0958-35d573a82b41;CUST_28751;PROD_2670;9;3213.8;28924.2;2023-06-19;boleto;Cunha;PR;delivered;parceiro_a
4d927d85-9b44-6cc3-1904-30e06de375d8;CUST_30666;PROD_0781;5;4628.95;23144.75;2023-06-16;credit_card;da Mota das Pedras;MG;delivered;parceiro_c
d19fef18-f3d1-51c4-236d-93fcc2ba4d26;CUST_13629;PROD_4752;15;2258.79;33881.85;2023-06-01;credit_card;Ramos de Campos;ES;shipped;parceiro_c
73980edd-945b-7ed7-b226-a49c74cf1f16;CUST_13032;PROD_4065;1;687.37;687.37;2023-06-24;pix;Teixeira de Castro;DF;shipped;parceiro_b
662930a7-763f-fddd-e93a-54ea5e07bb44;CUST_32353;PROD_4965;19;559.78;10635.82;2023-06-13;debit_card;Moreira de Minas;MG;delivered;parceiro_a
9102488e-af41-490f-5e22-34489e200b5d;CUST_24786;PROD_4349;3;3033.57;9100.71;2023-06-18;boleto;Albuquerque de Goiás;RO;delivered;parceiro_b
b8cdea7f-1657-5d36-332f-a21a1aca47d2;CUST_18884;PROD_1761;20;687.09;13741.8;2023-06-09;debit_card;da Rocha;RJ;delivered;parceiro_a
e2c92da6-dd16-036f-c56d-eb7ee663579e;CUST_49811;PROD_2885;1;4035.47;4035.47;2023-06-23;credit_card;Rezende;BA;delivered;parceiro_b
1b00b0fd-e189-3086-9774-a956324c87d6;CUST_49143;PROD_2568;10;2106.84;21068.4;2023-06-25;boleto;Macedo;PA;delivered;parceiro_a
5ab0fef4-4468-5537-37f1-da4eb5796713;CUST_15412;PROD_2994;17;1600.98;27216.66;2023-06-16;pix;Machado de Pastor;RJ;delivered;parceiro_b
a780f663-36a7-998e-5007-4665329cdf76;CUST_45920;PROD_4081;15;465.36;6980.4;2023-06-13;credit_card;Rodrigues;PR;delivered;parceiro_a
cf3728f2-cea0-1e33-aca7-5f26d957dd5d;CUST_30403;PROD_0403;11;4682.36;51505.96;2023-06-09;credit_card;Sá;PR;delivered;parceiro_c
6cf56f0f-a1c1-9957-db76-a4ed839c2d36;CUST_18957;PROD_4790;4;2635.03;10540.12;2023-06-18;boleto;Cirino;RJ;delivered;parceiro_a
3ee50fce-a8b0-88c6-a44e-ac61f9267da7;CUST_37681;PROD_1296;7;269.89;1889.23;2023-06-17;pix;Almeida do Sul;MG;delivered;parceiro_a
f3a1efb5-05c5-f0f2-d048-e7bcf69d92ca;CUST_18758;PROD_1665;6;2427.13;14562.78;2023-06-10;boleto;Correia;MA;delivered;parceiro_a
51ebcceb-d3bf-15cb-1745-dab7520c1edc;CUST_46774;PROD_3606;12;2612.79;31353.48;2023-06-09;credit_card;Nogueira;MT;cancelled;parceiro_b
68a023ca-92c8-3677-ab15-04d535888bac;CUST_09463;PROD_4928;8;3604.83;28838.64;2023-06-18;credit_card;Novaes Paulista;PR;delivered;parceiro_b
4f35eb37-0a20-24ca-b177-de210e26fe18;CUST_25284;PROD_1612;17;4949.23;84136.91;2023-06-30;pix;da Luz Alegre;MG;cancelled;parceiro_c
b5e3a745-a947-5488-a677-a264c7c47ff9;CUST_40482;PROD_2184;10;788.93;7889.3;2023-06-05;credit_card;Gonçalves do Oeste;RJ;delivered;parceiro_b
79ee0867-38ba-d2a5-d9f3-e96f1e5b9d26;CUST_24860;PROD_4472;3;4260.92;12782.76;2023-06-23;pix;Casa Grande de Araújo;ES;delivered;parceiro_b
dcd2fa21-6db6-aa3b-a2b3-82b6c9c5b3d6;CUST_41604;PROD_1401;15;737.72;11065.8;2023-06-26;pix;Costela de Cirino;PR;shipped;parceiro_c
1a8e0b48-469a-6eaa-0f26-0e4ae79cbe86;CUST_15339;PROD_2676;13;2890.93;37582.09;2023-06-24;pix;da Conceição de Goiás;SP;delivered;parceiro_b
dd06ea3e-5943-b488-fe67-012c6c87024e;CUST_07629;PROD_1195;13;2484.48;32298.24;2023-06-27;credit_card;Borges;SC;pending;parceiro_c
a34761db-07dd-566e-0514-a64bbb860bd7;CUST_38023;PROD_1062;7;471.39;3299.73;2023-06-25;debit_card;Barbosa do Sul;RJ;shipped;parceiro_b
54268857-1336-cdcb-5e31-aaf1ffcbed85;CUST_04590;PROD_3364;19;1575.28;29930.32;2023-06-25;pix;Gonçalves de Moraes;SC;delivered;parceiro_a
bdad8426-a687-12c9-3820-9bd530d48c96;CUST_02259;PROD_2644;18;3690.45;66428.1;2023-06-27;pix;Mendes;MG;delivered;parceiro_b
d11fb8d7-b9eb-1b40-e606-3fc8977a882f;CUST_15019;PROD_0400;18;1801.61;32428.98;2023-06-24;pix;Borges dos Dourados;SP;shipped;parceiro_a
6fafc52b-1b83-0c00-f7ec-d8bc3f153d9b;CUST_27361;PROD_0897;5;4323.44;21617.2;2023-06-13;pix;Nascimento de Cavalcanti;RJ;delivered;parceiro_a
a992ae54-d198-014b-2525-19eec7fc981d;CUST_30948;PROD_3400;6;2356.11;14136.66;2023-06-21;boleto;Silva;SC;delivered;parceiro_a
c75c4111-2603-9f78-83f3-19fe64ac3753;CUST_22579;PROD_1413;1;2326.47;2326.47;2023-06-26;pix;Caldeira da Praia;MG;delivered;parceiro_b
85f62ddf-6657-80b5-d110-254b3d7f49da;CUST_35027;PROD_4713;12;85.34;1024.08;2023-06-19;pix;Alves da Serra;SP;delivered;parceiro_a
243c3c42-7879-e45c-fb91-a87f6d558dfb;CUST_30218;PROD_1016;8;4994.31;39954.48;2023-06-26;debit_card;Monteiro do Amparo;BA;shipped;parceiro_b
1c9ec4bb-22c6-50f7-9539-925e7c543647;CUST_30454;PROD_3637;7;4716.98;33018.86;2023-06-05;boleto;Leão de Mendes;BA;delivered;parceiro_b
f9dd0500-51cd-6c2a-955c-f37a016623c0;CUST_25691;PROD_1881;11;4005.63;44061.93;2023-06-21;credit_card;Ferreira de Lopes;RJ;delivered;parceiro_a
0d2fe051-d6df-c968-e329-f0edbf566143;CUST_33372;PROD_0905;3;1565.09;4695.27;2023-06-30;credit_card;Rocha;SP;delivered;parceiro_b
b3a04824-9098-857e-2c91-7ea27a583979;CUST_48969;PROD_4089;12;3319.78;39837.36;2023-06-01;debit_card;Fogaça Alegre;PA;delivered;parceiro_c
7fd1e459-d6f6-2e53-73e1-ae00abe02879;CUST_49410;PROD_4231;7;902.43;6317.01;2023-06-24;debit_card;Melo;RJ;delivered;parceiro_a
6f545e0a-0ef1-2a7e-32f8-50daa7d75b53;CUST_08598;PROD_0640;9;3051.8;27466.2;2023-06-14;pix;Machado;DF;cancelled;parceiro_b
b7b271ea-5e8b-d90f-4f9e-1b552985a4b9;CUST_47843;PROD_3644;9;4644.82;41803.38;2023-06-13;credit_card;Caldeira;SP;delivered;parceiro_b
e93263f7-4603-3a63-7609-cbd07a95e0b9;CUST_08252;PROD_4512;18;471.22;8481.96;2023-06-27;credit_card;Ramos da Prata;ES;delivered;parceiro_a
05ccbe0c-bd29-7c7e-4f3b-58ab0f678bee;CUST_08967;PROD_3018;20;3406.62;68132.4;2023-06-28;credit_card;Jesus;MA;delivered;parceiro_a
686db35f-eb25-e174-764a-03cccf66932a;CUST_47695;PROD_1634;1;4043.97;4043.97;2023-06-01;credit_card;Lima das Flores;PR;shipped;parceiro_b
765ed67b-212a-c415-6707-834035892d1a;CUST_12559;PROD_4089;8;1879.61;15036.88;2023-06-01;pix;Macedo;BA;delivered;parceiro_b
eb6ad751-11a0-5d7e-4309-8d9e100ce05c;CUST_32044;PROD_4626;15;3752.72;56290.8;2023-06-05;credit_card;Ferreira;GO;shipped;parceiro_b
886637b0-67dd-6da9-c913-b2d2a82ece65;CUST_10759;PROD_3588;18;2835.79;51044.22;2023-06-17;pix;Barros da Prata;BA;delivered;parceiro_a
c3ba1a9b-0f21-a43d-afd5-45fa8f14278d;CUST_27432;PROD_1353;1;943.79;943.79;2023-06-13;boleto;Rezende;RJ;delivered;parceiro_b
acaec0e4-5add-3943-ddc7-2298174d11d5;CUST_03203;PROD_3683;5;3770.52;18852.6;2023-06-08;pix;Brito do Oeste;RN;cancelled;parceiro_a
47108a69-6d9c-27b0-bb5f-ec963619520b;CUST_41687;PROD_0658;9;4501.03;40509.27;2023-06-26;pix;da Cruz;PR;shipped;parceiro_c
2580cb51-ea86-8223-d3cb-283e8a51a226;CUST_07412;PROD_1757;11;2563.58;28199.38;2023-06-30;pix;Andrade;CE;delivered;parceiro_a
cdbacdd4-71ed-17ed-a6a1-f27ca7bdab38;CUST_31073;PROD_4447;9;3307.41;29766.69;2023-06-13;boleto;Castro;MG;delivered;parceiro_c
ebc2b398-65e8-403d-df7c-95ffe7272585;CUST_48888;PROD_2943;5;3610.88;18054.4;2023-06-22;credit_card;Sales da Prata;MG;delivered;parceiro_b
624ce76a-ac94-bde8-9ced-8d3e5d60d481;CUST_30659;PROD_0540;17;3151.07;53568.19;2023-06-16;credit_card;Abreu;RJ;shipped;parceiro_c
0e53f9bf-8058-59f9-4f28-c31e3a543595;CUST_34001;PROD_2760;18;162.77;2929.86;2023-06-09;credit_card;Borges de Sousa;CE;delivered;parceiro_c
bd232d52-d081-745b-5075-194bc3c55a3d;CUST_03239;PROD_1449;6;2114.24;12685.44;2023-06-22;pix;Peixoto;RS;delivered;parceiro_a
cbb38c89-b475-bfd3-edfb-1e5dd67a84cf;CUST_30343;PROD_2898;5;4781.31;23906.55;2023-06-04;pix;Cavalcante;PE;delivered;parceiro_a
9256e5e8-e9fa-a09a-948f-146a98a0958f;CUST_05887;PROD_1043;8;1480.53;11844.24;2023-06-02;debit_card;Pinto;RN;delivered;parceiro_b
189ce101-2eb6-e1fd-ab9e-0200b8cb8c24;CUST_41404;PROD_2282;14;2455.61;34378.54;2023-06-08;pix;da Costa;BA;delivered;parceiro_c
a8f7823d-51e3-2bd0-1b27-e6234c5d41bf;CUST_13702;PROD_4637;17;1957.17;33271.89;2023-06-14;pix;Campos;BA;delivered;parceiro_b
a30468a1-154f-f95a-8434-6b06eecbce52;CUST_06179;PROD_0823;5;106.77;533.85;2023-06-29;credit_card;Câmara de Goiás;GO;delivered;parceiro_a
3cc7e13a-799c-f544-2f4b-6ab73a692f8d;CUST_24814;PROD_2280;6;4751.0;28506.0;2023-06-25;credit_card;Jesus de Caldeira;SC;delivered;parceiro_b
8559cb00-c67f-37b6-8b85-c51f1c491c86;CUST_13308;PROD_1304;4;3258.48;13033.92;2023-06-17;boleto;Freitas do Sul;DF;delivered;parceiro_c
7961ce14-1cb6-351d-9cf3-706f08dacd1d;CUST_09066;PROD_0338;4;1233.01;4932.04;2023-06-21;pix;Cavalcante do Galho;SP;delivered;parceiro_b
10575c24-f3b8-7dde-a4da-eb6131396ecf;CUST_14516;PROD_0863;16;1447.1;23153.6;2023-06-17;debit_card;Cunha de Almeida;BA;pending;parceiro_a
1cbd1640-0426-a4fe-d0ce-c26b867638b8;CUST_26852;PROD_1196;13;3392.62;44104.06;2023-06-27;credit_card;Albuquerque das Pedras;RJ;shipped;parceiro_b
f4ede9bc-d69b-ce0d-413b-a0d702ce41ab;CUST_33555;PROD_2321;18;3314.05;59652.9;2023-06-15;pix;Sá;SC;delivered;parceiro_c
bb1c88c8-6a29-b081-c091-be02f962762b;CUST_05504;PROD_3141;4;56.63;226.52;2023-06-19;credit_card;Nascimento Grande;RS;delivered;parceiro_b
956135e2-7b3b-4cbf-5281-ff86c8b4c1b7;CUST_46658;PROD_3125;10;440.61;4406.1;2023-06-20;credit_card;Leão da Praia;SP;pending;parceiro_b
11c2424b-f03b-4eeb-8be9-871b2bbea74d;CUST_00236;PROD_2878;13;2761.12;35894.56;2023-06-17;boleto;Costela de Casa Grande;SP;delivered;parceiro_b
85c90ce5-cd8f-b4f2-41e3-8399e86fd032;CUST_11891;PROD_1447;10;1493.47;14934.7;2023-06-16;credit_card;Nogueira de Câmara;ES;delivered;parceiro_c
57c37b3e-2abb-a725-8213-52e6f1e06800;CUST_38245;PROD_0870;7;1780.29;12462.03;2023-06-05;debit_card;Santos;MA;pending;parceiro_a
a78d7208-c714-8daa-01eb-ba033a2d0caa;CUST_14565;PROD_4980;14;2475.32;34654.48;2023-06-24;debit_card;Azevedo;RS;delivered;parceiro_c
a9ee8fc6-f413-86b7-20b0-94e74da1a80b;CUST_39042;PROD_1347;18;798.31;14369.58;2023-06-12;boleto;Pastor;AL;delivered;parceiro_b
